rank	molecularFormula	adduct	precursorFormula	ZodiacScore	SiriusScore	TreeScore	IsotopeScore	numExplainedPeaks	explainedIntensity	medianMassErrorFragmentPeaks(ppm)	medianAbsoluteMassErrorFragmentPeaks(ppm)	massErrorPrecursor(ppm)	lipidClass
1	C43H86N2O13	[M - H2O + H]+	C43H84N2O12	0.9999999999999999	44.71164059745007	41.799360745177964	2.9122798522721043	18	0.5628970775095298	9.321065330190914	9.321065330190914	-21919.632255591878	
2	C46H84N3O10	[M - H2O + H]+	C46H82N3O9	0.0	36.674265218296945	35.83714207116871	0.8371231471282408	20	0.6077933079203726	4.72150701546058	6.308177315823415	-21922.89423292503	
3	C50H82N2O8	[M - H2O + H]+	C50H80N2O7	0.0	29.50455954829142	29.50455954829142	0.0	18	0.45743329097839885	6.106401963781991	6.106401963781991	-21912.48382524563	
4	C48H86O11	[M - H2O + H]+	C48H84O10	0.0	25.877443951385445	25.877443951385445	0.0	15	0.37484116899618797	4.134388083642869	4.365368536226082	-21924.528442094434	
5	C55H82O6	[M - H2O + H]+	C55H80O5	0.0	22.996952955648595	22.996952955648595	0.0	12	0.30707327403642526	3.557713561141136	4.761558758737291	-21917.380011748042	
6	C51H84NO8	[M - H2O + H]+	C51H82NO7	0.0	21.77973476739664	21.77973476739664	0.0	17	0.42397289284201606	2.830162072609611	4.365368536226082	-21927.790419427583	
7	C53H80N3O5	[M - H2O + H]+	C53H78N3O4	0.0	20.96158775350547	20.96158775350547	0.0	17	0.42397289284201606	2.830162072609611	4.365368536226082	-21915.745802578775	
8	C58H80NO3	[M - H2O + H]+	C58H78NO2	0.0	7.4569997111036175	7.4569997111036175	0.0	12	0.2926725963574756	4.209826566657766	4.72150701546058	-21920.641989081196	
