rank	molecularFormula	adduct	precursorFormula	ZodiacScore	SiriusScore	TreeScore	IsotopeScore	numExplainedPeaks	explainedIntensity	medianMassErrorFragmentPeaks(ppm)	medianAbsoluteMassErrorFragmentPeaks(ppm)	massErrorPrecursor(ppm)	lipidClass
1	C38H78O13	[M + Na]+	C38H78O13	0.9994974874371858	126.76612483777538	122.48047928564608	4.2856455521293	32	0.6342983792769078	-1.158148335418545	5.131146421701144	0.6202955203391565	
2	C45H74O8	[M + Na]+	C45H74O8	5.025125628140704E-4	119.80292649256677	119.80292649256677	0.0	29	0.6010527773929905	-2.10869542209885	5.019306208808918	8.292362959180638	
3	C44H74N2O7	[M + Na]+	C44H74N2O7	0.0	116.55522120407996	116.55522120407996	0.0	29	0.6010527773929905	-2.4881836140851714	5.019306208808918	-6.381552122501893	
4	C36H76N3O12	[M + Na]+	C36H76N3O12	0.0	116.16384772333254	111.52051078657016	4.643336936762381	30	0.6143510181465575	-1.9187581261742053	4.8527972762717315	2.374213842201897	
5	C41H76NO10	[M + Na]+	C41H76NO10	0.0	114.62879083671467	112.83215590421845	1.7966349324962183	31	0.6222468485939878	-2.4079026771267174	5.019306208808918	-2.8806283009328615	
6	C48H72NO5	[M + Na]+	C48H72NO5	0.0	108.66624877950193	108.66624877950193	0.0	31	0.6214157085468898	-1.6818177889084234	5.242986634593372	4.791439137908619	
7	C51H70N2O2	[M + Na]+	C51H70N2O2	0.0	107.3535367766556	107.3535367766556	0.0	30	0.6115805513228975	-1.8952566055036368	4.975554482370109	1.290515316488095	
8	C47H72N3O4	[M + Na]+	C47H72N3O4	0.0	101.82444648557292	101.82444648557292	0.0	25	0.5002077850117743	-1.6818177889084234	5.53328026983731	-9.88247594377391	
9	C56H70	[M + Na]+	C56H70	0.0	14.017771572094068	14.017771572094068	0.0	8	0.13422911760631662	9.302809169869679	9.839708967064729	-3.9643268266466634	
