rank	molecularFormula	adduct	precursorFormula	ZodiacScore	SiriusScore	TreeScore	IsotopeScore	numExplainedPeaks	explainedIntensity	medianMassErrorFragmentPeaks(ppm)	medianAbsoluteMassErrorFragmentPeaks(ppm)	massErrorPrecursor(ppm)	lipidClass
1	C18H32O2	[M + H]+	C18H32O2	0.9999999999999999	54.65276039364376	54.65276039364376	0.0	10	0.600990643918547	1.856343752451489	2.29170944300863	2.8256194197482984	
1	C18H34O3	[M - H2O + H]+	C18H32O2	0.9999999999999999	54.65276039364376	54.65276039364376	0.0	11	0.600990643918547	1.856343752451489	2.29170944300863	-64035.12445271946	
2	C16H30N3O	[M + H]+	C16H30N3O	0.0	45.40030609289022	45.40030609289022	0.0	10	0.600990643918547	1.856343752451489	2.29170944300863	7.5996358075604915	
2	C16H32N3O2	[M - H2O + H]+	C16H30N3O	0.0	45.40030609289022	45.40030609289022	0.0	11	0.600990643918547	1.856343752451489	2.29170944300863	-64030.35043633185	
