rank	molecularFormula	adduct	precursorFormula	ZodiacScore	SiriusScore	TreeScore	IsotopeScore	numExplainedPeaks	explainedIntensity	medianMassErrorFragmentPeaks(ppm)	medianAbsoluteMassErrorFragmentPeaks(ppm)	massErrorPrecursor(ppm)	lipidClass
1	C33H68N3O4	[M + Na]+	C33H68N3O4	0.9999999999999999	28.14690023009129	23.93201580102772	4.214884429063569	18	0.4720442632498545	0.5767210377870677	3.0783161545258944	3.7674512411527896	
2	C35H68N3O5	[M - H2O + H]+	C35H66N3O4	0.0	16.3564559124917	12.885357407925806	3.471098504565895	10	0.21258008153756555	3.304054091135461	3.304054091135461	-30346.009868770965	
3	C35H70O5	[M + Na]+	C35H70O5	0.0	8.328771804053549	4.378399421672924	3.9503723823806247	4	0.024170064065230056	-3.4173918779265176	3.4173918779265176	1.5051835767118302	
4	C37H70O6	[M - H2O + H]+	C37H68O5	0.0	5.990238852479237	4.0543753283340225	1.9358635241452145	3	0.08940011648223646	1.2912733106397936	3.5687786079598407	-30348.272136435215	
5	C40H68NO3	[M - H2O + H]+	C40H66NO2	0.0	3.7380524561529214	3.7380524561529214	0.0	6	0.1767617938264415	-1.727286803452591	6.7931229942876445	-30352.787755354184	
6	C44H66O	[M - H2O + H]+	C44H64	0.0	2.6929385325153383	2.6929385325153383	0.0	2	0.0	7.61820374077166	7.61820374077166	-30338.37642471936	
7	C38H68NO2	[M + Na]+	C38H68NO2	0.0	-1.1763880069786383	-1.9546674742563195	0.7782794672776812	8	0.14239953407105418	-3.6611001376376677	3.7883431359538986	-3.0104353420684817	
