rank	formulaRank	ConfidenceScore	CSI:FingerIDScore	molecularFormula	adduct	InChIkey2D	InChI	name	smiles	xlogp	pubchemids	links	dbflags
1	1	0.09305140128785196	-245.7204593200348	C32H50O4	[M + H]+	QEMIUYHLZNNZQN	InChI=1S/C32H50O4/c1-19(16-22-17-20(2)27(34)36-22)23-10-12-30(7)25-9-8-24-28(4,5)26(35-21(3)33)11-13-31(24)18-32(25,31)15-14-29(23,30)6/h19-20,22-26H,8-18H2,1-7H3	null	CC1CC(OC1=O)CC(C)C2CCC3(C2(CCC45C3CCC6C4(C5)CCC(C6(C)C)OC(=O)C)C)C	7.37137127	""	COCONUT:(CNP0287619);Natural Products:(UNPD88076);PNC:(LTS0258929 LTS0240596);SuperNatural:(SN00320502)	68722655232
2	1	N/A	-320.27747151927446	C32H50O4	[M + H]+	NWUYJACIJALREE	InChI=1S/C32H50O4/c1-21(2)24-11-12-26-30(6)15-13-25(23(4)10-8-9-22(3)19-27(33)34)29(30,5)17-18-32(26)20-31(24,32)16-14-28(35)36-7/h9,23-26H,1,8,10-20H2,2-7H3,(H,33,34)	null	CC(CCC=C(C)CC(=O)O)C1CCC2(C1(CCC34C2CCC(C3(C4)CCC(=O)OC)C(=C)C)C)C	7.65341091	""	COCONUT:(CNP0334701);Natural Products:(UNPD218293 UNPD156582);PNC:(LTS0220282);SuperNatural:(SN00260180)	68722655232