rank	formulaRank	ConfidenceScore	CSI:FingerIDScore	molecularFormula	adduct	InChIkey2D	InChI	name	smiles	xlogp	pubchemids	links	dbflags
1	1	0.5968316933797081	-8.454045828048649	C15H14O5	[M + H]+	RSYUFYQTACJFML	InChI=1S/C15H14O5/c16-9-3-1-8(2-4-9)15-13(19)7-11-12(18)5-10(17)6-14(11)20-15/h1-6,13,15-19H,7H2	epiafzelechin	C1C(C(OC2=CC(=CC(=C21)O)O)C3=CC=C(C=C3)O)O	1.89512014	282014;442154;443639;12309491;9943440;44512487;118886913;126590819	HMDB:(30822 30823);PNC:(LTS0203074);SuperNatural:(SN00036139 SN00036098 SN00002550 SN00351866);ZINC bio:(ZINC00968078 ZINC01721693 ZINC01721694);additional;MeSH:(442154 443639);Plantcyc:(CPD-10413 CPD-1962);PubMed;COCONUT:(CNP0119144);KNApSAcK:(937);Natural Products:(UNPD110613 UNPD69702 UNPD130292 UNPD167935);PubChem:(282014 442154 443639 12309491 9943440 44512487 118886913 126590819);CHEBI:(31028 2507);PubChem class - bio and metabolites;KEGG:(C12128 C09320);Training Set;Biocyc:(CPD-1962 CPD-10320 CPD-19096 CPD-10413 CPD-19099)	68740114814