rank	molecularFormula	adduct	precursorFormula	ZodiacScore	SiriusScore	TreeScore	IsotopeScore	numExplainedPeaks	explainedIntensity	medianMassErrorFragmentPeaks(ppm)	medianAbsoluteMassErrorFragmentPeaks(ppm)	massErrorPrecursor(ppm)	lipidClass
1	C20H29NO	[M - H2O + H]+	C20H27N	0.9999999999999999	39.07768134321973	39.07768134321973	0.0	24	0.8650647225115312	3.09572734082773	3.2795454064214287	-63813.85064403868	
1	C20H27N	[M + H]+	C20H27N	0.9999999999999999	39.07768134321973	39.07768134321973	0.0	23	0.8650647225115312	3.09572734082773	3.2795454064214287	3.0508845311504094	
2	C17H31NS	[M + H]+	C17H31NS	0.0	31.47915008594362	31.47915008594362	0.0	23	0.8650647225115312	3.076913429946037	3.5362182830165243	-8.894045979849324	
2	C17H33NOS	[M - H2O + H]+	C17H31NS	0.0	31.47915008594362	31.47915008594362	0.0	24	0.8650647225115312	3.076913429946037	3.5362182830165243	-63825.79557454987	
3	C15H33NS	[M + Na]+	C15H33NS	0.0	0.3018933195698139	0.3018933195698139	0.0	34	0.19721767594108028	2.8211697952445522	6.217534682021036	-0.36996264883060914	
