rank	molecularFormula	adduct	precursorFormula	ZodiacScore	SiriusScore	TreeScore	IsotopeScore	numExplainedPeaks	explainedIntensity	medianMassErrorFragmentPeaks(ppm)	medianAbsoluteMassErrorFragmentPeaks(ppm)	massErrorPrecursor(ppm)	lipidClass
1	C20H26O2	[M + Na]+	C20H26O2	0.9999999999999999	134.43743986586503	134.43743986586503	0.0	31	0.6680122494432069	2.04316406068558	4.912118030590285	0.5582598983612457	
2	C15H28N3OS	[M + Na]+	C15H28N3OS	0.0	111.95834396117178	111.95834396117178	0.0	37	0.7834075723830731	-0.914737526427928	5.168151192821918	-5.757286131345441	
3	C18H24N3O	[M + Na]+	C18H24N3O	0.0	103.32062251674229	103.32062251674229	0.0	28	0.6244432071269487	-0.9107540915968401	4.948221414251112	4.738697024336701	
