rank	formulaRank	ConfidenceScore	CSI:FingerIDScore	molecularFormula	adduct	InChIkey2D	InChI	name	smiles	xlogp	pubchemids	links	dbflags
1	1	N/A	-222.75010643828938	C24H34O4	[M + H]+	FEUZNFQHDSTKOI	InChI=1S/C24H34O4/c1-16(2)17-6-8-19-18(14-17)7-9-20-23(3,12-5-13-24(19,20)4)15-28-22(27)11-10-21(25)26/h6,8,14,16,20H,5,7,9-13,15H2,1-4H3,(H,25,26)	null	CC(C)C1=CC2=C(C=C1)C3(CCCC(C3CC2)(C)COC(=O)CCC(=O)O)C	5.69999981	46230266	COCONUT:(CNP0294642);KNApSAcK:(49968);Natural Products:(UNPD164564);PubChem:(46230266);PNC:(LTS0106545 LTS0207625);SuperNatural:(SN00358612);PubMed	68722655314
2	1	N/A	-281.7349990858193	C24H34O4	[M + H]+	JFLHYEYFMFJUNB	InChI=1S/C24H34O4/c1-15(2)18-8-9-20-19(12-18)21(28-17(4)26)13-22-23(5,14-27-16(3)25)10-7-11-24(20,22)6/h8-9,12,15,21-22H,7,10-11,13-14H2,1-6H3	[(1R,4aS,9R,10aR)-9-acetyloxy-1,4a-dimethyl-7-propan-2-yl-2,3,4,9,10,10a-hexahydrophenanthren-1-yl]methyl acetate	CC(C)C1=CC2=C(C=C1)C3(CCCC(C3CC2OC(=O)C)(C)COC(=O)C)C	5.5	15139541	COCONUT:(CNP0331292);Natural Products:(UNPD144898);PubChem:(15139541);PNC:(LTS0271587 LTS0251719);SuperNatural:(SN00248429)	68722655234
1	1	0.07685923257730619	-147.40198726808563	C24H36O5	[M - H2O + H]+	QUEVERLBIJSVRP	InChI=1S/C24H36O5/c1-17(12-15-29-22(28)11-10-21(26)27)6-8-19-18(2)7-9-20-23(3,16-25)13-5-14-24(19,20)4/h12,16,19-20H,2,5-11,13-15H2,1,3-4H3,(H,26,27)	null	CC(=CCOC(=O)CCC(=O)O)CCC1C(=C)CCC2C1(CCCC2(C)C=O)C	4.5	101599454	COCONUT:(CNP0142063);Natural Products:(UNPD31491);PubChem:(101599454);PNC:(LTS0193374 LTS0045161);SuperNatural:(SN00297970)	68722655234
2	1	N/A	-222.7002986188465	C24H36O5	[M - H2O + H]+	HFYZTKARGLZTCN	InChI=1S/C24H36O5/c1-15(2)24(29-17(4)26)11-8-19-18(13-24)20(27)12-21-22(5,14-28-16(3)25)9-7-10-23(19,21)6/h13,15,19,21H,7-12,14H2,1-6H3	null	CC(C)C1(CCC2C(=C1)C(=O)CC3C2(CCCC3(C)COC(=O)C)C)OC(=O)C	4.1713295	""	COCONUT:(CNP0154671);Natural Products:(UNPD177243);PNC:(LTS0074717 LTS0110559);SuperNatural:(SN00346545)	68722655232