rank	molecularFormula	adduct	precursorFormula	ZodiacScore	SiriusScore	TreeScore	IsotopeScore	numExplainedPeaks	explainedIntensity	medianMassErrorFragmentPeaks(ppm)	medianAbsoluteMassErrorFragmentPeaks(ppm)	massErrorPrecursor(ppm)	lipidClass
1	C25H53N	[M + H]+	C25H53N	0.9999999999999999	11.443672753450846	8.246885419759764	3.1967873336910833	5	0.11714391967274077	-3.1696431725044416	6.258511154547901	0.146990890300354	
1	C25H55NO	[M - H2O + H]+	C25H53N	0.9999999999999999	11.443672753450846	8.246885419759764	3.1967873336910833	6	0.11714391967274077	-3.1696431725044416	6.258511154547901	-48885.13024383927	
