rank	molecularFormula	adduct	precursorFormula	ZodiacScore	SiriusScore	TreeScore	IsotopeScore	numExplainedPeaks	explainedIntensity	medianMassErrorFragmentPeaks(ppm)	medianAbsoluteMassErrorFragmentPeaks(ppm)	massErrorPrecursor(ppm)	lipidClass
1	C19H28O2	[M - H2O + H]+	C19H26O	0.9999999999999999	85.54351809715538	85.54351809715538	0.0	34	0.8366883467997344	-0.17262794094604117	3.680938663444192	-66407.64365705445	
1	C19H26O	[M + H]+	C19H26O	0.9999999999999999	85.54351809715538	85.54351809715538	0.0	33	0.8366883467997344	-0.17262794094604117	3.680938663444192	1.5111831236236655	
1	C19H30O3	[M - H4O2 + H]+	C19H26O	0.9999999999999999	85.54351809715538	85.54351809715538	0.0	34	0.8366883467997344	-0.17262794094604117	3.680938663444192	-132816.79849723232	
2	C17H24N3	[M + H]+	C17H24N3	0.0	63.78950275351641	63.78950275351641	0.0	28	0.8194935809297222	0.20951096658691326	3.570085861134737	6.461972353091481	
2	C17H28N3O2	[M - H4O2 + H]+	C17H24N3	0.0	63.78950275351641	63.78950275351641	0.0	29	0.8194935809297222	0.20951096658691326	3.570085861134737	-132811.84770800287	
2	C17H26N3O	[M - H2O + H]+	C17H24N3	0.0	63.78950275351641	63.78950275351641	0.0	29	0.8194935809297222	0.20951096658691326	3.570085861134737	-66402.69286782478	
3	C14H30N3OS	[M - H2O + H]+	C14H28N3S	0.0	58.484946242478536	58.484946242478536	0.0	29	0.8194935809297222	-0.2155861910094342	3.570085861134737	-66415.1230034295	
3	C14H28N3S	[M + H]+	C14H28N3S	0.0	58.484946242478536	58.484946242478536	0.0	28	0.8194935809297222	-0.2155861910094342	3.570085861134737	-5.968163251424189	
3	C14H32N3O2S	[M - H4O2 + H]+	C14H28N3S	0.0	58.484946242478536	58.484946242478536	0.0	29	0.8194935809297222	-0.2155861910094342	3.570085861134737	-132824.2778436074	
