rank	molecularFormula	adduct	precursorFormula	ZodiacScore	SiriusScore	TreeScore	IsotopeScore	numExplainedPeaks	explainedIntensity	medianMassErrorFragmentPeaks(ppm)	medianAbsoluteMassErrorFragmentPeaks(ppm)	massErrorPrecursor(ppm)	lipidClass
1	C28H52O7	[M + Na]+	C28H52O7	0.4929648241206031	7.906931138609389	3.5	4.406931138609389	1	0.0	NaN	NaN	1.325600581316571	
2	C30H50O7	[M + H]+	C30H50O7	0.4879396984924624	8.023647341047418	3.5	4.523647341047418	1	0.0	NaN	NaN	-3.2710105450808826	
3	C25H50N2O9	[M + H]+	C25H50N2O9	0.00904522613065327	3.8332540039117484	1.0	2.8332540039117484	1	0.0	NaN	NaN	4.415382443193305	
4	C37H46O2	[M + H]+	C37H46O2	0.005527638190954776	3.5	3.5	0.0	1	0.0	NaN	NaN	7.951120160504728	
5	C34H48N2O	[M + Na]+	C34H48N2O	0.0035175879396984926	3.011371083694771	1.0	2.011371083694771	1	0.0	NaN	NaN	-8.916182360930025	
6	C28H48N3O6	[M + H]+	C28H48N3O6	5.025125628140704E-4	1.088314316451834	-3.605170185988091	4.693484502439925	1	0.0	NaN	NaN	-0.7055090280386048	
7	C31H50NO4	[M + Na]+	C31H50NO4	5.025125628140704E-4	0.5879760429967602	-3.605170185988091	4.193146228984851	1	0.0	NaN	NaN	-3.7952908899153392	
8	C26H50N3O6	[M + Na]+	C26H50N3O6	0.0	-0.40119774439957645	-3.605170185988091	3.2039724415885145	1	0.0	NaN	NaN	3.891102098358849	
9	C33H48NO4	[M + H]+	C33H48NO4	0.0	-0.8109220131562371	-3.605170185988091	2.794248172831854	1	0.0	NaN	NaN	-8.391902016312793	
