rank	molecularFormula	adduct	precursorFormula	ZodiacScore	SiriusScore	TreeScore	IsotopeScore	numExplainedPeaks	explainedIntensity	medianMassErrorFragmentPeaks(ppm)	medianAbsoluteMassErrorFragmentPeaks(ppm)	massErrorPrecursor(ppm)	lipidClass
1	C8H8O3	[M - H2O + H]+	C8H6O2	0.9999999999999999	12.471751786453193	12.471751786453193	0.0	3	0.035031847133757954	11.758348492481804	11.758348492481804	-133365.13168082584	
1	C8H6O2	[M + H]+	C8H6O2	0.9999999999999999	12.471751786453193	12.471751786453193	0.0	2	0.035031847133757954	11.758348492481804	11.758348492481804	2.5898486694707477	
2	C3H10N3O2S	[M - H2O + H]+	C3H8N3OS	0.0	2.241498368147111	2.241498368147111	0.0	3	0.035031847133757954	-7.190146795623651	7.190146795623651	-133380.1522512121	
2	C3H8N3OS	[M + H]+	C3H8N3OS	0.0	2.241498368147111	2.241498368147111	0.0	2	0.035031847133757954	-7.190146795623651	7.190146795623651	-12.430721716595231	
3	C6H4N3O	[M + H]+	C6H4N3O	0.0	-3.605170185988091	-3.605170185988091	0.0	1	0.0	NaN	NaN	12.532385672446903	
4	C6H10N	[M + K]+	C6H10N	0.0	-4.605170185988091	-4.605170185988091	0.0	1	0.0	NaN	NaN	-0.5686383334254791	
