rank	molecularFormula	adduct	precursorFormula	ZodiacScore	SiriusScore	TreeScore	IsotopeScore	numExplainedPeaks	explainedIntensity	medianMassErrorFragmentPeaks(ppm)	medianAbsoluteMassErrorFragmentPeaks(ppm)	massErrorPrecursor(ppm)	lipidClass
1	C20H42O11	[M + Na]+	C20H42O11	0.6155778894472361	87.74885574376502	83.50372951634911	4.2451262274159065	26	0.5351796407185628	3.7987636582451825	5.454392583466722	0.9102859309330612	
2	C18H40N3O10	[M + Na]+	C18H40N3O10	0.3844221105527638	87.04021459959294	82.5508661088759	4.489348490717045	33	0.6378493013972056	2.9874393424539454	4.61008797403642	3.7002069408724507	
3	C23H40NO8	[M + Na]+	C23H40NO8	0.0	72.08069316034627	72.08069316034627	0.0	26	0.535179640718563	2.2787031442813293	5.029084437616279	-4.658560007919695	
4	C30H36NO3	[M + Na]+	C30H36NO3	0.0	61.74412343194771	61.74412343194771	0.0	26	0.5394211576846307	4.728695785606432	6.468454167674661	7.5452364127007145	
5	C33H34N2	[M + Na]+	C33H34N2	0.0	15.313288515027875	15.313288515027875	0.0	11	0.2462574850299401	2.203927267102194	2.9874393424539454	1.9763904738479585	
