rank	molecularFormula	adduct	precursorFormula	ZodiacScore	SiriusScore	TreeScore	IsotopeScore	numExplainedPeaks	explainedIntensity	medianMassErrorFragmentPeaks(ppm)	medianAbsoluteMassErrorFragmentPeaks(ppm)	massErrorPrecursor(ppm)	lipidClass
1	C19H28O2	[M - H2O + H]+	C19H26O	0.9999999999999999	99.44657728252224	97.59254847448385	1.8540288080383902	25	0.715861657722123	1.099811305166303	4.275622267892468	-66407.4455582446	
1	C19H26O	[M + H]+	C19H26O	0.9999999999999999	99.44657728252224	97.59254847448385	1.8540288080383902	24	0.715861657722123	1.099811305166303	4.275622267892468	1.6969455866760805	
1	C19H30O3	[M - H4O2 + H]+	C19H26O	0.9999999999999999	99.44657728252224	97.59254847448385	1.8540288080383902	25	0.715861657722123	1.099811305166303	4.275622267892468	-132816.58806207564	
2	C17H24N3	[M + H]+	C17H24N3	0.0	74.18188277568626	72.96060183649656	1.2212809391897013	20	0.6657722122838403	2.2169764224830306	5.425233706834123	6.6477338964717045	
2	C17H28N3O2	[M - H4O2 + H]+	C17H24N3	0.0	74.18188277568626	72.96060183649656	1.2212809391897013	21	0.6657722122838403	2.2169764224830306	5.425233706834123	-132811.63727376584	
2	C17H26N3O	[M - H2O + H]+	C17H24N3	0.0	74.18188277568626	72.96060183649656	1.2212809391897013	21	0.6657722122838403	2.2169764224830306	5.425233706834123	-66402.49476993458	
