rank	molecularFormula	adduct	precursorFormula	ZodiacScore	SiriusScore	TreeScore	IsotopeScore	numExplainedPeaks	explainedIntensity	medianMassErrorFragmentPeaks(ppm)	medianAbsoluteMassErrorFragmentPeaks(ppm)	massErrorPrecursor(ppm)	lipidClass
1	C22H49NO	[M - H2O + H]+	C22H47N	0.9999999999999999	62.131319920119054	62.131319920119054	0.0	21	0.6345866533864541	2.6786061377591706	5.3185908542912	-55180.08228283863	
1	C22H47N	[M + H]+	C22H47N	0.9999999999999999	62.131319920119054	62.131319920119054	0.0	20	0.6345866533864541	2.6786061377591706	5.3185908542912	2.882740543590638	
