rank	molecularFormula	adduct	precursorFormula	ZodiacScore	SiriusScore	TreeScore	IsotopeScore	numExplainedPeaks	explainedIntensity	medianMassErrorFragmentPeaks(ppm)	medianAbsoluteMassErrorFragmentPeaks(ppm)	massErrorPrecursor(ppm)	lipidClass
1	C14H25N2O	[M + K]+	C14H25N2O	0.5844221105527639	81.86344308918748	81.86344308918748	0.0	21	0.47541641581376687	4.600162088105861	6.063827313331623	-0.007140026080577225	
2	C16H21NO3	[M + H]+	C16H21NO3	0.4155778894472362	81.57155104574215	81.57155104574215	0.0	18	0.46417820590006037	5.841135000707734	8.025422701832426	1.5373857565076359	
2	C16H23NO4	[M - H2O + H]+	C16H21NO3	0.4155778894472362	81.57155104574215	81.57155104574215	0.0	19	0.46417820590006037	5.841135000707734	8.025422701832426	-65216.361014566035	
3	C17H21N2	[M + Na]+	C17H21N2	0.0	63.533715123786415	63.533715123786415	0.0	19	0.435480634156131	4.987510863256124	4.9971306393451265	0.5438017671863372	
4	C14H27OS2	[M + H]+	C14H27OS2	0.0	53.44468521215249	53.44468521215249	0.0	19	0.4914710014047764	4.987510863256124	8.041367333871657	8.09535584423466	
4	C14H29O2S2	[M - H2O + H]+	C14H27OS2	0.0	53.44468521215249	53.44468521215249	0.0	20	0.4914710014047764	4.987510863256124	8.041367333871657	-65209.803044478314	
5	C19H19N2	[M + H]+	C19H19N2	0.0	48.028048797486775	48.028048797486775	0.0	15	0.3726670680313066	4.987510863256124	8.328728839365493	-8.167414028669592	
5	C19H21N2O	[M - H2O + H]+	C19H19N2	0.0	48.028048797486775	48.028048797486775	0.0	16	0.3726670680313066	4.987510863256124	8.328728839365493	-65226.06581435101	
