rank	molecularFormula	adduct	precursorFormula	ZodiacScore	SiriusScore	TreeScore	IsotopeScore	numExplainedPeaks	explainedIntensity	medianMassErrorFragmentPeaks(ppm)	medianAbsoluteMassErrorFragmentPeaks(ppm)	massErrorPrecursor(ppm)	lipidClass
1	C14H30O8	[M + Na]+	C14H30O8	0.6738693467336684	19.92917482807965	15.425754628636568	4.503420199443081	6	0.2445125063808065	1.595638150457233	6.642791589980025	2.6951521223191635	
2	C12H28N3O7	[M + Na]+	C12H28N3O7	0.3241206030150754	19.257707655713553	15.116953393298436	4.140754262415117	9	0.3450740173557937	11.055938849455796	11.055938849455796	6.540354412839642	
3	C17H28NO5	[M + Na]+	C17H28NO5	0.0020100502512562816	12.362045066833993	11.606139218251531	0.7559058485824608	12	0.4344053088310362	2.227165923807313	5.262767337564096	-4.9800971355292525	
