rank	molecularFormula	adduct	precursorFormula	ZodiacScore	SiriusScore	TreeScore	IsotopeScore	numExplainedPeaks	explainedIntensity	medianMassErrorFragmentPeaks(ppm)	medianAbsoluteMassErrorFragmentPeaks(ppm)	massErrorPrecursor(ppm)	lipidClass
1	C20H26O5	[M - H2O + H]+	C20H24O4	0.9999999999999999	103.84772338132359	101.12115273300718	2.726570648316411	34	0.7507557833859096	3.82796412184361	5.91150886083658	-54714.4846184775	
1	C20H24O4	[M + H]+	C20H24O4	0.9999999999999999	103.84772338132359	101.12115273300718	2.726570648316411	33	0.7507557833859096	3.82796412184361	5.91150886083658	-0.17664703533495005	
2	C18H24N3O4	[M - H2O + H]+	C18H22N3O3	0.0	87.70310420437131	86.43052958136998	1.272574623001328	34	0.7492442166140905	3.1701135362472943	5.53328026983731	-54710.40567774629	
2	C18H22N3O3	[M + H]+	C18H22N3O3	0.0	87.70310420437131	86.43052958136998	1.272574623001328	33	0.7492442166140905	3.1701135362472943	5.53328026983731	3.902293696047248	
3	C23H22NO	[M + H]+	C23H22NO	0.0	82.21156022941499	80.89701047076873	1.3145497586462542	30	0.7221345951629865	2.820887750628849	6.087686753003404	-8.31845192724919	
3	C23H24NO2	[M - H2O + H]+	C23H22NO	0.0	82.21156022941499	80.89701047076873	1.3145497586462542	31	0.7221345951629865	2.820887750628849	6.087686753003404	-54722.626423369584	
