rank	formulaRank	ConfidenceScore	CSI:FingerIDScore	molecularFormula	adduct	InChIkey2D	InChI	name	smiles	xlogp	pubchemids	links	dbflags
1	1	0.0829098017324941	-168.32262810872538	C20H26O5	[M - H2O + H]+	MQOMHFMKUJFDBH	InChI=1S/C20H26O5/c1-13-6-10-19-11-8-15(20(19,24)12-7-13)18(3,25-17(19)23)9-4-5-14(2)16(21)22/h4-6,9,15,24H,7-8,10-12H2,1-3H3,(H,21,22)	deacetylpseudolaric acid A	CC1=CCC23CCC(C2(CC1)O)C(OC3=O)(C)C=CC=C(C)C(=O)O	2.0999999	13992645;11977243;16215033;133562846;138113899	COCONUT:(CNP0319208);KNApSAcK:(38950);Natural Products:(UNPD20058 UNPD21410);PubChem:(13992645 11977243 16215033 133562846 138113899);PNC:(LTS0221055 LTS0239275);SuperNatural:(SN00345988 SN00385871);PubMed	68722655314