rank	formulaRank	ConfidenceScore	CSI:FingerIDScore	molecularFormula	adduct	InChIkey2D	InChI	name	smiles	xlogp	pubchemids	links	dbflags
1	1	0.15634181530994173	-105.27331787370734	C23H36O4	[M + H]+	KMEQUVNVNHTHSM	InChI=1S/C23H36O4/c1-16(14-21(25)26-6)8-10-19-17(2)9-11-20-22(4,15-27-18(3)24)12-7-13-23(19,20)5/h14,19-20H,2,7-13,15H2,1,3-6H3	null	CC(=CC(=O)OC)CCC1C(=C)CCC2C1(CCCC2(C)COC(=O)C)C	5.41075373	""	COCONUT:(CNP0209540);Natural Products:(UNPD119893 UNPD126988 UNPD85120 UNPD148254);PNC:(LTS0274698 LTS0061235);SuperNatural:(SN00341773 SN00229305 SN00279451 SN00289628)	68722655232
2	1	N/A	-122.7089917282708	C23H36O4	[M + H]+	LODVZNAZFNRTCG	InChI=1S/C23H36O4/c1-15(14-21(25)26-7)8-10-18-16(2)9-11-19-22(4,5)20(27-17(3)24)12-13-23(18,19)6/h14,18-20H,2,8-13H2,1,3-7H3	null	CC(=CC(=O)OC)CCC1C(=C)CCC2C1(CCC(C2(C)C)OC(=O)C)C	5.5999999	13858194	COCONUT:(CNP0154407);Natural Products:(UNPD72279);PubChem:(13858194);PNC:(LTS0080755 LTS0069487);SuperNatural:(SN00270036)	68722655234
3	1	N/A	-128.4616511860511	C23H36O4	[M + H]+	AORYFYLFZDBOMS	InChI=1S/C23H36O4/c1-16(12-15-27-18(3)24)8-10-19-17(2)9-11-20-22(19,4)13-7-14-23(20,5)21(25)26-6/h12,19-20H,2,7-11,13-15H2,1,3-6H3	null	CC(=CCOC(=O)C)CCC1C(=C)CCC2C1(CCCC2(C)C(=O)OC)C	5.41674519	""	COCONUT:(CNP0302229);Natural Products:(UNPD58423);PNC:(LTS0196897);SuperNatural:(SN00333463)	68722655232