rank	molecularFormula	adduct	precursorFormula	ZodiacScore	SiriusScore	TreeScore	IsotopeScore	numExplainedPeaks	explainedIntensity	medianMassErrorFragmentPeaks(ppm)	medianAbsoluteMassErrorFragmentPeaks(ppm)	massErrorPrecursor(ppm)	lipidClass
1	C37H78N3O10	[M + Na]+	C37H78N3O10	0.9994974874371858	54.06126195050526	46.07130607826521	7.989955872240049	35	0.7792779988629904	3.2888364731698387	3.9184440008556063	3.4829503356827476	
2	C42H78NO8	[M + Na]+	C42H78NO8	5.025125628140704E-4	48.42562165394266	42.595105601979384	5.830516051963283	30	0.6295480386583288	-0.1759536497318674	4.315513479694445	-1.8982325347876066	
3	C39H80O11	[M + Na]+	C39H80O11	0.0	49.97645149794862	41.992602355568245	7.983849142380369	33	0.7403354178510516	4.028654238832817	6.047520167089101	1.6868630371625972	
4	C45H76N2O5	[M + Na]+	C45H76N2O5	0.0	36.516837304458704	34.735805042077544	1.781032262381159	21	0.4918988061398522	-1.6538327970992928	4.028654238832817	-5.483328106737811	
5	C46H76O6	[M + Na]+	C46H76O6	0.0	34.06016063554516	34.056292865512376	0.003867770032783824	17	0.43511938601478106	-0.1690587701471895	4.4191389114057875	9.543387887813576	
6	C49H74NO3	[M + Na]+	C49H74NO3	0.0	26.748462342250907	26.748462342250907	0.0	19	0.439738487777146	0.04935934127485517	4.4191389114057875	5.958292315863373	
7	C48H74N3O2	[M + Na]+	C48H74N3O2	0.0	20.382880222039947	20.382880222039947	0.0	18	0.45892552586696983	0.7416442782504691	5.575643694504036	-9.068423678535938	
8	C52H72N2	[M + Na]+	C52H72N2	0.0	13.647450865862389	13.647450865862389	0.0	11	0.311398521887436	2.179082665980954	4.028654238832817	2.3731967439131694	
