rank	molecularFormula	adduct	precursorFormula	ZodiacScore	SiriusScore	TreeScore	IsotopeScore	numExplainedPeaks	explainedIntensity	medianMassErrorFragmentPeaks(ppm)	medianAbsoluteMassErrorFragmentPeaks(ppm)	massErrorPrecursor(ppm)	lipidClass
1	C19H26O3	[M - H2O + H]+	C19H24O2	0.9999999999999999	81.97933698130981	81.97933698130981	0.0	28	0.7925865635703871	0.16510899530769563	3.051514966879974	-63152.25878739732	
1	C19H24O2	[M + H]+	C19H24O2	0.9999999999999999	81.97933698130981	81.97933698130981	0.0	27	0.7925865635703871	0.16510899530769563	3.051514966879974	1.628220140549645	
2	C14H30O2S	[M + Na]+	C14H30O2S	0.0	65.03588265142427	65.03588265142427	0.0	26	0.8239902329840271	1.8567755987873706	2.8975998719315754	-1.757086747008633	
3	C17H22N3O	[M + H]+	C17H22N3O	0.0	56.79020401125585	56.79020401125585	0.0	23	0.7734255773730798	2.1514854607333986	3.5008211573786854	6.336329803466493	
3	C17H24N3O2	[M - H2O + H]+	C17H22N3O	0.0	56.79020401125585	56.79020401125585	0.0	24	0.7734255773730798	2.1514854607333986	3.5008211573786854	-63147.550677734595	
4	C14H26N3OS	[M + H]+	C14H26N3OS	0.0	56.61291103918329	56.61291103918329	0.0	23	0.7734255773730798	0.16510899530769563	3.5008211573786854	-5.484500944318554	
4	C14H28N3O2S	[M - H2O + H]+	C14H26N3OS	0.0	56.61291103918329	56.61291103918329	0.0	24	0.7734255773730798	0.16510899530769563	3.5008211573786854	-63159.37150848218	
5	C17H28N	[M + K]+	C17H28N	0.0	55.85470111797586	55.85470111797586	0.0	23	0.7734255773730798	0.2349485964721444	2.294378586484465	0.13257539966785514	
6	C12H28N3OS	[M + Na]+	C12H28N3OS	0.0	51.245824181559826	51.245824181559826	0.0	25	0.8164954047546378	2.1514854607333986	3.053395824378305	2.951022916107536	
