rank	molecularFormula	adduct	precursorFormula	ZodiacScore	SiriusScore	TreeScore	IsotopeScore	numExplainedPeaks	explainedIntensity	medianMassErrorFragmentPeaks(ppm)	medianAbsoluteMassErrorFragmentPeaks(ppm)	massErrorPrecursor(ppm)	lipidClass
1	C18H28O3	[M - H2O + H]+	C18H26O2	0.9999999999999999	52.82737934810507	52.82737934810507	0.0	14	0.3458834202767066	-4.307899646169746	6.743730058244108	-65444.674972053785	
1	C18H26O2	[M + H]+	C18H26O2	0.9999999999999999	52.82737934810507	52.82737934810507	0.0	13	0.3458834202767066	-4.307899646169746	6.743730058244108	0.5242302949443384	
2	C16H26N3O2	[M - H2O + H]+	C16H24N3O	0.0	39.18164941052329	39.18164941052329	0.0	15	0.3603991834883192	-4.388052318931442	6.936163077528067	-65439.7960455246	
2	C16H24N3O	[M + H]+	C16H24N3O	0.0	39.18164941052329	39.18164941052329	0.0	14	0.3603991834883192	-4.388052318931442	6.936163077528067	5.403156824348924	
3	C13H30N3O2S	[M - H2O + H]+	C13H28N3OS	0.0	38.00996402280777	38.00996402280777	0.0	15	0.3694715354955771	-6.022403194035563	6.796580319649577	-65452.04575270267	
3	C13H28N3OS	[M + H]+	C13H28N3OS	0.0	38.00996402280777	38.00996402280777	0.0	14	0.3694715354955771	-6.022403194035563	6.796580319649577	-6.846550353938615	
4	C16H30N	[M + K]+	C16H30N	0.0	36.58113134931442	36.58113134931442	0.0	13	0.34588342027670654	-4.307899646169746	6.743730058244108	-1.0256785488015168	
