rank	molecularFormula	adduct	precursorFormula	ZodiacScore	SiriusScore	TreeScore	IsotopeScore	numExplainedPeaks	explainedIntensity	medianMassErrorFragmentPeaks(ppm)	medianAbsoluteMassErrorFragmentPeaks(ppm)	massErrorPrecursor(ppm)	lipidClass
1	C10H10O4	[M - H2O + H]+	C10H8O3	0.9999999999999999	38.274147199592385	38.274147199592385	0.0	10	0.5764011058054787	3.4074581649067275	4.676626303508241	-101720.09798546003	
1	C10H8O3	[M + H]+	C10H8O3	0.9999999999999999	38.274147199592385	38.274147199592385	0.0	9	0.5764011058054787	3.4074581649067275	4.676626303508241	2.826393826775926	
2	C8H8N3O3	[M - H2O + H]+	C8H6N3O2	0.0	24.139520105823724	24.139520105823724	0.0	8	0.5627041970344306	8.106822707830299	8.106822707830299	-101712.5145617643	
2	C8H6N3O2	[M + H]+	C8H6N3O2	0.0	24.139520105823724	24.139520105823724	0.0	7	0.5627041970344306	8.106822707830299	8.106822707830299	10.4098175223432	
3	C5H10N3O2S	[M + H]+	C5H10N3O2S	0.0	19.55559273448894	19.55559273448894	0.0	8	0.5707464186981652	-0.7581137420518225	7.007241818230366	-8.630173984491911	
3	C5H12N3O3S	[M - H2O + H]+	C5H10N3O2S	0.0	19.55559273448894	19.55559273448894	0.0	9	0.5707464186981652	-0.7581137420518225	7.007241818230366	-101731.55455327114	
4	C3H12N3O2S	[M + Na]+	C3H12N3O2S	0.0	17.515002378111816	17.515002378111816	0.0	4	0.5072882633827593	5.423546580547792	6.362500234750934	4.9570523351025715	
5	C8H12NO	[M + K]+	C8H12NO	0.0	10.682578849148506	10.682578849148506	0.0	5	0.39884393063583806	0.2987539442611191	4.676626303508241	0.4173361411130196	
6	C11H8N	[M + Na]+	C11H8N	0.0	-0.07902898968972405	-0.07902898968972405	0.0	2	0.007162603669263632	5.146445304403237	5.146445304403237	1.2766617518506056	
