rank	molecularFormula	adduct	precursorFormula	ZodiacScore	SiriusScore	TreeScore	IsotopeScore	numExplainedPeaks	explainedIntensity	medianMassErrorFragmentPeaks(ppm)	medianAbsoluteMassErrorFragmentPeaks(ppm)	massErrorPrecursor(ppm)	lipidClass
1	C19H28O2	[M - H2O + H]+	C19H26O	0.9999999999999999	72.8957377524564	72.8957377524564	0.0	29	0.7357449931844395	2.762904981671258	3.5510881861729153	-66406.98678587926	
1	C19H26O	[M + H]+	C19H26O	0.9999999999999999	72.8957377524564	72.8957377524564	0.0	28	0.7357449931844395	2.762904981671258	3.5510881861729153	2.1271484971403116	
2	C17H24N3	[M + H]+	C17H24N3	0.0	53.58990187648379	53.58990187648379	0.0	28	0.7357449931844395	2.8517828815502417	3.7364777996165364	7.077934677088781	
2	C17H26N3O	[M - H2O + H]+	C17H24N3	0.0	53.58990187648379	53.58990187648379	0.0	29	0.7357449931844395	2.8517828815502417	3.7364777996165364	-66402.0359996991	
3	C14H30N3OS	[M - H2O + H]+	C14H28N3S	0.0	52.17965328574388	52.17965328574388	0.0	29	0.7357449931844395	2.762904981671258	3.7364777996165364	-66414.46612764728	
3	C14H28N3S	[M + H]+	C14H28N3S	0.0	52.17965328574388	52.17965328574388	0.0	28	0.7357449931844395	2.762904981671258	3.7364777996165364	-5.352193270882197	
4	C12H30N3S	[M + Na]+	C12H30N3S	0.0	50.06444591232835	50.06444591232835	0.0	30	0.7642235503827199	2.5281308377220384	4.062839602649838	3.5181342999779304	
