rank	molecularFormula	adduct	precursorFormula	ZodiacScore	SiriusScore	TreeScore	IsotopeScore	numExplainedPeaks	explainedIntensity	medianMassErrorFragmentPeaks(ppm)	medianAbsoluteMassErrorFragmentPeaks(ppm)	massErrorPrecursor(ppm)	lipidClass
1	C20H28O4	[M - H4O2 + H]+	C20H24O2	0.9999999999999999	108.63176975629594	107.73396963173185	0.8978001245640852	25	0.6170745272525028	4.512666262640213	6.804901584562107	-121206.10842043816	
1	C20H26O3	[M - H2O + H]+	C20H24O2	0.9999999999999999	108.63176975629594	107.73396963173185	0.8978001245640852	25	0.6170745272525028	4.512666262640213	6.804901584562107	-60602.298859735536	
1	C20H24O2	[M + H]+	C20H24O2	0.9999999999999999	108.63176975629594	107.73396963173185	0.8978001245640852	24	0.6170745272525028	4.512666262640213	6.804901584562107	1.5107009668912212	
2	C18H22N3O	[M + H]+	C18H22N3O	0.0	87.48067958789288	86.4527150360194	1.0279645518734766	22	0.5849555061179088	4.512666262640213	6.804901584562107	6.028702865464139	
2	C18H26N3O3	[M - H4O2 + H]+	C18H22N3O	0.0	87.48067958789288	86.4527150360194	1.0279645518734766	23	0.5849555061179088	4.512666262640213	6.804901584562107	-121201.59041853959	
2	C18H24N3O2	[M - H2O + H]+	C18H22N3O	0.0	87.48067958789288	86.4527150360194	1.0279645518734766	23	0.5849555061179088	4.512666262640213	6.804901584562107	-60597.78085783715	
3	C18H28N	[M + K]+	C18H28N	0.0	73.25024798331732	73.25024798331732	0.0	18	0.485817575083426	4.512666262640213	6.620726704089462	0.07544854868222987	
