rank	molecularFormula	adduct	precursorFormula	ZodiacScore	SiriusScore	TreeScore	IsotopeScore	numExplainedPeaks	explainedIntensity	medianMassErrorFragmentPeaks(ppm)	medianAbsoluteMassErrorFragmentPeaks(ppm)	massErrorPrecursor(ppm)	lipidClass
1	C9H4O2	[M + H]+	C9H4O2	0.9798994974874373	3.5	3.5	0.0	1	0.0	NaN	NaN	3.480959581791151	
2	C4H10O2S	[M + Na]+	C4H10O2S	0.01959798994974874	-0.6094379124341003	-0.6094379124341003	0.0	1	0.0	NaN	NaN	-3.1759200405076498	
3	C7H2N3O	[M + H]+	C7H2N3O	5.025125628140704E-4	-3.605170185988091	-3.605170185988091	0.0	1	0.0	NaN	NaN	12.73900333250848	
4	C7H8N	[M + K]+	C7H8N	0.0	-3.605170185988091	-3.605170185988091	0.0	1	0.0	NaN	NaN	0.539918391787803	
5	C4H6N3OS	[M + H]+	C4H6N3OS	0.0	-5.214608098422191	-5.214608098422191	0.0	1	0.0	NaN	NaN	-10.505520705212254	
6	C2H8N3OS	[M + Na]+	C2H8N3OS	0.0	-5.214608098422191	-5.214608098422191	0.0	1	0.0	NaN	NaN	6.082123710209679	
