rank	molecularFormula	adduct	precursorFormula	ZodiacScore	SiriusScore	TreeScore	IsotopeScore	numExplainedPeaks	explainedIntensity	medianMassErrorFragmentPeaks(ppm)	medianAbsoluteMassErrorFragmentPeaks(ppm)	massErrorPrecursor(ppm)	lipidClass
1	C28H42O4	[M - H4O2 + H]+	C28H38O2	0.9999999999999999	106.8363728821021	103.65173732099449	3.1846355611076103	33	0.755399697138758	2.4065882809313504	5.590057216804199	-88438.96911712643	
1	C28H38O2	[M + H]+	C28H38O2	0.9999999999999999	106.8363728821021	103.65173732099449	3.1846355611076103	32	0.755399697138758	2.4065882809313504	5.590057216804199	0.9642609956503847	
1	C28H40O3	[M - H2O + H]+	C28H38O2	0.9999999999999999	106.8363728821021	103.65173732099449	3.1846355611076103	33	0.755399697138758	2.4065882809313504	5.590057216804199	-44219.002428065316	
2	C26H36N3O	[M + H]+	C26H36N3O	0.0	84.23588562283152	81.31501581864414	2.9208698041873795	31	0.7483063680561087	1.1984083784100807	5.332144494433241	4.260850680427504	
2	C26H38N3O2	[M - H2O + H]+	C26H36N3O	0.0	84.23588562283152	81.31501581864414	2.9208698041873795	32	0.7483063680561087	1.1984083784100807	5.332144494433241	-44215.70583838067	
2	C26H40N3O3	[M - H4O2 + H]+	C26H36N3O	0.0	84.23588562283152	81.31501581864414	2.9208698041873795	32	0.7483063680561087	1.1984083784100807	5.332144494433241	-88435.67252744165	
