rank	molecularFormula	adduct	precursorFormula	ZodiacScore	SiriusScore	TreeScore	IsotopeScore	numExplainedPeaks	explainedIntensity	medianMassErrorFragmentPeaks(ppm)	medianAbsoluteMassErrorFragmentPeaks(ppm)	massErrorPrecursor(ppm)	lipidClass
1	C24H44O7	[M - H2O + H]+	C24H42O6	0.9889447236180906	21.673246470761086	20.64210700882923	1.0311394619318526	9	0.185383980181668	-4.729952247300943	6.754970813142644	-42151.96992714832	
2	C22H42N3O6	[M - H2O + H]+	C22H40N3O5	0.009547738693467337	16.833568554929688	14.29481197199711	2.538756582932578	12	0.26507018992568115	1.2332823268462505	4.674807179062128	-42148.82770715677	
3	C22H44O6	[M + Na]+	C22H44O6	0.0010050251256281408	13.86547192616585	10.900006882772772	2.9654650433930785	8	0.185383980181668	-4.729952247300943	6.754970813142644	2.9344375780579006	
4	C31H40O2	[M - H2O + H]+	C31H38O	5.025125628140704E-4	15.03789408530059	15.03789408530059	0.0	9	0.19818331957060273	-1.1007351370208984	5.330151160199462	-42138.22508887132	
5	C20H42N3O5	[M + Na]+	C20H42N3O5	0.0	8.527878320283559	5.705055090213435	2.822823230070124	9	0.218001651527663	-0.35510581680267705	4.674807179062128	6.076657569601771	
6	C25H42NO3	[M + Na]+	C25H42NO3	0.0	7.031116090363281	7.031116090363281	0.0	8	0.185383980181668	-4.729952247300943	8.849008192885215	-3.3376177875465625	
