rank	molecularFormula	adduct	precursorFormula	ZodiacScore	SiriusScore	TreeScore	IsotopeScore	numExplainedPeaks	explainedIntensity	medianMassErrorFragmentPeaks(ppm)	medianAbsoluteMassErrorFragmentPeaks(ppm)	massErrorPrecursor(ppm)	lipidClass
1	C23H50N3O11	[M + Na]+	C23H50N3O11	0.9130653266331658	21.19281508747761	17.206433063256902	3.9863820242207044	21	0.5125298329355606	-6.220883506515753	6.220883506515753	4.234529587403715	
2	C31H48N2O6	[M + Na]+	C31H48N2O6	0.08693467336683419	18.946623315432767	18.946623315432767	0.0	9	0.289379474940334	-5.2919359036742915	7.565068502373866	-7.580046147242594	
3	C25H52O12	[M + Na]+	C25H52O12	0.0	10.958260851816235	7.323121683213186	3.635139168603049	4	0.1960023866348448	6.222022320482904	6.222022320482904	1.8678833191142001	
4	C28H50NO9	[M + Na]+	C28H50NO9	0.0	9.646987830459256	9.646987830459256	0.0	12	0.3451670644391407	-4.312902936454979	6.871174922916914	-2.8560814139640036	
5	C35H46NO4	[M + Na]+	C35H46NO4	0.0	1.8543107028301877	1.8543107028301877	0.0	5	0.2070405727923627	-3.481750673085245	8.300343608553874	7.496207827712919	
6	C38H44N2O	[M + Na]+	C38H44N2O	0.0	1.0	1.0	0.0	1	0.0	NaN	NaN	2.7722430944343284	
