rank	molecularFormula	adduct	precursorFormula	ZodiacScore	SiriusScore	TreeScore	IsotopeScore	numExplainedPeaks	explainedIntensity	medianMassErrorFragmentPeaks(ppm)	medianAbsoluteMassErrorFragmentPeaks(ppm)	massErrorPrecursor(ppm)	lipidClass
1	C18H29N3O2	[M - H2O + H]+	C18H27N3O	0.9814070351758796	27.0144166721422	27.0144166721422	0.0	7	0.8020134228187917	5.852474857392596	6.88386579562869	-59601.99157201059	
1	C18H27N3O	[M + H]+	C18H27N3O	0.9814070351758796	27.0144166721422	27.0144166721422	0.0	6	0.8020134228187917	5.852474857392596	6.88386579562869	-7.836396785116086	
2	C16H29N3O	[M + Na]+	C16H29N3O	0.012562814070351758	22.128436503215557	22.128436503215557	0.0	6	0.8020134228187917	5.852474857392596	6.88386579562869	0.12365035875627461	
3	C13H31N2O4	[M + Na]+	C13H31N2O4	0.003517587939698493	20.767238130624797	20.767238130624797	0.0	6	0.8020134228187917	5.852474857392596	6.88386579562869	8.991604685957007	
4	C15H29N2O4	[M + H]+	C15H29N2O4	0.0015075376884422112	20.43068655341462	20.43068655341462	0.0	6	0.8020134228187917	5.852474857392596	6.88386579562869	1.0315575418965617	
4	C15H31N2O5	[M - H2O + H]+	C15H29N2O4	0.0015075376884422112	20.43068655341462	20.43068655341462	0.0	7	0.8020134228187917	5.852474857392596	6.88386579562869	-59593.123617683195	
5	C18H31O2	[M + Na]+	C18H31O2	0.0010050251256281408	19.547746562217764	19.547746562217764	0.0	6	0.8020134228187917	5.852474857392596	6.88386579562869	-4.319082007033889	
