rank	molecularFormula	adduct	precursorFormula	ZodiacScore	SiriusScore	TreeScore	IsotopeScore	numExplainedPeaks	explainedIntensity	medianMassErrorFragmentPeaks(ppm)	medianAbsoluteMassErrorFragmentPeaks(ppm)	massErrorPrecursor(ppm)	lipidClass
1	C19H26O2	[M - H2O + H]+	C19H24O	0.9999999999999999	68.61990183406866	68.61990183406866	0.0	22	0.5521020775396699	-1.0848717810886859	4.5822479828527705	-66904.4585527924	
1	C19H24O	[M + H]+	C19H24O	0.9999999999999999	68.61990183406866	68.61990183406866	0.0	21	0.5521020775396699	-1.0848717810886859	4.5822479828527705	1.9290774185063868	
2	C14H30OS	[M + Na]+	C14H30OS	0.0	68.31218701032867	68.31218701032867	0.0	27	0.7315557009651564	-1.899902708522243	5.4941169734271185	-1.6573788646858418	
3	C12H28N3S	[M + Na]+	C12H28N3S	0.0	52.406191297381994	52.406191297381994	0.0	28	0.7397349910027812	0.01256761799179438	4.379464449636227	3.330478970178027	
4	C14H26N3S	[M + H]+	C14H26N3S	0.0	49.758395477863765	49.758395477863765	0.0	27	0.6648126942581385	-1.940301516782314	4.855282374296827	-5.606269914159993	
4	C14H28N3OS	[M - H2O + H]+	C14H26N3S	0.0	49.758395477863765	49.758395477863765	0.0	28	0.6648126942581385	-1.940301516782314	4.855282374296827	-66911.99390012486	
5	C17H22N3	[M + H]+	C17H22N3	0.0	48.44763830939783	48.44763830939783	0.0	20	0.5404874856862427	-0.660317207319784	5.446540486614096	6.9169352531590915	
5	C17H24N3O	[M - H2O + H]+	C17H22N3	0.0	48.44763830939783	48.44763830939783	0.0	21	0.5404874856862427	-0.660317207319784	5.446540486614096	-66899.47069495752	
