rank	molecularFormula	adduct	precursorFormula	ZodiacScore	SiriusScore	TreeScore	IsotopeScore	numExplainedPeaks	explainedIntensity	medianMassErrorFragmentPeaks(ppm)	medianAbsoluteMassErrorFragmentPeaks(ppm)	massErrorPrecursor(ppm)	lipidClass
1	C28H56N3O7	[M + Na]+	C28H56N3O7	0.9939698492462312	27.75090794203767	27.75090794203767	0.0	15	0.3500201857085183	3.728478792589588	4.132690302724853	4.659412925820039	
2	C30H58O8	[M + Na]+	C30H58O8	0.006030150753768846	22.255351749376324	21.03613565805826	1.2192160913180627	10	0.21800565199838515	-0.6081803558397167	2.68795524196603	2.3013601062552054	
3	C33H56NO5	[M + Na]+	C33H56NO5	0.0	17.949447513504314	16.67172071394549	1.277726799558823	14	0.3290270488494145	-0.8832418264462862	3.39349513681048	-2.405451599243491	
4	C36H54N2O2	[M + Na]+	C36H54N2O2	0.0	16.936297231128904	16.936297231128904	0.0	11	0.24142107387969308	-0.8308918890461846	3.0166829085822298	-7.1122633047421875	
5	C40H52N	[M + Na]+	C40H52N	0.0	-4.3809146947904685	-4.3809146947904685	0.0	1	0.0	7.382526886144082	7.382526886144082	7.909247797469744	
