rank	molecularFormula	adduct	precursorFormula	ZodiacScore	SiriusScore	TreeScore	IsotopeScore	numExplainedPeaks	explainedIntensity	medianMassErrorFragmentPeaks(ppm)	medianAbsoluteMassErrorFragmentPeaks(ppm)	massErrorPrecursor(ppm)	lipidClass
1	C20H44N3O11	[M + Na]+	C20H44N3O11	0.9834170854271358	79.14595598659707	73.46175957122885	5.68419641536822	35	0.6960591133004925	3.7608341205183486	5.546582380642538	3.3155735809655518	
2	C22H46O12	[M + Na]+	C22H46O12	0.009045226130653268	74.42687032414904	68.11241307185982	6.314457252289221	23	0.4953201970443349	2.9833714761454697	4.9187719720216165	0.7594851058947061	
3	C25H44NO9	[M + Na]+	C25H44NO9	0.007537688442211057	74.13459620426734	69.10831915705393	5.0262770472134175	28	0.5863300492610837	1.8262610020633914	4.853404756296531	-4.342617381573349	
4	C28H42N2O6	[M + Na]+	C28H42N2O6	0.0	63.237793818084135	61.69072605891405	1.5470677591700852	27	0.5769704433497536	1.9839676398440924	5.546582380642538	-9.444719868824976	
