rank	molecularFormula	adduct	precursorFormula	ZodiacScore	SiriusScore	TreeScore	IsotopeScore	numExplainedPeaks	explainedIntensity	medianMassErrorFragmentPeaks(ppm)	medianAbsoluteMassErrorFragmentPeaks(ppm)	massErrorPrecursor(ppm)	lipidClass
1	C20H30O4	[M - H2O + H]+	C20H28O3	0.9999999999999999	170.9000215291001	167.62606394267496	3.2739575864251176	37	0.6638332612976036	1.5801626501395343	4.4083305002678745	-56776.36428682982	
1	C20H28O3	[M + H]+	C20H28O3	0.9999999999999999	170.9000215291001	167.62606394267496	3.2739575864251176	36	0.6638332612976036	1.5801626501395343	4.4083305002678745	1.4035800055790868	
2	C21H28N	[M + Na]+	C21H28N	0.0	164.43880269349853	161.10108328444642	3.337719409052105	38	0.6746866445757096	1.5801626501395343	3.5397567500168243	0.5385800211329466	
3	C18H26N3O2	[M + H]+	C18H26N3O2	0.0	160.22734789684858	157.70606739284406	2.5212805040045088	41	0.7023963886087499	1.9784116850814726	6.057392931771555	5.636351259856335	
3	C18H28N3O3	[M - H2O + H]+	C18H26N3O2	0.0	160.22734789684858	157.70606739284406	2.5212805040045088	42	0.7023963886087499	1.9784116850814726	6.057392931771555	-56772.13151557536	
4	C23H26N	[M + H]+	C23H26N	0.0	148.35587682602252	147.07525354441	1.2806232816125083	33	0.6361235172645632	-0.20423380568855645	5.561510981073237	-7.045279631305219	
4	C23H28NO	[M - H2O + H]+	C23H26N	0.0	148.35587682602252	147.07525354441	1.2806232816125083	34	0.6361235172645632	-0.20423380568855645	5.561510981073237	-56784.81314646653	
