rank	molecularFormula	adduct	precursorFormula	ZodiacScore	SiriusScore	TreeScore	IsotopeScore	numExplainedPeaks	explainedIntensity	medianMassErrorFragmentPeaks(ppm)	medianAbsoluteMassErrorFragmentPeaks(ppm)	massErrorPrecursor(ppm)	lipidClass
1	C34H69NO5	[M + H]+	C34H69NO5	0.9869346733668343	3.20108859330013	0.8900528826878173	2.3110357106123125	1	0.0	1.308657481010324	1.308657481010324	0.9855462901741807	
2	C35H69N2O2	[M + Na]+	C35H69N2O2	0.0065326633165829154	-2.167520094912798	-3.6735567814663987	1.5060366865536006	1	0.0	0.8293985623177657	0.8293985623177657	0.5062872166274998	
3	C40H69	[M + Na]+	C40H69	0.006030150753768845	-1.729800923005092	-1.729800923005092	0.0	1	0.0	-6.196942268551658	6.196942268551658	-6.520055884534248	
4	C37H67N2O2	[M + H]+	C37H67N2O2	5.025125628140704E-4	-3.3353962873102576	-3.9117914060534247	0.5763951187431673	1	0.0	-3.3724886545218706	3.3724886545218706	-3.6956013578906957	
