rank	molecularFormula	adduct	precursorFormula	ZodiacScore	SiriusScore	TreeScore	IsotopeScore	numExplainedPeaks	explainedIntensity	medianMassErrorFragmentPeaks(ppm)	medianAbsoluteMassErrorFragmentPeaks(ppm)	massErrorPrecursor(ppm)	lipidClass
1	C21H34O5	[M + Na]+	C21H34O5	0.9994974874371859	18.321751098665445	16.908696297287584	1.4130548013778608	7	0.46675621222296854	7.294411481787556	7.294411481787556	1.8606944628671829	
2	C19H32N3O4	[M + Na]+	C19H32N3O4	5.025125628140704E-4	11.495488193093612	9.967377825933443	1.5281103671601695	9	0.562122229684352	6.252593961430127	6.982874694914307	5.310279635382499	
3	C24H32NO2	[M + Na]+	C24H32NO2	0.0	11.24740121070047	11.24740121070047	0.0	6	0.35862995298858297	-4.470331746262898	6.745144051306802	-5.0248798281148614	
