rank	molecularFormula	adduct	precursorFormula	ZodiacScore	SiriusScore	TreeScore	IsotopeScore	numExplainedPeaks	explainedIntensity	medianMassErrorFragmentPeaks(ppm)	medianAbsoluteMassErrorFragmentPeaks(ppm)	massErrorPrecursor(ppm)	lipidClass
1	C43H80O13	[M + Na]+	C43H80O13	0.9743718592964825	10.308049837066147	3.499999999999999	6.8080498370661475	1	0.0	NaN	NaN	1.8576661896316025	
2	C50H76O8	[M + Na]+	C50H76O8	0.009045226130653268	5.345956622892018	3.4999999999999996	1.8459566228920186	1	0.0	NaN	NaN	8.954788275676085	
3	C38H80N2O15	[M + Na]+	C38H80N2O15	0.007537688442211056	5.63310752964667	0.38804435669408655	5.245063172952584	1	0.0	NaN	NaN	6.718710038497542	
4	C41H78N3O12	[M + Na]+	C41H78N3O12	0.003015075376884423	4.460458508327174	-2.074357891537736	6.53481639986491	6	0.36686390532544383	-0.30103021958004783	4.691092940993066	3.480145730822371	
5	C49H76N2O7	[M + Na]+	C49H76N2O7	0.003015075376884423	3.9457830299776653	1.0	2.9457830299776653	1	0.0	NaN	NaN	-4.619462425993495	
6	C46H78NO10	[M + Na]+	C46H78NO10	0.0020100502512562816	3.590266648545824	-2.032658661434648	5.622925309980472	6	0.36686390532544383	-0.30103021958004783	4.691092940993066	-1.3808981181809463	
7	C39H82NO15	[M + Na]+	C39H82NO15	0.0010050251256281408	3.9318053273917073	-0.2358529736285071	4.167658301020214	1	0.0	NaN	NaN	-8.478020204362807	
8	C48H74N3O7	[M + Na]+	C48H74N3O7	0.0	-1.4207580951318683	-3.605170185988091	2.1844120908562226	1	0.0	NaN	NaN	10.577267816866852	
