rank	molecularFormula	adduct	precursorFormula	ZodiacScore	SiriusScore	TreeScore	IsotopeScore	numExplainedPeaks	explainedIntensity	medianMassErrorFragmentPeaks(ppm)	medianAbsoluteMassErrorFragmentPeaks(ppm)	massErrorPrecursor(ppm)	lipidClass
1	C18H35NO4	[M + H]+	C18H35NO4	0.8613065326633167	69.02595445956247	69.02595445956247	0.0	16	0.3884717849358198	-0.01224745712532712	5.943071813596475	3.2560204536496347	
2	C21H33N2O	[M + H]+	C21H33N2O	0.13869346733668342	67.40925651225557	67.40925651225557	0.0	14	0.35674497457011384	-0.42427180468993075	5.943071813596475	-4.858906411963501	
