rank	molecularFormula	adduct	precursorFormula	ZodiacScore	SiriusScore	TreeScore	IsotopeScore	numExplainedPeaks	explainedIntensity	medianMassErrorFragmentPeaks(ppm)	medianAbsoluteMassErrorFragmentPeaks(ppm)	massErrorPrecursor(ppm)	lipidClass
1	C6H8O4	[M - H2O + H]+	C6H6O3	0.9999999999999999	3.605787685426785	3.605787685426785	0.0	3	0.031511767052253684	-4.528246669301869	9.483362314066138	-141766.32398480017	
1	C6H6O3	[M + H]+	C6H6O3	0.9999999999999999	3.605787685426785	3.605787685426785	0.0	2	0.031511767052253684	-4.528246669301869	9.483362314066138	4.941986340850008	
2	CH8N3O2S	[M + H]+	CH8N3O2S	0.0	-2.386974558460823	-2.386974558460823	0.0	1	0.0	-11.011905662009486	11.011905662009486	-11.02503517556066	
3	C7H6N	[M + Na]+	C7H6N	0.0	-3.7570712280643512	-3.7570712280643512	0.0	1	0.0	2.79525368039859	2.79525368039859	2.7821243481267053	
4	C4H4N3O2	[M + H]+	C4H4N3O2	0.0	-4.654019219419109	-4.654019219419109	0.0	2	0.031511767052253684	6.802074331112014	8.722060737467427	15.511005903429737	
4	C4H6N3O3	[M - H2O + H]+	C4H4N3O2	0.0	-4.654019219419109	-4.654019219419109	0.0	3	0.031511767052253684	6.802074331112014	8.722060737467427	-141755.7549652375	
5	C4H10NO	[M + K]+	C4H10NO	0.0	-4.68945495350659	-4.68945495350659	0.0	1	0.0	1.597611370457716	1.597611370457716	1.5844820224615432	
