rank	molecularFormula	adduct	precursorFormula	ZodiacScore	SiriusScore	TreeScore	IsotopeScore	numExplainedPeaks	explainedIntensity	medianMassErrorFragmentPeaks(ppm)	medianAbsoluteMassErrorFragmentPeaks(ppm)	massErrorPrecursor(ppm)	lipidClass
1	C34H67NO4	[M + H]+	C34H67NO4	0.9994974874371858	13.288278949354819	13.288278949354819	0.0	13	0.289422028353326	6.286784940295196	6.674415672099805	0.7687402641674376	
2	C37H65N2O	[M + H]+	C37H65N2O	5.025125628140704E-4	8.210123733255857	8.210123733255857	0.0	9	0.23794983642311884	-3.96184961676638	9.699189143596183	-4.0644516067392855	
