rank	molecularFormula	adduct	precursorFormula	ZodiacScore	SiriusScore	TreeScore	IsotopeScore	numExplainedPeaks	explainedIntensity	medianMassErrorFragmentPeaks(ppm)	medianAbsoluteMassErrorFragmentPeaks(ppm)	massErrorPrecursor(ppm)	lipidClass
1	C25H48O6	[M + Na]+	C25H48O6	0.9763819095477388	48.292667329779555	48.292667329779555	0.0	21	0.7052122885743872	-3.024948118057816	5.029851740500575	0.8569788070205229	
2	C29H48OS	[M + Na]+	C29H48OS	0.02361809045226131	50.1895507190118	50.1895507190118	0.0	21	0.7053848809112874	-2.517405738905939	5.029851740500575	6.210957324034562	
3	C26H52OS2	[M + Na]+	C26H52OS2	0.0	45.50083432430703	45.50083432430703	0.0	21	0.7053848809112874	-2.517405738905939	5.029851740500575	-1.0025620757236908	
4	C28H46NO3	[M + Na]+	C28H46NO3	0.0	41.8153743228097	41.8153743228097	0.0	21	0.7052122885743872	-3.024948118057816	5.029851740500575	-4.877831683419218	
5	C23H46N3O5	[M + Na]+	C23H46N3O5	0.0	40.90572339858981	40.90572339858981	0.0	21	0.7052122885743872	-3.024948118057816	5.029851740500575	3.730045946956172	
6	C27H46N3S	[M + Na]+	C27H46N3S	0.0	40.70173535444232	40.70173535444232	0.0	21	0.7053848809112874	-2.517405738905939	5.029851740500575	9.084024463970211	
7	C24H50N3S2	[M + Na]+	C24H50N3S2	0.0	40.122662602307074	40.122662602307074	0.0	21	0.7053848809112874	-2.517405738905939	5.029851740500575	1.8705050642119585	
