rank	molecularFormula	adduct	precursorFormula	ZodiacScore	SiriusScore	TreeScore	IsotopeScore	numExplainedPeaks	explainedIntensity	medianMassErrorFragmentPeaks(ppm)	medianAbsoluteMassErrorFragmentPeaks(ppm)	massErrorPrecursor(ppm)	lipidClass
1	C21H32O4	[M + H]+	C21H32O4	0.9999999999999999	94.49297209275556	94.49297209275556	0.0	38	0.8614822732941387	0.7701289497051462	3.378254210499686	1.3099822562024355	
2	C18H36O4S	[M + H]+	C18H36O4S	0.0	73.87895790239386	73.87895790239386	0.0	36	0.8466060929983967	0.7701289497051462	3.6249512624194646	-8.342833284493745	
3	C24H30NO	[M + H]+	C24H30NO	0.0	72.15408654239263	72.15408654239263	0.0	36	0.8466060929983967	0.7701289497051462	3.6249512624194646	-6.364089823751392	
4	C19H30N3O3	[M + H]+	C19H30N3O3	0.0	72.12580934933925	72.12580934933925	0.0	36	0.8466060929983967	0.9402862680496591	3.6249512624194646	5.15459479580937	
5	C16H34N3O3S	[M + H]+	C16H34N3O3S	0.0	70.29702765803354	70.29702765803354	0.0	36	0.8466060929983967	0.7701289497051462	3.6249512624194646	-4.498220744724046	
