rank	molecularFormula	adduct	precursorFormula	ZodiacScore	SiriusScore	TreeScore	IsotopeScore	numExplainedPeaks	explainedIntensity	medianMassErrorFragmentPeaks(ppm)	medianAbsoluteMassErrorFragmentPeaks(ppm)	massErrorPrecursor(ppm)	lipidClass
1	C21H44N3O3S	[M + Na]+	C21H44N3O3S	0.9984924623115577	81.49093428501129	81.49093428501129	0.0	34	0.7214182344428361	-1.3213077109754057	3.364215940290265	-3.314488499710024	
2	C24H40N3O3	[M + Na]+	C24H40N3O3	0.0015075376884422112	74.72445069460763	74.72445069460763	0.0	29	0.6457308248914614	6.639933278139578	7.559788345676753	4.324628977483952	
3	C26H42O4	[M + Na]+	C26H42O4	0.0	71.71267261998543	71.71267261998543	0.0	21	0.5344428364688857	0.16510899530769563	5.93470336664928	1.282050703763799	
4	C23H46O4S	[M + Na]+	C23H46O4S	0.0	64.66954993362079	64.66954993362079	0.0	23	0.5531114327062226	3.4223490069852884	5.93470336664928	-6.3570667733013675	
5	C22H46N2OS2	[M + Na]+	C22H46N2OS2	0.0	58.39502946483153	58.39502946483153	0.0	19	0.5101302460202605	0.8976334962382588	5.93470336664928	8.428539724570548	
6	C29H40NO	[M + Na]+	C29H40NO	0.0	48.722109960963266	48.722109960963266	0.0	17	0.48437047756874096	7.640358804825239	8.172445318900023	-4.79111394960257	
