rank	molecularFormula	adduct	precursorFormula	ZodiacScore	SiriusScore	TreeScore	IsotopeScore	numExplainedPeaks	explainedIntensity	medianMassErrorFragmentPeaks(ppm)	medianAbsoluteMassErrorFragmentPeaks(ppm)	massErrorPrecursor(ppm)	lipidClass
1	C29H48O3	[M + H]+	C29H48O3	0.9999999999999999	66.79751617640929	63.56648385120636	3.231032325202929	26	0.7355079334976931	1.0531469160372149	3.7094380498939206	1.0042942435907496	
1	C29H52O5	[M - H4O2 + H]+	C29H48O3	0.9999999999999999	66.79751617640929	63.56648385120636	3.231032325202929	27	0.7355079334976931	1.0531469160372149	3.7094380498939206	-80878.45668389075	
2	C27H46N3O2	[M + H]+	C27H46N3O2	0.0	57.46436692188482	53.697322256351114	3.7670446655337053	26	0.7355079334976931	1.0531469160372149	3.7094380498939206	4.019068074543459	
2	C27H50N3O4	[M - H4O2 + H]+	C27H46N3O2	0.0	57.46436692188482	53.697322256351114	3.7670446655337053	27	0.7355079334976931	1.0531469160372149	3.7094380498939206	-80875.4419100598	
3	C32H50NO2	[M - H4O2 + H]+	C32H46N	0.0	49.15087312595597	49.15087312595597	0.0	29	0.7010556925216516	-0.25854444107282726	3.771341995613995	-80884.47434924627	
3	C32H46N	[M + H]+	C32H46N	0.0	49.15087312595597	49.15087312595597	0.0	28	0.7010556925216516	-0.25854444107282726	3.771341995613995	-5.013371111921285	
