rank	molecularFormula	adduct	precursorFormula	ZodiacScore	SiriusScore	TreeScore	IsotopeScore	numExplainedPeaks	explainedIntensity	medianMassErrorFragmentPeaks(ppm)	medianAbsoluteMassErrorFragmentPeaks(ppm)	massErrorPrecursor(ppm)	lipidClass
1	C20H32O2	[M - H2O + H]+	C20H30O	0.9999999999999999	87.87618872075572	87.87618872075572	0.0	43	0.9300914577559888	1.364422715525255	3.80045740552269	-62701.16662355016	
1	C20H30O	[M + H]+	C20H30O	0.9999999999999999	87.87618872075572	87.87618872075572	0.0	42	0.9300914577559888	1.364422715525255	3.80045740552269	1.5506144898523606	
2	C18H30N3O	[M - H2O + H]+	C18H28N3	0.0	60.38265048324293	60.38265048324293	0.0	34	0.8358560484361299	1.498731657206239	4.80287985624901	-62696.49214850345	
2	C18H28N3	[M + H]+	C18H28N3	0.0	60.38265048324293	60.38265048324293	0.0	33	0.8358560484361299	1.498731657206239	4.80287985624901	6.225089536365722	
3	C15H32N3S	[M + H]+	C15H32N3S	0.0	57.54669907367295	57.54669907367295	0.0	33	0.8358560484361299	1.498731657206239	4.80287985624901	-5.511293495705247	
3	C15H34N3OS	[M - H2O + H]+	C15H32N3S	0.0	57.54669907367295	57.54669907367295	0.0	34	0.8358560484361299	1.498731657206239	4.80287985624901	-62708.228531535715	
