rank	molecularFormula	adduct	precursorFormula	ZodiacScore	SiriusScore	TreeScore	IsotopeScore	numExplainedPeaks	explainedIntensity	medianMassErrorFragmentPeaks(ppm)	medianAbsoluteMassErrorFragmentPeaks(ppm)	massErrorPrecursor(ppm)	lipidClass
1	C10H10O4	[M - H2O + H]+	C10H8O3	0.9999999999999999	28.268393260339096	25.493553935095054	2.7748393252440415	4	0.35714285714285715	2.143017195185861	4.3474538122972275	-101720.89574728315	
1	C10H8O3	[M + H]+	C10H8O3	0.9999999999999999	28.268393260339096	25.493553935095054	2.7748393252440415	3	0.35714285714285715	2.143017195185861	4.3474538122972275	2.1022901549018274	
2	C8H8N3O3	[M - H2O + H]+	C8H6N3O2	0.0	21.961877611487203	20.445307127272592	1.5165704842146095	5	0.5285714285714285	12.77324879605829	12.77324879605829	-101713.31231809623	
2	C8H6N3O2	[M + H]+	C8H6N3O2	0.0	21.961877611487203	20.445307127272592	1.5165704842146095	4	0.5285714285714285	12.77324879605829	12.77324879605829	9.685719341669564	
3	C5H10N3O2S	[M + H]+	C5H10N3O2S	0.0	13.350989692842735	13.350989692842735	0.0	4	0.5285714285714285	-11.149098080913937	11.149098080913937	-9.354285952132276	
3	C5H12N3O3S	[M - H2O + H]+	C5H10N3O2S	0.0	13.350989692842735	13.350989692842735	0.0	5	0.5285714285714285	-11.149098080913937	11.149098080913937	-101732.35232339003	
4	C3H12N3O2S	[M + Na]+	C3H12N3O2S	0.0	5.80477205273334	5.80477205273334	0.0	2	0.11904761904761904	5.922250978998691	5.922250978998691	4.232950206050483	
5	C8H12NO	[M + K]+	C8H12NO	0.0	3.455046951967902	3.455046951967902	0.0	2	0.23809523809523808	-5.327609074289169	5.327609074289169	-0.3067692751735253	
6	C11H8N	[M + Na]+	C11H8N	0.0	-1.4097716555402888	-3.6479599464028922	2.2381882908626034	1	0.0	0.5932840612068626	0.5932840612068626	0.5525569578066494	
