rank	molecularFormula	adduct	precursorFormula	ZodiacScore	SiriusScore	TreeScore	IsotopeScore	numExplainedPeaks	explainedIntensity	medianMassErrorFragmentPeaks(ppm)	medianAbsoluteMassErrorFragmentPeaks(ppm)	massErrorPrecursor(ppm)	lipidClass
1	C10H12O2	[M + H]+	C10H12O2	0.9999999999999999	22.66906651547061	22.66906651547061	0.0	3	0.08560053085600532	16.468775088233425	16.468775088233425	2.60821730769095	
1	C10H14O3	[M - H2O + H]+	C10H12O2	0.9999999999999999	22.66906651547061	22.66906651547061	0.0	4	0.08560053085600532	16.468775088233425	16.468775088233425	-109091.87328480626	
2	C8H10N3O	[M + H]+	C8H10N3O	0.0	3.70671796089366	3.70671796089366	0.0	3	0.112806901128069	4.035207253824983	13.172484772487927	10.741189114631366	
2	C8H12N3O2	[M - H2O + H]+	C8H10N3O	0.0	3.70671796089366	3.70671796089366	0.0	4	0.112806901128069	4.035207253824983	13.172484772487927	-109083.74031299951	
3	C5H16N3O2S	[M - H2O + H]+	C5H14N3OS	0.0	1.0628975188896579	1.0628975188896579	0.0	4	0.112806901128069	-12.320599297941655	12.320599297941655	-109104.16007593808	
3	C5H14N3OS	[M + H]+	C5H14N3OS	0.0	1.0628975188896579	1.0628975188896579	0.0	3	0.112806901128069	-12.320599297941655	12.320599297941655	-9.678573823935851	
4	C8H16N	[M + K]+	C8H16N	0.0	-3.605170185988091	-3.605170185988091	0.0	1	0.0	NaN	NaN	0.024582392432052798	
