rank	molecularFormula	adduct	precursorFormula	ZodiacScore	SiriusScore	TreeScore	IsotopeScore	numExplainedPeaks	explainedIntensity	medianMassErrorFragmentPeaks(ppm)	medianAbsoluteMassErrorFragmentPeaks(ppm)	massErrorPrecursor(ppm)	lipidClass
1	C26H56N3O14	[M + Na]+	C26H56N3O14	0.9989949748743718	117.96587559846566	112.168093386742	5.797782211723653	36	0.710060930301679	4.731570495572072	4.788483916679696	3.4978858890593907	
2	C28H58O15	[M + Na]+	C28H58O15	0.0010050251256281408	108.76356971065152	103.00396278307439	5.759606927577135	33	0.6746916332293059	3.4414887361277744	4.783184216384357	1.4553701085291464	
3	C34H54N2O9	[M + Na]+	C34H54N2O9	0.0	108.01203424360624	108.01203424360624	0.0	37	0.7192747807995244	2.0009521190658206	5.783810141598856	-6.698592436248479	
4	C35H54O10	[M + Na]+	C35H54O10	0.0	106.29193589316768	106.29193589316768	0.0	30	0.6373903997622232	5.428160681147906	5.428160681147906	10.38983337178232	
5	C41H50N2O4	[M + Na]+	C41H50N2O4	0.0	106.24157349885347	106.24157349885347	0.0	27	0.5959280725219201	4.0984590253946385	4.783184216384357	2.2358708268317526	
6	C31H56NO12	[M + Na]+	C31H56NO12	0.0	105.47908647351568	102.0856396843803	3.393446789135381	34	0.6853915886461583	3.5237821384893504	4.500377376489407	-2.6216111637731947	
7	C38H52NO7	[M + Na]+	C38H52NO7	0.0	99.78709275157361	99.78709275157361	0.0	29	0.6278793282805765	4.422103119218694	4.783184216384357	6.312852099479978	
8	C44H48N3O	[M + Na]+	C44H48N3O	0.0	35.10820856496788	35.10820856496788	0.0	18	0.2942487739634418	3.7699738807612064	4.6926939526579865	-1.8411104454705887	
9	C46H50O2	[M + Na]+	C46H50O2	0.0	18.963381083664984	18.963381083664984	0.0	12	0.18784366176252043	3.7699738807612064	4.408291609561498	-3.8836262258278906	
