rank	molecularFormula	adduct	precursorFormula	ZodiacScore	SiriusScore	TreeScore	IsotopeScore	numExplainedPeaks	explainedIntensity	medianMassErrorFragmentPeaks(ppm)	medianAbsoluteMassErrorFragmentPeaks(ppm)	massErrorPrecursor(ppm)	lipidClass
1	C34H70N2O9	[M + Na]+	C34H70N2O9	0.9999999999999999	120.9352560172832	120.9352560172832	0.0	37	0.7554902140953782	4.885185722657913	6.536182267735688	5.365246220165223	
2	C39H70O7	[M + Na]+	C39H70O7	0.0	110.75422746322735	110.75422746322735	0.0	30	0.6890563263805939	2.869593033001967	3.772913694800371	-0.6076628073875351	
3	C45H66N2O	[M + Na]+	C45H66N2O	0.0	105.02035549704087	105.02035549704087	0.0	30	0.6872185978131032	2.6908991813283887	5.122598446701925	-8.56630321109829	
4	C37H68N3O6	[M + Na]+	C37H68N3O6	0.0	102.52107977050329	102.52107977050329	0.0	31	0.6974179913626759	2.7771377947085245	4.276497836333027	1.385926018478645	
5	C42H68NO4	[M + Na]+	C42H68NO4	0.0	102.13876809919199	102.13876809919199	0.0	30	0.6890563263805939	2.6908991813283887	4.58084177949547	-4.586983009074113	
6	C46H66O2	[M + Na]+	C46H66O2	0.0	95.19471829922568	95.19471829922568	0.0	29	0.6356703114949925	4.885185722657913	5.226205780158456	8.112781997258942	
7	C44H64N3O	[M + Na]+	C44H64N3O	0.0	84.54522455754977	84.54522455754977	0.0	30	0.6377836993476065	3.619273053814218	4.9520884179516536	10.106370822956324	
