rank	molecularFormula	adduct	precursorFormula	ZodiacScore	SiriusScore	TreeScore	IsotopeScore	numExplainedPeaks	explainedIntensity	medianMassErrorFragmentPeaks(ppm)	medianAbsoluteMassErrorFragmentPeaks(ppm)	massErrorPrecursor(ppm)	lipidClass
1	C22H42O8	[M + Na]+	C22H42O8	0.7582914572864322	9.893464210354423	3.5	6.3934642103544235	1	0.0	NaN	NaN	1.1516675257661926	
2	C24H40O8	[M + H]+	C24H40O8	0.2256281407035176	8.638692272654836	3.500000000000001	5.138692272654835	1	0.0	NaN	NaN	-4.1092229961375	
3	C19H40N2O10	[M + H]+	C19H40N2O10	0.015577889447236181	5.976505889073845	0.7991112038546264	5.177394685219219	1	0.0	NaN	NaN	4.687969306144552	
4	C22H38N3O7	[M + H]+	C22H38N3O7	5.025125628140704E-4	2.4300932311852836	-3.605170185988091	6.035263417173375	1	0.0	NaN	NaN	-1.1729679500316466	
5	C20H40N3O7	[M + Na]+	C20H40N3O7	0.0	2.7320048248842377	-2.69972423133737	5.431729056221608	3	0.07680168332456601	2.96187240429967	4.8251079731257915	4.087922571747738	
6	C25H40NO5	[M + Na]+	C25H40NO5	0.0	0.848702380668743	-3.605170185988091	4.453872566656834	1	0.0	NaN	NaN	-4.709269730534314	
7	C22H44NO6	[M + K]+	C22H44NO6	0.0	-2.3033976577990125	-3.605170185988091	1.3017725281890784	1	0.0	NaN	NaN	-5.041995325589801	
