rank	molecularFormula	adduct	precursorFormula	ZodiacScore	SiriusScore	TreeScore	IsotopeScore	numExplainedPeaks	explainedIntensity	medianMassErrorFragmentPeaks(ppm)	medianAbsoluteMassErrorFragmentPeaks(ppm)	massErrorPrecursor(ppm)	lipidClass
1	C22H49O4	[M - H2O + H]+	C22H47O3	0.8743718592964823	38.858189162048234	37.99294452532822	0.8652446367200131	12	0.32606873428331945	10.93695516825834	10.93695516825834	-49969.64199265609	
1	C22H47O3	[M + H]+	C22H47O3	0.8743718592964823	38.858189162048234	37.99294452532822	0.8652446367200131	11	0.32606873428331945	10.93695516825834	10.93695516825834	9.288910843233031	
2	C25H45N	[M + H]+	C25H45N	0.10954773869346734	36.494342524587935	32.83817495936324	3.6561675652246945	14	0.3825090807488125	-1.8077272725895943	8.185995102869633	1.8517573962082972	
2	C25H47NO	[M - H2O + H]+	C25H45N	0.10954773869346734	36.494342524587935	32.83817495936324	3.6561675652246945	15	0.3825090807488125	-1.8077272725895943	8.185995102869633	-49977.07914610296	
3	C23H47N	[M + Na]+	C23H47N	0.016080402010050253	34.157671710715256	32.54505270031554	1.6126190103997198	18	0.46465493154512433	3.076913429946037	7.557862098930726	8.527490025219263	
