rank	molecularFormula	adduct	precursorFormula	ZodiacScore	SiriusScore	TreeScore	IsotopeScore	numExplainedPeaks	explainedIntensity	medianMassErrorFragmentPeaks(ppm)	medianAbsoluteMassErrorFragmentPeaks(ppm)	massErrorPrecursor(ppm)	lipidClass
1	C38H68O11	[M - H4O2 + H]+	C38H64O9	0.7512562814070352	5.82972271533575	3.5	2.32972271533575	2	0.0	NaN	NaN	-54132.46335081081	
2	C33H68N2O13	[M - H4O2 + H]+	C33H64N2O11	0.1743718592964824	4.343236006167568	1.0	3.343236006167568	2	0.0	NaN	NaN	-54126.41827309436	
3	C45H64O6	[M - H4O2 + H]+	C45H60O4	0.0743718592964824	3.5	3.5	0.0	2	0.0	NaN	NaN	-54123.63753974906	
4	C36H66N3O10	[M - H4O2 + H]+	C36H62N3O8	0.0	-0.7261931824008605	-3.605170185988091	2.8789770035872304	2	0.0	NaN	NaN	-54130.44567410915	
5	C43H62N3O5	[M - H4O2 + H]+	C43H58N3O3	0.0	-3.605170185988091	-3.605170185988091	0.0	2	0.0	NaN	NaN	-54121.619863047585	
6	C48H62NO3	[M - H4O2 + H]+	C48H58NO	0.0	-3.605170185988091	-3.605170185988091	0.0	2	0.0	NaN	NaN	-54127.66494076387	
7	C41H66NO8	[M - H4O2 + H]+	C41H62NO6	0.0	-3.605170185988091	-3.605170185988091	0.0	2	0.0	NaN	NaN	-54136.49075182559	
