rank	molecularFormula	adduct	precursorFormula	ZodiacScore	SiriusScore	TreeScore	IsotopeScore	numExplainedPeaks	explainedIntensity	medianMassErrorFragmentPeaks(ppm)	medianAbsoluteMassErrorFragmentPeaks(ppm)	massErrorPrecursor(ppm)	lipidClass
1	C23H36OS	[M - H2O + H]+	C23H34S	0.7336683417085428	86.56434710971178	86.56434710971178	0.0	22	0.5451004829412688	-0.5437598305672977	6.387803203359552	-52462.05877076559	
2	C20H40OS2	[M - H2O + H]+	C20H38S2	0.26633165829145733	85.70667793961415	85.70667793961415	0.0	22	0.5451004829412688	-0.885989000547274	5.971532316749811	-52471.88001851364	
3	C17H34N3O5	[M - H2O + H]+	C17H32N3O4	0.0	71.0023071757114	71.0023071757114	0.0	22	0.5186166069481234	1.390096791234222	5.971532316749811	-52465.43654573575	
4	C19H36O6	[M - H2O + H]+	C19H34O5	0.0	68.91132088886107	68.91132088886107	0.0	17	0.4545879420470484	2.2084272488120242	4.46679029402261	-52469.348243010594	
5	C22H34NO3	[M - H2O + H]+	C22H32NO2	0.0	66.60305003067691	66.60305003067691	0.0	19	0.4781118554291952	-0.7148744155572859	6.162352109758212	-52477.156220156496	
