rank	formulaRank	ConfidenceScore	CSI:FingerIDScore	molecularFormula	adduct	InChIkey2D	InChI	name	smiles	xlogp	pubchemids	links	dbflags
1	1	0.2522064693569204	-153.57806928647796	C30H22O10	[M + H]+	RNDNBGULZNCSNB	InChI=1S/C30H22O10/c31-15-5-1-13(2-6-15)26-21(36)11-18-19(34)12-23-25(27(18)40-26)30(29(37)39-23)24-20(35)9-17(33)10-22(24)38-28(30)14-3-7-16(32)8-4-14/h1-10,12,21,26,28,31-36H,11H2	larixinol	C1C(C(OC2=C1C(=CC3=C2C4(C(OC5=CC(=CC(=C54)O)O)C6=CC=C(C=C6)O)C(=O)O3)O)C7=CC=C(C=C7)O)O	3.29999995	21676379;44559538;73822597;102594520;129317259;133561944;137705509	COCONUT:(CNP0173561);KNApSAcK:(8957);Natural Products:(UNPD40929 UNPD66534);PubChem:(21676379 44559538 73822597 102594520 129317259 133561944 137705509);PNC:(LTS0049608 LTS0269975);SuperNatural:(SN00237764 SN00250793);MeSH:(21676379 44559538 129317259);PubMed	68722655318