rank	molecularFormula	adduct	precursorFormula	ZodiacScore	SiriusScore	TreeScore	IsotopeScore	numExplainedPeaks	explainedIntensity	medianMassErrorFragmentPeaks(ppm)	medianAbsoluteMassErrorFragmentPeaks(ppm)	massErrorPrecursor(ppm)	lipidClass
1	C29H48O2	[M + H]+	C29H48O2	0.9999999999999999	109.80955032731532	109.20234767744743	0.607202649867882	23	0.6532199270959904	1.380551397706726	3.747042223080269	0.17792878556603375	
2	C27H46N3O	[M + H]+	C27H46N3O	0.0	100.04616460756807	99.15027985880133	0.8958847487667474	23	0.6532199270959904	1.5067299422484663	4.469890847505051	3.305011011573775	
