rank	formulaRank	ConfidenceScore	CSI:FingerIDScore	molecularFormula	adduct	InChIkey2D	InChI	name	smiles	xlogp	pubchemids	links	dbflags
1	1	0.05656665010002888	-191.78201180902454	C29H48O2	[M + H]+	HMMVBUVVQLUGQA	InChI=1S/C29H48O2/c1-7-20(18(2)3)9-8-19(4)23-10-11-24-22-17-27(31)26-16-21(30)12-14-29(26,6)25(22)13-15-28(23,24)5/h18-20,22-26H,7-17H2,1-6H3	Stigmastane-3,6-dione	CCC(CCC(C)C1CCC2C1(CCC3C2CC(=O)C4C3(CCC(=O)C4)C)C)C(C)C	8.10000038	543599;5321509;10025616;13992092;13992093;24782428;71657091;86326416;92043363;101075774;102253323;124519141;125121406;125121407;124397277;126969890;129716106;138113712	COCONUT:(CNP0211215);HMDB:(39822);KNApSAcK:(31395);Natural Products:(UNPD69136 UNPD121785);PubChem:(543599 5321509 10025616 13992092 13992093 24782428 71657091 86326416 92043363 101075774 102253323 124519141 125121406 125121407 124397277 126969890 129716106 138113712);PNC:(LTS0214835 LTS0212919);SuperNatural:(SN00326715 SN00161960 SN00163028);PubChem class - bio and metabolites;MeSH:(543599 13992092 13992093 126969890 138113712);PubMed	68739432542
2	1	N/A	-231.26787416109053	C29H48O2	[M + H]+	AOSOLLDONLOYAH	InChI=1S/C29H48O2/c1-19(9-10-20(2)30)21-13-17-29(7)23-11-12-24-26(3,4)25(31-8)15-16-27(24,5)22(23)14-18-28(21,29)6/h14,19,21,23-25H,9-13,15-18H2,1-8H3	null	CC(CCC(=O)C)C1CCC2(C1(CC=C3C2CCC4C3(CCC(C4(C)C)OC)C)C)C	6.97547197	""	COCONUT:(CNP0121793);Natural Products:(UNPD95737);PNC:(LTS0270354);SuperNatural:(SN00343622)	68722655232