rank	molecularFormula	adduct	precursorFormula	ZodiacScore	SiriusScore	TreeScore	IsotopeScore	numExplainedPeaks	explainedIntensity	medianMassErrorFragmentPeaks(ppm)	medianAbsoluteMassErrorFragmentPeaks(ppm)	massErrorPrecursor(ppm)	lipidClass
1	C19H16O4	[M + H]+	C19H16O4	0.9999999999999999	50.471000918074694	44.47389246396052	5.997108454114175	10	0.5919724770642201	0.4984394164796102	5.904274421270462	1.4494958086310685	
2	C17H14N3O3	[M + H]+	C17H14N3O3	0.0	39.42108581275463	34.52915254226464	4.891933270489995	10	0.5894495412844036	0.4984394164796102	5.293055402025093	5.793168863925732	
3	C22H14NO	[M + H]+	C22H14NO	0.0	21.77244372941307	19.31359410091218	2.4588496285008907	7	0.4995412844036697	-5.386578499791641	6.421970342749283	-7.220730325910044	
4	C7H17NO11	[M + H3N + H]+	C7H20N2O11	0.0	-1.4963964935246166	-1.4963964935246166	0.0	1	NaN	-5.130535334549767	5.130535334549767	-4.53689264254488	
