rank	molecularFormula	adduct	precursorFormula	ZodiacScore	SiriusScore	TreeScore	IsotopeScore	numExplainedPeaks	explainedIntensity	medianMassErrorFragmentPeaks(ppm)	medianAbsoluteMassErrorFragmentPeaks(ppm)	massErrorPrecursor(ppm)	lipidClass
1	C20H28O4	[M - H2O + H]+	C20H26O3	0.9999999999999999	151.4973487174862	151.4973487174862	0.0	47	0.9239935748172682	0.7478978479280233	3.049019545173045	-57138.181609999825	
2	C17H32O4S	[M - H2O + H]+	C17H30O3S	0.0	113.24882059989382	113.24882059989382	0.0	49	0.9358228841101244	-0.17830388096337174	3.239002725873944	-57148.87693883763	
3	C18H26N3O3	[M - H2O + H]+	C18H24N3O2	0.0	112.77178347169493	112.77178347169493	0.0	47	0.9239935748172682	0.7478978479280233	3.12401299840593	-57133.921775634226	
4	C15H30N3O3S	[M - H2O + H]+	C15H28N3O2S	0.0	99.19312015033873	99.19312015033873	0.0	47	0.928027991881358	-1.1168065923788615	3.0104833096485812	-57144.61710447184	
5	C23H26NO	[M - H2O + H]+	C23H24N	0.0	88.21722072848704	88.21722072848704	0.0	35	0.8393330759939731	-0.17830388096337174	2.886852796742831	-57146.684489193365	
