rank	molecularFormula	adduct	precursorFormula	ZodiacScore	SiriusScore	TreeScore	IsotopeScore	numExplainedPeaks	explainedIntensity	medianMassErrorFragmentPeaks(ppm)	medianAbsoluteMassErrorFragmentPeaks(ppm)	massErrorPrecursor(ppm)	lipidClass
1	C20H30O2	[M - H2O + H]+	C20H28O	0.9999999999999999	75.5197002544299	75.5197002544299	0.0	27	0.7973222669857329	1.8824130473490928	2.6729467766822195	-63143.67471975066	
1	C20H28O	[M + H]+	C20H28O	0.9999999999999999	75.5197002544299	75.5197002544299	0.0	26	0.7973222669857329	1.8824130473490928	2.6729467766822195	2.124449676906844	
2	C18H28N3O	[M - H2O + H]+	C18H26N3	0.0	59.491422687840085	59.491422687840085	0.0	27	0.7973222669857329	1.892263029810311	3.2761680621293294	-63138.96721303446	
2	C18H26N3	[M + H]+	C18H26N3	0.0	59.491422687840085	59.491422687840085	0.0	26	0.7973222669857329	1.892263029810311	3.2761680621293294	6.831956392908614	
3	C17H32OS	[M + H]+	C17H32OS	0.0	58.17080554360379	58.17080554360379	0.0	23	0.7865992184896861	1.6330405988872232	3.5008211573786854	-9.694867229530509	
3	C17H34O2S	[M - H2O + H]+	C17H32OS	0.0	58.17080554360379	58.17080554360379	0.0	24	0.7865992184896861	1.6330405988872232	3.5008211573786854	-63155.494036657095	
4	C13H32N3S	[M + Na]+	C13H32N3S	0.0	55.392290067537104	55.392290067537104	0.0	23	0.7865992184896861	2.1514854607333986	3.45441885598443	3.447083046782931	
5	C15H32N3OS	[M - H2O + H]+	C15H30N3S	0.0	55.05593579329736	55.05593579329736	0.0	24	0.7865992184896861	1.6330405988872232	3.5008211573786854	-63150.7865299407	
5	C15H30N3S	[M + H]+	C15H30N3S	0.0	55.05593579329736	55.05593579329736	0.0	23	0.7865992184896861	1.6330405988872232	3.5008211573786854	-4.987360513329444	
