rank	molecularFormula	adduct	precursorFormula	ZodiacScore	SiriusScore	TreeScore	IsotopeScore	numExplainedPeaks	explainedIntensity	medianMassErrorFragmentPeaks(ppm)	medianAbsoluteMassErrorFragmentPeaks(ppm)	massErrorPrecursor(ppm)	lipidClass
1	C14H20	[M + H]+	C14H20	0.9999999999999999	30.05801683038997	30.05801683038997	0.0	6	0.373427692025292	5.062550683949715	5.062550683949715	1.6163433547629134	
1	C14H22O	[M - H2O + H]+	C14H20	0.9999999999999999	30.05801683038997	30.05801683038997	0.0	7	0.373427692025292	5.062550683949715	5.062550683949715	-95209.71771652394	
