rank	molecularFormula	adduct	precursorFormula	ZodiacScore	SiriusScore	TreeScore	IsotopeScore	numExplainedPeaks	explainedIntensity	medianMassErrorFragmentPeaks(ppm)	medianAbsoluteMassErrorFragmentPeaks(ppm)	massErrorPrecursor(ppm)	lipidClass
1	C28H42O6	[M + Na]+	C28H42O6	0.9979899497487437	111.66512411290744	105.79716565472685	5.867958458180581	25	0.557644110275689	1.7984872454531824	7.322782100252548	1.265044389088301	
2	C26H40N3O5	[M + Na]+	C26H40N3O5	0.0020100502512562816	106.58344437976383	101.67138722910077	4.912057150663063	31	0.6276629072681704	1.7984872454531824	5.475928843425553	3.9650573194190035	
3	C31H40NO3	[M + Na]+	C31H40NO3	0.0	106.26493704731324	101.06830006610416	5.196636981209084	29	0.606829573934837	1.4739065198237293	5.995042867842731	-4.124339750589803	
4	C19H44N3O10	[M + Na]+	C19H44N3O10	0.0	100.33987523557434	99.535526890011	0.8043483455633371	28	0.5930451127819548	2.0728115895416885	7.2831044537777165	-7.845459185316911	
5	C34H38N2	[M + Na]+	C34H38N2	0.0	87.68625506892128	85.80513211307371	1.8811229558475717	20	0.4916979949874686	-0.18710554553457387	7.590762247499224	-9.513723890267906	
