rank	molecularFormula	adduct	precursorFormula	ZodiacScore	SiriusScore	TreeScore	IsotopeScore	numExplainedPeaks	explainedIntensity	medianMassErrorFragmentPeaks(ppm)	medianAbsoluteMassErrorFragmentPeaks(ppm)	massErrorPrecursor(ppm)	lipidClass
1	C11H10O4	[M + H]+	C11H10O4	0.9999999999999999	26.064653764250036	26.064653764250036	0.0	5	0.09348364036293652	-4.834435115907728	4.834435115907728	2.4120926827714237	
1	C11H12O5	[M - H2O + H]+	C11H10O4	0.9999999999999999	26.064653764250036	26.064653764250036	0.0	6	0.09348364036293652	-4.834435115907728	4.834435115907728	-86977.54650789926	
2	C9H14NO2	[M + K]+	C9H14NO2	0.0	17.919695897453824	17.919695897453824	0.0	5	0.09375859224635692	-7.041975406485454	7.696658698239572	0.3521859407069078	
3	C9H8N3O3	[M + H]+	C9H8N3O3	0.0	16.96314119461634	16.96314119461634	0.0	5	0.0904591696453121	6.088385556595085	6.088385556595085	8.896431224255492	
3	C9H10N3O4	[M - H2O + H]+	C9H8N3O3	0.0	16.96314119461634	16.96314119461634	0.0	6	0.0904591696453121	6.088385556595085	6.088385556595085	-86971.06216935779	
4	C6H14N3O4S	[M - H2O + H]+	C6H12N3O3S	0.0	16.06144237837821	16.06144237837821	0.0	8	0.12097882870497666	-3.498767959703885	6.088385556595085	-86987.34264579046	
4	C6H12N3O3S	[M + H]+	C6H12N3O3S	0.0	16.06144237837821	16.06144237837821	0.0	7	0.12097882870497666	-3.498767959703885	6.088385556595085	-7.384045208421442	
5	C4H14N3O3S	[M + Na]+	C4H14N3O3S	0.0	8.548596473352049	8.548596473352049	0.0	6	0.11520483915314823	-2.678278187238241	3.6806743143347997	4.233949358413424	
6	C12H10NO	[M + Na]+	C12H10NO	0.0	4.49088816729455	4.49088816729455	0.0	4	0.06983777838878198	-2.3894537635840645	6.3076920628958035	1.0869672745746297	
