rank	molecularFormula	adduct	precursorFormula	ZodiacScore	SiriusScore	TreeScore	IsotopeScore	numExplainedPeaks	explainedIntensity	medianMassErrorFragmentPeaks(ppm)	medianAbsoluteMassErrorFragmentPeaks(ppm)	massErrorPrecursor(ppm)	lipidClass
1	C19H41NO2	[M + H]+	C19H41NO2	0.9999999999999999	18.814273953300944	13.361435209712427	5.452838743588517	6	0.09723931774221908	3.713770262656911	3.713770262656911	1.5848673372672473	
1	C19H43NO3	[M - H2O + H]+	C19H41NO2	0.9999999999999999	18.814273953300944	13.361435209712427	5.452838743588517	7	0.09723931774221908	3.713770262656911	3.713770262656911	-56935.94314308949	
