rank	molecularFormula	adduct	precursorFormula	ZodiacScore	SiriusScore	TreeScore	IsotopeScore	numExplainedPeaks	explainedIntensity	medianMassErrorFragmentPeaks(ppm)	medianAbsoluteMassErrorFragmentPeaks(ppm)	massErrorPrecursor(ppm)	lipidClass
1	C20H30O4	[M + Na]+	C20H30O4	0.9884422110552763	63.12894601795294	63.12894601795294	0.0	17	0.4179378790663481	1.1556825040192735	4.531848133519045	1.9710195771426275	
2	C17H34O4S	[M + Na]+	C17H34O4S	0.010050251256281405	69.23920439340685	69.23920439340685	0.0	25	0.562580408013233	-2.492822153420419	7.1457876439255825	-7.466514285791266	
3	C15H32N3O3S	[M + Na]+	C15H32N3O3S	0.0015075376884422112	67.15752058419328	67.15752058419328	0.0	27	0.5901488696930713	-2.492822153420419	5.242986634593372	-3.707646121523042	
4	C18H28N3O3	[M + Na]+	C18H28N3O3	0.0	54.93028331976255	54.93028331976255	0.0	19	0.440176438154751	1.0259169509300619	4.531848133519045	5.729887741569986	
5	C23H28NO	[M + Na]+	C23H28NO	0.0	52.25645613882495	52.25645613882495	0.0	19	0.43833854070942846	-2.2174050875226325	4.753308293774999	-5.531901701839734	
