rank	molecularFormula	adduct	precursorFormula	ZodiacScore	SiriusScore	TreeScore	IsotopeScore	numExplainedPeaks	explainedIntensity	medianMassErrorFragmentPeaks(ppm)	medianAbsoluteMassErrorFragmentPeaks(ppm)	massErrorPrecursor(ppm)	lipidClass
1	C11H26N3O5	[M + Na]+	C11H26N3O5	0.7974874371859297	16.67071094156894	14.75497555845268	1.9157353831162618	8	0.20997732426303858	4.650033913250189	6.631624004837021	6.08837726858908	
2	C13H28O6	[M + Na]+	C13H28O6	0.20251256281407035	14.680895899891208	12.760458231586552	1.9204376683046551	7	0.1682539682539683	6.95951366553405	9.282833998209389	1.6596831812815327	
3	C12H30N3S2	[M + Na]+	C12H30N3S2	0.0	3.4654293949014634	3.4654293949014634	0.0	6	0.1573696145124717	6.315092262810831	6.315092262810831	3.2219849041209074	
4	C16H26NO3	[M + Na]+	C16H26NO3	0.0	2.7863988871331316	2.7863988871331316	0.0	7	0.17414965986394562	5.166354240678438	6.231944109855761	-7.180249919414692	
