rank	molecularFormula	adduct	precursorFormula	ZodiacScore	SiriusScore	TreeScore	IsotopeScore	numExplainedPeaks	explainedIntensity	medianMassErrorFragmentPeaks(ppm)	medianAbsoluteMassErrorFragmentPeaks(ppm)	massErrorPrecursor(ppm)	lipidClass
1	C18H28N3O4	[M + Na]+	C18H28N3O4	0.9989949748743717	66.51998669986084	64.208737625913	2.311249073947838	22	0.5378850957535388	1.5067299422484663	2.294378586484465	5.33303343278079	
2	C20H30O5	[M + Na]+	C20H30O5	0.0010050251256281408	60.370681128892194	58.343213063814744	2.0274680650774517	17	0.4562864279766862	3.0019083181891926	6.286129369703905	1.7352657327468008	
3	C23H28NO2	[M + Na]+	C23H28NO2	0.0	46.20923199504703	46.20923199504703	0.0	14	0.4035525950596726	3.7094380498939206	6.440594299163397	-5.446089572713379	
