rank	molecularFormula	adduct	precursorFormula	ZodiacScore	SiriusScore	TreeScore	IsotopeScore	numExplainedPeaks	explainedIntensity	medianMassErrorFragmentPeaks(ppm)	medianAbsoluteMassErrorFragmentPeaks(ppm)	massErrorPrecursor(ppm)	lipidClass
1	C13H26O5	[M + K]+	C13H26O5	0.9984924623115577	73.97312192109675	73.97312192109675	0.0	20	0.48235757934161233	-3.1799152755588205	7.112343579474886	2.2180884854302656	
2	C16H24NO2	[M + K]+	C16H24NO2	0.0015075376884422112	68.6261599886425	68.6261599886425	0.0	20	0.48235757934161233	-4.760758448326646	7.440426368214903	-6.681624390966635	
3	C11H24N3O4	[M + K]+	C11H24N3O4	0.0	64.51239708095991	64.51239708095991	0.0	21	0.5064064656022076	0.1512084057369604	6.523537832867621	6.67673148057173	
4	C14H30S2	[M + K]+	C14H30S2	0.0	-0.706834935878889	-0.706834935878889	0.0	1	0.0	-1.1657637932866198	1.1657637932866198	-0.6676877693012403	
