rank	molecularFormula	adduct	precursorFormula	ZodiacScore	SiriusScore	TreeScore	IsotopeScore	numExplainedPeaks	explainedIntensity	medianMassErrorFragmentPeaks(ppm)	medianAbsoluteMassErrorFragmentPeaks(ppm)	massErrorPrecursor(ppm)	lipidClass
1	C18H35NO4	[M + Na]+	C18H35NO4	0.9999999999999999	56.61034794196511	56.61034794196511	0.0	21	0.44541219363986256	4.285265049672661	7.253741979826683	3.3800369159522003	
2	C21H33N2O	[M + Na]+	C21H33N2O	0.0	43.3229724935342	43.3229724935342	0.0	13	0.30058740125582356	-1.6818177889084234	7.22339707970586	-4.228475998175708	
