rank	molecularFormula	adduct	precursorFormula	ZodiacScore	SiriusScore	TreeScore	IsotopeScore	numExplainedPeaks	explainedIntensity	medianMassErrorFragmentPeaks(ppm)	medianAbsoluteMassErrorFragmentPeaks(ppm)	massErrorPrecursor(ppm)	lipidClass
1	C18H28O	[M - H2O + H]+	C18H26	0.9999999999999999	57.900752897202686	57.900752897202686	0.0	16	0.4521019986216402	2.1395742584815967	5.869658441266849	-74050.40610120904	
1	C18H26	[M + H]+	C18H26	0.9999999999999999	57.900752897202686	57.900752897202686	0.0	15	0.4521019986216402	2.1395742584815967	5.869658441266849	2.723975665646603	
