rank	molecularFormula	adduct	precursorFormula	ZodiacScore	SiriusScore	TreeScore	IsotopeScore	numExplainedPeaks	explainedIntensity	medianMassErrorFragmentPeaks(ppm)	medianAbsoluteMassErrorFragmentPeaks(ppm)	massErrorPrecursor(ppm)	lipidClass
1	C19H32N3O4	[M + H]+	C19H32N3O4	0.9899497487437185	52.084964022655925	47.86797644892574	4.2169875737301865	17	0.39907135874877814	-2.249278211252944	6.502804022380031	5.102336144366083	
1	C19H34N3O5	[M - H2O + H]+	C19H32N3O4	0.9899497487437185	52.084964022655925	47.86797644892574	4.2169875737301865	18	0.39907135874877814	-2.249278211252944	6.502804022380031	-49036.80805855621	
2	C21H34O5	[M + H]+	C21H34O5	0.010050251256281407	46.51681357716335	41.09013959801605	5.426673979147293	12	0.2886119257087	-6.205698720538934	6.214746617217802	1.4462715195575098	
2	C21H36O6	[M - H2O + H]+	C21H34O5	0.010050251256281407	46.51681357716335	41.09013959801605	5.426673979147293	13	0.2886119257087	-6.205698720538934	6.214746617217802	-49040.464123181024	
3	C24H34NO3	[M - H2O + H]+	C24H32NO2	0.0	32.16144670171918	28.739902094779563	3.421544606939616	10	0.23069403714565012	-4.873103807687541	6.35387567480278	-49047.76184256691	
3	C24H32NO2	[M + H]+	C24H32NO2	0.0	32.16144670171918	28.739902094779563	3.421544606939616	9	0.23069403714565012	-4.873103807687541	6.35387567480278	-5.851447866334548	
