rank	molecularFormula	adduct	precursorFormula	ZodiacScore	SiriusScore	TreeScore	IsotopeScore	numExplainedPeaks	explainedIntensity	medianMassErrorFragmentPeaks(ppm)	medianAbsoluteMassErrorFragmentPeaks(ppm)	massErrorPrecursor(ppm)	lipidClass
1	C7H4O2	[M + H]+	C7H4O2	0.9999999999999999	3.233946120565645	3.233946120565645	0.0	1	0.0	4.9094011307683365	4.9094011307683365	4.836710758329393	
2	C5H2N3O	[M + H]+	C5H2N3O	0.0	-4.705297560823079	-4.705297560823079	0.0	1	0.0	16.003304244963456	16.003304244963456	15.93061467894842	
3	C2H6N3OS	[M + H]+	C2H6N3OS	0.0	-5.962649523804228	-5.962649523804228	0.0	1	0.0	-11.850582013800445	11.850582013800445	-11.923273604534785	
