rank	molecularFormula	adduct	precursorFormula	ZodiacScore	SiriusScore	TreeScore	IsotopeScore	numExplainedPeaks	explainedIntensity	medianMassErrorFragmentPeaks(ppm)	medianAbsoluteMassErrorFragmentPeaks(ppm)	massErrorPrecursor(ppm)	lipidClass
1	C20H30O3	[M - H4O2 + H]+	C20H26O	0.9999999999999999	100.23536692671125	96.84741184343336	3.3879550832778866	25	0.5639483460109673	0.5574714114413014	5.196825491453572	-127189.26817383144	
2	C18H28N3O2	[M - H4O2 + H]+	C18H24N3	0.0	77.32323612848067	75.41993939710406	1.9032967313766123	23	0.5508579515301607	-0.16829944554533782	6.579413563625513	-127184.5271585674	
