rank	formulaRank	ConfidenceScore	CSI:FingerIDScore	molecularFormula	adduct	InChIkey2D	InChI	name	smiles	xlogp	pubchemids	links	dbflags
1	1	0.12091361135813561	-165.9828589987971	C26H40O6	[M + Na]+	IQVKGPHVUDYNPT	InChI=1S/C26H40O6/c1-18(14-17-32-23(28)13-12-22(27)30-5)8-10-20-19(2)9-11-21-25(20,3)15-7-16-26(21,4)24(29)31-6/h14,20-21H,2,7-13,15-17H2,1,3-6H3	null	CC(=CCOC(=O)CCC(=O)OC)CCC1C(=C)CCC2C1(CCCC2(C)C(=O)OC)C	5.5714674	""	COCONUT:(CNP0291394);PNC:(LTS0220552);Natural Products:(UNPD156408)	68721606656
2	1	N/A	-233.35906421078855	C26H40O6	[M + Na]+	NASOHMFLGZORKU	InChI=1S/C26H40O6/c1-17(2)26(31-6)13-10-19-18(14-26)20(27)15-25(5)23(3,11-7-12-24(19,25)4)16-32-22(30)9-8-21(28)29/h14,17,19H,7-13,15-16H2,1-6H3,(H,28,29)	null	CC(C)C1(CCC2C(=C1)C(=O)CC3(C2(CCCC3(C)COC(=O)CCC(=O)O)C)C)OC	4.19999981	46230209	COCONUT:(CNP0249916);PubChem:(46230209);PNC:(LTS0201681);PubMed	68721573954
3	1	N/A	-238.63247571413433	C26H40O6	[M + Na]+	AHBQIYSLXQMIEO	InChI=1S/C26H40O6/c1-17(2)26(30)13-10-19-18(14-26)20(27)15-25(5)23(3,11-7-12-24(19,25)4)16-32-22(29)9-8-21(28)31-6/h14,17,19,30H,7-13,15-16H2,1-6H3	null	CC(C)C1(CCC2C(=C1)C(=O)CC3(C2(CCCC3(C)COC(=O)CCC(=O)OC)C)C)O	3.9000001	46230210	COCONUT:(CNP0197065);PubChem:(46230210);PNC:(LTS0034815);PubMed	68721573954