rank	molecularFormula	adduct	precursorFormula	ZodiacScore	SiriusScore	TreeScore	IsotopeScore	numExplainedPeaks	explainedIntensity	medianMassErrorFragmentPeaks(ppm)	medianAbsoluteMassErrorFragmentPeaks(ppm)	massErrorPrecursor(ppm)	lipidClass
1	C28H44O7	[M - H2O + H]+	C28H42O6	0.9999999999999999	64.2701463324457	59.6161665960038	4.653979736441903	24	0.7315571195174063	1.3400781597626492	4.467442737589103	-37891.690261025666	
2	C23H44N2O9	[M - H2O + H]+	C23H42N2O8	0.0	57.73183161973053	53.44283872567078	4.288992894059749	31	0.7118260650999122	1.5067299422484663	4.249610620520022	-37883.22674201657	
3	C26H42N3O6	[M - H2O + H]+	C26H40N3O5	0.0	53.61869837397465	48.74440574646279	4.874292627511867	33	0.8087218801055677	1.3729697216961692	4.627715793949284	-37888.86537672813	
4	C31H42NO4	[M - H2O + H]+	C31H40NO3	0.0	47.88357474024396	47.431590068311664	0.4519846719322944	24	0.7315571195174063	1.3400781597626492	4.467442737589103	-37897.32889573722	
