rank	molecularFormula	adduct	precursorFormula	ZodiacScore	SiriusScore	TreeScore	IsotopeScore	numExplainedPeaks	explainedIntensity	medianMassErrorFragmentPeaks(ppm)	medianAbsoluteMassErrorFragmentPeaks(ppm)	massErrorPrecursor(ppm)	lipidClass
1	C19H28O2	[M - H4O2 + H]+	C19H24	0.9999999999999999	81.32495058658594	81.32495058658594	0.0	25	0.7374889142277966	3.2387053063489484	5.649469476823521	-142263.68177217018	
1	C19H26O	[M - H2O + H]+	C19H24	0.9999999999999999	81.32495058658594	81.32495058658594	0.0	25	0.7374889142277966	3.2387053063489484	5.649469476823521	-71130.69040408253	
1	C19H24	[M + H]+	C19H24	0.9999999999999999	81.32495058658594	81.32495058658594	0.0	24	0.7374889142277966	3.2387053063489484	5.649469476823521	2.3009640048909676	
