rank	molecularFormula	adduct	precursorFormula	ZodiacScore	SiriusScore	TreeScore	IsotopeScore	numExplainedPeaks	explainedIntensity	medianMassErrorFragmentPeaks(ppm)	medianAbsoluteMassErrorFragmentPeaks(ppm)	massErrorPrecursor(ppm)	lipidClass
1	C19H26O	[M - H2O + H]+	C19H24	0.9999999999999999	47.91256435660476	47.91256435660476	0.0	19	0.7089209027502815	3.5274440460954617	4.088775468652631	-71130.30653839419	
1	C19H24	[M + H]+	C19H24	0.9999999999999999	47.91256435660476	47.91256435660476	0.0	18	0.7089209027502815	3.5274440460954617	4.088775468652631	2.6593374587718066	
2	C14H30S	[M + Na]+	C14H30S	0.0	30.79848120893377	30.79848120893377	0.0	26	0.7050833003380744	0.4378515066508113	3.3425139545205953	-1.153680721458826	
