rank	molecularFormula	adduct	precursorFormula	ZodiacScore	SiriusScore	TreeScore	IsotopeScore	numExplainedPeaks	explainedIntensity	medianMassErrorFragmentPeaks(ppm)	medianAbsoluteMassErrorFragmentPeaks(ppm)	massErrorPrecursor(ppm)	lipidClass
1	C19H26O	[M - H2O + H]+	C19H24	0.9999999999999999	37.14399356930884	37.14399356930884	0.0	9	0.6546920821114369	5.852474857392596	7.021671440490636	-71131.09271838938	
1	C19H24	[M + H]+	C19H24	0.9999999999999999	37.14399356930884	37.14399356930884	0.0	8	0.6546920821114369	5.852474857392596	7.021671440490636	1.9253670915194703	
2	C14H30S	[M + Na]+	C14H30S	0.0	23.24149305133023	23.24149305133023	0.0	7	0.5711143695014662	1.326405456537646	3.6894676819470282	-1.8876538873609587	
