rank	molecularFormula	adduct	precursorFormula	ZodiacScore	SiriusScore	TreeScore	IsotopeScore	numExplainedPeaks	explainedIntensity	medianMassErrorFragmentPeaks(ppm)	medianAbsoluteMassErrorFragmentPeaks(ppm)	massErrorPrecursor(ppm)	lipidClass
1	C21H42O6	[M - H4O2 + H]+	C21H38O4	0.33869346733668343	20.332384560142966	17.2400575708304	3.0923269893125687	9	0.15027894002789396	-5.9596590118639075	5.9596590118639075	-101393.23514862361	
1	C21H38O4	[M + H]+	C21H38O4	0.33869346733668343	20.332384560142966	17.2400575708304	3.0923269893125687	8	0.15027894002789396	-5.9596590118639075	5.9596590118639075	-5.8619225118429075	
1	C21H40O5	[M - H2O + H]+	C21H38O4	0.33869346733668343	20.332384560142966	17.2400575708304	3.0923269893125687	9	0.15027894002789396	-5.9596590118639075	5.9596590118639075	-50699.54853556765	
2	C19H36N3O3	[M + H]+	C19H36N3O3	0.3306532663316583	19.645830747007096	14.703837010883376	4.94199373612372	15	0.24633891213389117	1.6330405988872232	8.471102836064542	-2.0827182997043985	
2	C19H40N3O5	[M - H4O2 + H]+	C19H36N3O3	0.3306532663316583	19.645830747007096	14.703837010883376	4.94199373612372	16	0.24633891213389117	1.6330405988872232	8.471102836064542	-101389.45594441149	
2	C19H38N3O4	[M - H2O + H]+	C19H36N3O3	0.3306532663316583	19.645830747007096	14.703837010883376	4.94199373612372	16	0.24633891213389117	1.6330405988872232	8.471102836064542	-50695.769331355674	
3	C19H40O4	[M + Na]+	C19H40O4	0.31256281407035175	20.204419285764878	14.725463391784551	5.478955893980327	8	0.15027894002789396	3.0824443662031342	5.754277409581744	0.9092807069906416	
4	C17H38N3O3	[M + Na]+	C17H38N3O3	0.018090452261306532	17.0120172638687	11.94634296484008	5.06567429902862	13	0.21896792189679215	2.012335646615467	5.301735135027899	4.68848491912915	
5	C22H38NO	[M + Na]+	C22H38NO	0.0	9.211840369340752	7.369384939728574	1.8424554296121776	8	0.1392956764295676	-0.8026085546643129	4.916791634273472	-6.634232515743926	
