rank	formulaRank	ConfidenceScore	CSI:FingerIDScore	molecularFormula	adduct	InChIkey2D	InChI	name	smiles	xlogp	pubchemids	links	dbflags
1	1	0.28954602245125277	-162.13982386714042	C29H24O10	[M + H]+	BCIBEYSHPVFKBY	InChI=1S/C29H24O10/c30-15-5-14(6-16(31)9-15)25-26-24(38-28(25)13-2-4-19(33)22(36)8-13)11-20(34)17-10-23(37)27(39-29(17)26)12-1-3-18(32)21(35)7-12/h1-9,11,23,25,27-28,30-37H,10H2	jezonocinol A	C1C(C(OC2=C1C(=CC3=C2C(C(O3)C4=CC(=C(C=C4)O)O)C5=CC(=CC(=C5)O)O)O)C6=CC(=C(C=C6)O)O)O	3.40572095	23634533;23634534	COCONUT:(CNP0233857);Natural Products:(UNPD58591 UNPD116525);PubChem:(23634533 23634534);PNC:(LTS0129498 LTS0044587);SuperNatural:(SN00242467);MeSH:(23634533 23634534);PubMed	68722655302