rank	molecularFormula	adduct	precursorFormula	ZodiacScore	SiriusScore	TreeScore	IsotopeScore	numExplainedPeaks	explainedIntensity	medianMassErrorFragmentPeaks(ppm)	medianAbsoluteMassErrorFragmentPeaks(ppm)	massErrorPrecursor(ppm)	lipidClass
1	C17H32O4S	[M + Na]+	C17H32O4S	0.9994974874371858	121.31887321518263	121.31887321518263	0.0	37	0.7174786943238463	1.4018632679091714	4.0583082374337796	-8.460376327823429	
2	C15H30N3O3S	[M + Na]+	C15H30N3O3S	5.025125628140704E-4	114.48559648296984	114.48559648296984	0.0	37	0.7174786943238464	1.4018632679091714	4.704755271486397	-4.6801734734324425	
3	C20H28O4	[M + Na]+	C20H28O4	0.0	101.64889759546021	101.64889759546021	0.0	27	0.5494452484322239	2.1251708094290995	3.96662488568867	1.0307233557964925	
4	C23H26NO	[M + Na]+	C23H26NO	0.0	88.69077737355998	88.69077737355998	0.0	27	0.5635954333494131	2.1251708094290995	3.9738332756730443	-6.514783215115689	
5	C18H26N3O3	[M + Na]+	C18H26N3O3	0.0	87.1634516660843	87.1634516660843	0.0	27	0.5705097282521306	2.290664289551449	3.9738332756730443	4.810926210027441	
