rank	molecularFormula	adduct	precursorFormula	ZodiacScore	SiriusScore	TreeScore	IsotopeScore	numExplainedPeaks	explainedIntensity	medianMassErrorFragmentPeaks(ppm)	medianAbsoluteMassErrorFragmentPeaks(ppm)	massErrorPrecursor(ppm)	lipidClass
1	C2H12N3O3S	[M - H2O + H]+	C2H10N3O2S	0.9180904522613067	9.568121317581676	9.154631063316643	0.4134902542650334	3	0.8427672955974843	-3.1337415119524294	5.721021159591775	-127694.05535665035	
1	C2H10N3O2S	[M + H]+	C2H10N3O2S	0.9180904522613067	9.568121317581676	9.154631063316643	0.4134902542650334	2	0.8427672955974843	-3.1337415119524294	5.721021159591775	-9.624003199109945	
2	C10H6N	[M + H]+	C10H6N	0.06381909547738694	6.757258955815995	6.757258955815995	0.0	2	0.8427672955974843	-8.028739676356086	8.028739676356086	-14.243695187205372	
2	C10H8NO	[M - H2O + H]+	C10H6N	0.06381909547738694	6.757258955815995	6.757258955815995	0.0	3	0.8427672955974843	-8.028739676356086	8.028739676356086	-127698.67504863844	
3	C7H8O3	[M + H]+	C7H8O3	0.018090452261306535	5.543867709810984	3.138666503768894	2.40520120604209	1	0.0	5.525714786378186	5.525714786378186	4.75648532076056	
