rank	molecularFormula	adduct	precursorFormula	ZodiacScore	SiriusScore	TreeScore	IsotopeScore	numExplainedPeaks	explainedIntensity	medianMassErrorFragmentPeaks(ppm)	medianAbsoluteMassErrorFragmentPeaks(ppm)	massErrorPrecursor(ppm)	lipidClass
1	C33H38N2O8	[M + Na]+	C33H38N2O8	0.5879396984924624	85.71166713840637	84.0140043804006	1.6976627580057655	27	0.6172362555720654	-1.4979930200504952	5.0371510624133045	-8.504908738293956	
2	C25H40N3O13	[M + Na]+	C25H40N3O13	0.36231155778894475	85.357463699939	80.16696058263294	5.190503117306063	33	0.7426448736998514	-1.980681780884616	5.393898463556566	2.4251699308255112	
3	C22H42N2O16	[M + Na]+	C22H42N2O16	0.032663316582914576	82.82645602493955	79.92216274370453	2.904293281235019	24	0.5601783060921249	-0.7693009866746721	4.671510946018342	6.795475502719706	
4	C30H40NO11	[M + Na]+	C30H40NO11	0.017085427135678392	82.15070534810654	77.79074537552721	4.359959972579335	28	0.6413075780089152	-1.1278096258528558	4.981681104291736	-4.134603166214377	
5	C27H42O14	[M + Na]+	C27H42O14	0.0	76.23255023721016	70.78673523323303	5.445815003977129	23	0.5521545319465081	-0.5772761496962205	4.738115999551455	0.23570240567981796	
6	C37H36NO6	[M + Na]+	C37H36NO6	0.0	74.07812873166102	73.5366588840453	0.5414698476157302	27	0.6213967310549777	-0.25000668190919656	5.393898463556566	5.442662946286892	
7	C40H34N2O3	[M + Na]+	C40H34N2O3	0.0	67.73428582634932	67.73428582634932	0.0	18	0.44546805349182766	0.4753681483929084	4.832163572860811	1.0723573742073127	
8	C45H34O	[M + Na]+	C45H34O	0.0	44.406072256291864	44.406072256291864	0.0	14	0.3687964338781576	-0.4136414158027085	4.832163572860811	-5.487415722832575	
9	C43H32N3	[M + Na]+	C43H32N3	0.0	38.95650503361102	38.95650503361102	0.0	12	0.32421991084695395	-1.037634584873358	4.832163572860811	-3.297948197686882	
