rank	molecularFormula	adduct	precursorFormula	ZodiacScore	SiriusScore	TreeScore	IsotopeScore	numExplainedPeaks	explainedIntensity	medianMassErrorFragmentPeaks(ppm)	medianAbsoluteMassErrorFragmentPeaks(ppm)	massErrorPrecursor(ppm)	lipidClass
1	C16H30O2	[M - H2O + H]+	C16H28O	0.9999999999999999	20.41099485588419	18.057503910150707	2.3534909457334825	5	0.19962335216572505	7.6230214790844455	7.6230214790844455	-75920.59913289403	
1	C16H32O3	[M - H4O2 + H]+	C16H28O	0.9999999999999999	20.41099485588419	18.057503910150707	2.3534909457334825	5	0.19962335216572505	7.6230214790844455	7.6230214790844455	-151843.47882241994	
1	C16H28O	[M + H]+	C16H28O	0.9999999999999999	20.41099485588419	18.057503910150707	2.3534909457334825	4	0.19962335216572505	7.6230214790844455	7.6230214790844455	2.2805566320192425	
2	C14H30N3O2	[M - H4O2 + H]+	C14H26N3	0.0	7.545695188745127	7.545695188745127	0.0	5	0.19962335216572505	7.6230214790844455	7.6230214790844455	-151837.81878690288	
2	C14H28N3O	[M - H2O + H]+	C14H26N3	0.0	7.545695188745127	7.545695188745127	0.0	5	0.19962335216572505	7.6230214790844455	7.6230214790844455	-75914.93909737695	
2	C14H26N3	[M + H]+	C14H26N3	0.0	7.545695188745127	7.545695188745127	0.0	4	0.19962335216572505	7.6230214790844455	7.6230214790844455	7.940592149074047	
