rank	molecularFormula	adduct	precursorFormula	ZodiacScore	SiriusScore	TreeScore	IsotopeScore	numExplainedPeaks	explainedIntensity	medianMassErrorFragmentPeaks(ppm)	medianAbsoluteMassErrorFragmentPeaks(ppm)	massErrorPrecursor(ppm)	lipidClass
1	C20H30O2	[M - H2O + H]+	C20H28O	0.9999999999999999	68.64769550430142	65.43417390180798	3.2135216024934365	23	0.7208928212346675	-0.08985244629838668	3.9773412962884556	-63144.48521726509	
1	C20H32O3	[M - H4O2 + H]+	C20H28O	0.9999999999999999	68.64769550430142	65.43417390180798	3.2135216024934365	23	0.7208928212346675	-0.08985244629838668	3.9773412962884556	-126290.3325264825	
1	C20H28O	[M + H]+	C20H28O	0.9999999999999999	68.64769550430142	65.43417390180798	3.2135216024934365	22	0.7208928212346675	-0.08985244629838668	3.9773412962884556	1.3620919525080681	
2	C18H30N3O2	[M - H4O2 + H]+	C18H26N3	0.0	52.91802006559747	50.3539841492793	2.564035916318167	21	0.7024934647094311	0.7215950723664666	4.803751012582912	-126285.62501617767	
2	C18H28N3O	[M - H2O + H]+	C18H26N3	0.0	52.91802006559747	50.3539841492793	2.564035916318167	21	0.7024934647094311	0.7215950723664666	4.803751012582912	-63139.777706960085	
2	C18H26N3	[M + H]+	C18H26N3	0.0	52.91802006559747	50.3539841492793	2.564035916318167	20	0.7024934647094311	0.7215950723664666	4.803751012582912	6.06960225732157	
