rank	molecularFormula	adduct	precursorFormula	ZodiacScore	SiriusScore	TreeScore	IsotopeScore	numExplainedPeaks	explainedIntensity	medianMassErrorFragmentPeaks(ppm)	medianAbsoluteMassErrorFragmentPeaks(ppm)	massErrorPrecursor(ppm)	lipidClass
1	C15H14O6	[M - H2O + H]+	C15H12O5	0.9030150753768846	60.48494122585565	55.18527258300426	5.299668642851387	15	0.5392259414225941	-0.40352400026056656	6.9559641698267445	-65952.57243404153	
1	C15H12O5	[M + H]+	C15H12O5	0.9030150753768846	60.48494122585565	55.18527258300426	5.299668642851387	14	0.5392259414225941	-0.40352400026056656	6.9559641698267445	1.7744096299419576	
2	C13H10N3O4	[M + H]+	C13H10N3O4	0.09447236180904524	58.64401106334193	55.25434777293883	3.389663290403102	16	0.6124476987447697	-0.40352400026056656	7.255671616246533	6.691293014316941	
2	C13H12N3O5	[M - H2O + H]+	C13H10N3O4	0.09447236180904524	58.64401106334193	55.25434777293883	3.389663290403102	17	0.6124476987447697	-0.40352400026056656	7.255671616246533	-65947.65555065716	
3	C13H16NO3	[M + K]+	C13H16NO3	0.0015075376884422112	55.013771438818786	55.013771438818786	0.0	15	0.577928870292887	-0.0853997046541513	6.192242533729073	0.2124428743049448	
4	C18H12NO3	[M - H2O + H]+	C18H10NO2	0.0010050251256281408	52.223756911217926	49.52445593532929	2.6993009758886304	16	0.582112970711297	-2.371996219739857	6.192242533729073	-65962.3868216064	
4	C18H10NO2	[M + H]+	C18H10NO2	0.0010050251256281408	52.223756911217926	49.52445593532929	2.6993009758886304	15	0.582112970711297	-2.371996219739857	6.192242533729073	-8.039977934917477	
5	C16H12NO2	[M + Na]+	C16H12NO2	0.0	43.249761137951	38.34711041746303	4.9026507204879675	14	0.5392259414225941	1.5067299422484663	6.575482478035697	0.7696059693307225	
