rank	molecularFormula	adduct	precursorFormula	ZodiacScore	SiriusScore	TreeScore	IsotopeScore	numExplainedPeaks	explainedIntensity	medianMassErrorFragmentPeaks(ppm)	medianAbsoluteMassErrorFragmentPeaks(ppm)	massErrorPrecursor(ppm)	lipidClass
1	C8H22N3O2S	[M - H4O2 + H]+	C8H18N3S	0.6834170854271358	4.364105444936616	4.364105444936616	0.0	3	0.1603260869565217	5.331697616016069	5.331697616016069	-190467.82150724053	
1	C8H18N3S	[M + H]+	C8H18N3S	0.6834170854271358	4.364105444936616	4.364105444936616	0.0	2	0.1603260869565217	5.331697616016069	5.331697616016069	-8.61311546178349	
1	C8H20N3OS	[M - H2O + H]+	C8H18N3S	0.6834170854271358	4.364105444936616	4.364105444936616	0.0	3	0.1603260869565217	5.331697616016069	5.331697616016069	-95238.21731135108	
2	C13H16O	[M + H]+	C13H16O	0.31658291457286436	3.5	3.5	0.0	1	0.0	NaN	NaN	2.1121406665909626	
3	C11H14N3	[M + H]+	C11H14N3	0.0	-3.605170185988091	-3.605170185988091	0.0	1	0.0	NaN	NaN	9.211488639533604	
