rank	molecularFormula	adduct	precursorFormula	ZodiacScore	SiriusScore	TreeScore	IsotopeScore	numExplainedPeaks	explainedIntensity	medianMassErrorFragmentPeaks(ppm)	medianAbsoluteMassErrorFragmentPeaks(ppm)	massErrorPrecursor(ppm)	lipidClass
1	C13H20O	[M - H2O + H]+	C13H18	0.9999999999999999	57.539504730485525	57.539504730485525	0.0	10	0.5509609784507863	3.4653653306994663	4.595584666330199	-102828.27647644452	
1	C13H18	[M + H]+	C13H18	0.9999999999999999	57.539504730485525	57.539504730485525	0.0	9	0.5509609784507863	3.4653653306994663	4.595584666330199	1.991386567571432	
