rank	molecularFormula	adduct	precursorFormula	ZodiacScore	SiriusScore	TreeScore	IsotopeScore	numExplainedPeaks	explainedIntensity	medianMassErrorFragmentPeaks(ppm)	medianAbsoluteMassErrorFragmentPeaks(ppm)	massErrorPrecursor(ppm)	lipidClass
1	C30H52O3	[M - H2O + H]+	C30H50O2	0.9999999999999999	95.81338321124356	91.71273187892328	4.1006513323202824	38	0.9017369770321412	2.1251708094290995	4.041477220071609	-40618.91439220788	
1	C30H50O2	[M + H]+	C30H50O2	0.9999999999999999	95.81338321124356	91.71273187892328	4.1006513323202824	37	0.9017369770321412	2.1251708094290995	4.041477220071609	1.3241397449504795	
2	C28H48N3O	[M + H]+	C28H48N3O	0.0	83.52513688453621	79.2165622005456	4.30857468399062	37	0.9017369770321412	2.2850390691102223	4.575253858154601	4.3523704145757405	
2	C28H50N3O2	[M - H2O + H]+	C28H48N3O	0.0	83.52513688453621	79.2165622005456	4.30857468399062	38	0.9017369770321412	2.2850390691102223	4.575253858154601	-40615.886161538394	
