rank	molecularFormula	adduct	precursorFormula	ZodiacScore	SiriusScore	TreeScore	IsotopeScore	numExplainedPeaks	explainedIntensity	medianMassErrorFragmentPeaks(ppm)	medianAbsoluteMassErrorFragmentPeaks(ppm)	massErrorPrecursor(ppm)	lipidClass
1	C15H20O2	[M - H2O + H]+	C15H18O	0.9999999999999999	38.02130062270273	38.02130062270273	0.0	7	0.5039447731755424	-1.9698931852142108	4.70535121679938	-83712.30238002117	
1	C15H18O	[M + H]+	C15H18O	0.9999999999999999	38.02130062270273	38.02130062270273	0.0	6	0.5039447731755424	-1.9698931852142108	4.70535121679938	1.9100137654505505	
2	C13H18N3O	[M - H2O + H]+	C13H16N3	0.0	28.267250734053466	28.267250734053466	0.0	7	0.5039447731755424	-1.9698931852142108	4.70535121679938	-83706.06150220714	
2	C13H16N3	[M + H]+	C13H16N3	0.0	28.267250734053466	28.267250734053466	0.0	6	0.5039447731755424	-1.9698931852142108	4.70535121679938	8.150891579473567	
3	C10H20N3S	[M + H]+	C10H20N3S	0.0	7.9490880859631154	7.9490880859631154	0.0	4	0.257396449704142	-9.020798921618262	9.020798921618262	-7.5183187062626695	
3	C10H22N3OS	[M - H2O + H]+	C10H20N3S	0.0	7.9490880859631154	7.9490880859631154	0.0	5	0.257396449704142	-9.020798921618262	9.020798921618262	-83721.73071249289	
4	C8H22N3S	[M + Na]+	C8H22N3S	0.0	5.254707759968494	5.254707759968494	0.0	5	0.36785009861932944	-0.5393417986986095	3.7437480065815705	3.66346707973186	
