rank	molecularFormula	adduct	precursorFormula	ZodiacScore	SiriusScore	TreeScore	IsotopeScore	numExplainedPeaks	explainedIntensity	medianMassErrorFragmentPeaks(ppm)	medianAbsoluteMassErrorFragmentPeaks(ppm)	massErrorPrecursor(ppm)	lipidClass
1	C30H64N3O6	[M + Na]+	C30H64N3O6	0.9999999999999999	73.55539742868231	69.04646266612174	4.508934762560577	27	0.6173174872665537	2.1251708094290995	3.3605984201871117	2.6390787771630246	
2	C35H64NO4	[M + Na]+	C35H64NO4	0.0	60.48897802231631	59.55765989637541	0.9313181259408966	24	0.5558573853989814	0.6988010651941581	3.5288316089456364	-4.231910501221238	
3	C32H66O7	[M + Na]+	C32H66O7	0.0	60.073711684277	55.71339741211624	4.360314272160766	22	0.48998302207130745	-0.9865230384773898	4.181881102073824	0.34573605507479616	
4	C38H62N2O	[M + Na]+	C38H62N2O	0.0	28.455649823684617	28.455649823684617	0.0	19	0.4186757215619696	-0.37030590139305936	4.918132205917388	-8.809557057905634	
