rank	molecularFormula	adduct	precursorFormula	ZodiacScore	SiriusScore	TreeScore	IsotopeScore	numExplainedPeaks	explainedIntensity	medianMassErrorFragmentPeaks(ppm)	medianAbsoluteMassErrorFragmentPeaks(ppm)	massErrorPrecursor(ppm)	lipidClass
1	C30H64N2O7	[M + H]+	C30H64N2O7	0.9999999999999999	29.882607530134106	24.457131822685096	5.42547570744901	17	0.30196304849884525	2.4247717151228665	3.779181197982028	2.502124657740921	
1	C30H66N2O8	[M - H2O + H]+	C30H64N2O7	0.9999999999999999	29.882607530134106	24.457131822685096	5.42547570744901	18	0.30196304849884525	2.4247717151228665	3.779181197982028	-31847.542599870834	
2	C35H66O6	[M - H2O + H]+	C35H64O5	0.0	21.946846666979077	17.1519405217729	4.794906145206175	12	0.18360277136258657	2.7095744657063103	5.127162636866892	-31854.656484869112	
2	C35H64O5	[M + H]+	C35H64O5	0.0	21.946846666979077	17.1519405217729	4.794906145206175	11	0.18360277136258657	2.7095744657063103	5.127162636866892	-4.61176034053477	
3	C33H62N3O4	[M + H]+	C33H62N3O4	0.0	12.097475622349332	6.574538589117724	5.522937033231608	13	0.2243071593533487	1.173426377276832	3.1305369493743136	-2.2373458677147453	
3	C33H64N3O5	[M - H2O + H]+	C33H62N3O4	0.0	12.097475622349332	6.574538589117724	5.522937033231608	14	0.2243071593533487	1.173426377276832	3.1305369493743136	-31852.28207039629	
4	C42H60	[M + H]+	C42H60	0.0	2.935897697791838	2.935897697791838	0.0	1	0.0	5.6971562380826395	5.6971562380826395	5.7745089275715085	
5	C38H64NO3	[M - H2O + H]+	C38H62NO2	0.0	1.6547869713015908	-0.06939561835976082	1.7241825896613516	11	0.17292147806004618	-0.06264420270501653	4.45317191742446	-31859.395955394368	
5	C38H62NO2	[M + H]+	C38H62NO2	0.0	1.6547869713015908	-0.06939561835976082	1.7241825896613516	10	0.17292147806004618	-0.06264420270501653	4.45317191742446	-9.351230865789391	
