rank	molecularFormula	adduct	precursorFormula	ZodiacScore	SiriusScore	TreeScore	IsotopeScore	numExplainedPeaks	explainedIntensity	medianMassErrorFragmentPeaks(ppm)	medianAbsoluteMassErrorFragmentPeaks(ppm)	massErrorPrecursor(ppm)	lipidClass
1	C20H28O3	[M + Na]+	C20H28O3	0.9999999999999999	113.48718657548956	110.01741455684639	3.4697720186431713	24	0.6403276622558287	0.1804596537004917	4.294666981846429	1.9757856795345548	
2	C18H26N3O2	[M + Na]+	C18H26N3O2	0.0	94.96697065987718	92.0812966643617	2.8856739955154813	22	0.6258349086326402	0.1804596537004917	4.294666981846429	5.934243218428646	
3	C23H26N	[M + Na]+	C23H26N	0.0	81.35934620763797	81.35934620763797	0.0	21	0.6088216761184626	0.2491251382181977	3.862422820629828	-5.9255276954527645	
