rank	molecularFormula	adduct	precursorFormula	ZodiacScore	SiriusScore	TreeScore	IsotopeScore	numExplainedPeaks	explainedIntensity	medianMassErrorFragmentPeaks(ppm)	medianAbsoluteMassErrorFragmentPeaks(ppm)	massErrorPrecursor(ppm)	lipidClass
1	C12H22O8	[M + Na]+	C12H22O8	0.74321608040201	13.911824932142125	11.348513969230817	2.563310962911308	4	0.5524296675191817	3.2450324407703857	3.2450324407703857	1.713747784621913	
2	C13H26O3S2	[M + Na]+	C13H26O3S2	0.22010050251256283	12.04360954634208	12.04360954634208	0.0	4	0.5524296675191817	2.1733491262367557	2.567492867800654	-1.0266174536069927	
3	C16H22O3S	[M + Na]+	C16H22O3S	0.033668341708542715	10.803195140279271	10.803195140279271	0.0	4	0.5524296675191817	3.2450324407703857	3.2450324407703857	9.603790294791228	
4	C15H20NO5	[M + Na]+	C15H20NO5	0.0030150753768844224	7.960006861864174	7.960006861864174	0.0	4	0.5524296675191817	2.1733491262367557	2.567492867800654	-6.737518579922568	
5	C11H24N3O2S2	[M + Na]+	C11H24N3O2S2	0.0	4.368518576537875	4.368518576537875	0.0	5	0.70076726342711	3.7455734272383068	5.4514503264956655	3.2073595406274436	
6	C10H20N3O7	[M + Na]+	C10H20N3O7	0.0	2.541816827023866	0.6019773848756609	1.9398394421482053	3	0.38618925831202044	0.8058692543715353	2.4391631863988503	5.947724778856349	
7	C19H20NS	[M + Na]+	C19H20NS	0.0	-2.0710522690996886	-2.0710522690996886	0.0	3	0.3913043478260869	0.6857553229648983	2.5592771178054874	1.152523930246747	
