rank	molecularFormula	adduct	precursorFormula	ZodiacScore	SiriusScore	TreeScore	IsotopeScore	numExplainedPeaks	explainedIntensity	medianMassErrorFragmentPeaks(ppm)	medianAbsoluteMassErrorFragmentPeaks(ppm)	massErrorPrecursor(ppm)	lipidClass
1	C18H40N3O3	[M + Na]+	C18H40N3O3	0.8010050251256283	7.534377430071663	7.534377430071663	0.0	15	0.2817827569410619	3.7509915058644627	6.28992420101659	6.817259376723326	
2	C20H42O4	[M + Na]+	C20H42O4	0.19095477386934676	6.447988828743238	6.447988828743238	0.0	8	0.17218704335119342	4.8415609637329045	6.111027311308968	3.181492502345989	
3	C23H40NO	[M + Na]+	C23H40NO	0.008040201005025126	3.0442738605314785	3.0442738605314785	0.0	10	0.2060399415489528	5.402494098517138	6.111027311308968	-4.0757113829466185	
