rank	molecularFormula	adduct	precursorFormula	ZodiacScore	SiriusScore	TreeScore	IsotopeScore	numExplainedPeaks	explainedIntensity	medianMassErrorFragmentPeaks(ppm)	medianAbsoluteMassErrorFragmentPeaks(ppm)	massErrorPrecursor(ppm)	lipidClass
1	C34H70O8	[M + Na]+	C34H70O8	0.9959798994974874	9.761377554381792	3.3919725277892265	6.369405026592565	1	0.0	1.286900145325893	1.286900145325893	1.3767419123352564	
2	C40H66N2O2	[M + Na]+	C40H66N2O2	0.0035175879396984926	3.969397372297479	0.24454790770132195	3.724849464596157	1	0.0	-7.2280747449161575	7.2280747449161575	-7.138232212905419	
3	C37H68NO5	[M + Na]+	C37H68NO5	5.025125628140704E-4	2.074932148158295	-3.8711929615701726	5.9461251097284675	1	0.0	-2.9705872997048326	2.9705872997048326	-2.8807451501947816	
4	C32H68N3O7	[M + Na]+	C32H68N3O7	0.0	1.5592104254210253	-3.8246625644438406	5.383872989864866	9	0.16784289659404728	2.5374510170351896	5.317280558692522	3.5096887987236225	
5	C44H64N	[M + Na]+	C44H64N	0.0	-2.7232999952898655	-4.249884170259042	1.5265841749691766	1	0.0	6.359444562302646	6.359444562302646	6.44928587358507	
