rank	formulaRank	ConfidenceScore	CSI:FingerIDScore	molecularFormula	adduct	InChIkey2D	InChI	name	smiles	xlogp	pubchemids	links	dbflags
1	1	N/A	-216.9557049199668	C30H22O12	[M + H]+	BDMACDVLTOBWFC	InChI=1S/C30H22O12/c31-13-7-20(37)24-22(8-13)40-28(12-2-4-16(33)19(36)6-12)30(24)25-23(41-29(30)39)10-17(34)14-9-21(38)26(42-27(14)25)11-1-3-15(32)18(35)5-11/h1-8,10,21,26,28,31-38H,9H2	(2''R,3R,3''R)-2,2''-bis(3,4-dihydroxyphenyl)-3'',4,5'',6-tetrahydroxyspiro[2H-1-benzofuran-3,9''-3,4-dihydro-2H-furo[2,3-h]chromene]-8''-one	C1C(C(OC2=C1C(=CC3=C2C4(C(OC5=CC(=CC(=C54)O)O)C6=CC(=C(C=C6)O)O)C(=O)O3)O)C7=CC(=C(C=C7)O)O)O	2.5999999	5315268;56776383;95224825;101383242;101491827	COCONUT:(CNP0241562);KNApSAcK:(38005);Natural Products:(UNPD104705 UNPD68419 UNPD193848);PubChem:(5315268 56776383 95224825 101383242 101491827);PNC:(LTS0220463 LTS0264219);SuperNatural:(SN00351540 SN00288256 SN00041145 SN00041144 SN00041143 SN00169091);ZINC bio:(ZINC67913301 ZINC67913304 ZINC67913306);additional;Training Set	68723204114
2	1	N/A	-226.65342603835103	C30H22O12	[M + H]+	KRGQPZUWMNJLOQ	InChI=1S/C30H22O12/c31-13-7-19(36)24-23(8-13)41-28(12-2-4-16(33)18(35)6-12)30(24)25-20(37)10-22-14(27(25)42-29(30)39)9-21(38)26(40-22)11-1-3-15(32)17(34)5-11/h1-8,10,21,26,28,31-38H,9H2	null	C1C(C(OC2=C1C3=C(C(=C2)O)C4(C(OC5=CC(=CC(=C54)O)O)C6=CC(=C(C=C6)O)O)C(=O)O3)C7=CC(=C(C=C7)O)O)O	2.5999999	101383265;101383266;101383267;101383268	COCONUT:(CNP0296581);Natural Products:(UNPD5218 UNPD79425);PubChem:(101383265 101383266 101383267 101383268);PNC:(LTS0164543 LTS0157787);SuperNatural:(SN00228875 SN00297206)	68722655234
1	1	0.30998335457149984	-155.84711870577516	C30H24O13	[M - H2O + H]+	ARZXXPAZDVCEQQ	InChI=1S/C30H24O13/c31-12-7-17(36)21-20(8-12)42-28(10-1-3-13(32)15(34)5-10)26(40)24(21)22-18(37)9-19(38)23-25(39)27(41)29(43-30(22)23)11-2-4-14(33)16(35)6-11/h1-9,24,26-29,31-38,40-41H	null	C1=CC(=C(C=C1C2C(C(C3=C(C=C(C=C3O2)O)O)C4=C(C=C(C5=C4OC(C(C5=O)O)C6=CC(=C(C=C6)O)O)O)O)O)O)O	1.80578756	""	COCONUT:(CNP0210692);Natural Products:(UNPD12054 UNPD17000);PNC:(LTS0252464 LTS0023736);SuperNatural:(SN00324381)	68722655232