rank	molecularFormula	adduct	precursorFormula	ZodiacScore	SiriusScore	TreeScore	IsotopeScore	numExplainedPeaks	explainedIntensity	medianMassErrorFragmentPeaks(ppm)	medianAbsoluteMassErrorFragmentPeaks(ppm)	massErrorPrecursor(ppm)	lipidClass
1	C15H18O2	[M - H2O + H]+	C15H16O	0.6140703517587941	54.50862382927835	54.50862382927835	0.0	11	0.4870715574263378	-1.0705059167191828	6.217917548989669	-84503.28991968017	
1	C15H16O	[M + H]+	C15H16O	0.6140703517587941	54.50862382927835	54.50862382927835	0.0	10	0.4870715574263378	-1.0705059167191828	6.217917548989669	2.591193389718974	
2	C10H22OS	[M + Na]+	C10H22OS	0.385929648241206	58.58107451071613	58.58107451071613	0.0	13	0.7065544197233913	2.7871984707492516	6.7086879775819135	-1.9386677941015675	
3	C8H20N3S	[M + Na]+	C8H20N3S	0.0	44.00827444629759	44.00827444629759	0.0	12	0.6680697534576064	1.2026561766011434	6.498189147791422	4.361228764826918	
4	C13H14N3	[M + H]+	C13H14N3	0.0	39.683445153109055	39.683445153109055	0.0	10	0.4870715574263379	-1.0705059167191828	6.217917548989669	8.891089948647458	
4	C13H16N3O	[M - H2O + H]+	C13H14N3	0.0	39.683445153109055	39.683445153109055	0.0	11	0.4870715574263379	-1.0705059167191828	6.217917548989669	-84496.99002312125	
5	C10H18N3S	[M + H]+	C10H18N3S	0.0	22.55809973828886	22.55809973828886	0.0	8	0.4431749849669272	-9.01362192648513	10.448813210929222	-6.926300954027962	
5	C10H20N3OS	[M - H2O + H]+	C10H18N3S	0.0	22.55809973828886	22.55809973828886	0.0	9	0.4431749849669272	-9.01362192648513	10.448813210929222	-84512.80741402393	
