rank	molecularFormula	adduct	precursorFormula	ZodiacScore	SiriusScore	TreeScore	IsotopeScore	numExplainedPeaks	explainedIntensity	medianMassErrorFragmentPeaks(ppm)	medianAbsoluteMassErrorFragmentPeaks(ppm)	massErrorPrecursor(ppm)	lipidClass
1	C20H28O	[M - H2O + H]+	C20H26	0.9999999999999999	54.922623801410545	54.922623801410545	0.0	19	0.7292827945001858	0.1804596537004917	6.3222744977937575	-67400.00812184198	
1	C20H26	[M + H]+	C20H26	0.9999999999999999	54.922623801410545	54.922623801410545	0.0	18	0.7292827945001858	0.1804596537004917	6.3222744977937575	1.9616165578260025	
2	C15H32S	[M + Na]+	C15H32S	0.0	22.71804277390577	22.71804277390577	0.0	17	0.6205871423262727	2.0327599865510644	5.418166525143144	-1.651404955215072	
