rank	formulaRank	ConfidenceScore	CSI:FingerIDScore	molecularFormula	adduct	InChIkey2D	InChI	name	smiles	xlogp	pubchemids	links	dbflags
1	1	0.06187968274808342	-220.9028080374614	C20H28O	[M - H2O + H]+	YCLCHPWRGSDZKL	InChI=1S/C20H28O/c1-14(2)15-6-8-17-16(12-15)7-9-18-19(3,13-21)10-5-11-20(17,18)4/h6,8,12-14,18H,5,7,9-11H2,1-4H3	Dehydroabietal	CC(C)C1=CC2=C(C=C1)C3(CCCC(C3CC2)(C)C=O)C	5.5	518789;32192;6432081;11694869;11437592;25200548;87429033	PNC:(LTS0198304 LTS0064099);SuperNatural:(SN00366350 SN00313466 SN00357095 SN00361722);MeSH:(11694869);Plantcyc:(CPD-8724);PubMed;COCONUT:(CNP0237633);KNApSAcK:(36109);Natural Products:(UNPD37141 UNPD141460 UNPD92277 UNPD30227 UNPD128696);PubChem:(518789 32192 6432081 11694869 11437592 25200548 87429033);CHEBI:(52487);PubChem class - bio and metabolites;Biocyc:(CPD-8724);KEGG Mine	77329500278
2	1	N/A	-274.7205376452729	C20H28O	[M - H2O + H]+	ISHVJVXYPLFKAL	InChI=1S/C20H28O/c1-13(2)14-7-8-16-15(11-14)17(21)12-18-19(3,4)9-6-10-20(16,18)5/h7-8,11,13,18H,6,9-10,12H2,1-5H3	7-Dehyroabietanone	CC(C)C1=CC2=C(C=C1)C3(CCCC(C3CC2=O)(C)C)C	6.0	11289118;11335109	COCONUT:(CNP0223410);KNApSAcK:(46998);Natural Products:(UNPD161932 UNPD187664 UNPD36967 UNPD95543);PubChem:(11289118 11335109);PNC:(LTS0049518 LTS0035059);SuperNatural:(SN00318029 SN00353728 SN00399935 SN00346817);CHEBI:(70574);PubMed	68722655346