rank	molecularFormula	adduct	precursorFormula	ZodiacScore	SiriusScore	TreeScore	IsotopeScore	numExplainedPeaks	explainedIntensity	medianMassErrorFragmentPeaks(ppm)	medianAbsoluteMassErrorFragmentPeaks(ppm)	massErrorPrecursor(ppm)	lipidClass
1	C38H70O13	[M + Na]+	C38H70O13	0.9954773869346735	41.54474406944092	35.664948702309175	5.879795367131743	31	0.740122788010112	-0.9325984973237724	4.969591637989457	1.122197764435042	
2	C45H66O8	[M + Na]+	C45H66O8	0.0025125628140703522	38.47908120183003	37.8570665068567	0.6220146949733314	30	0.6918743228602382	-1.220019945228297	6.43300212438254	8.875923611713723	
3	C36H68N3O12	[M + Na]+	C36H68N3O12	0.0020100502512562816	39.73714678846249	33.97485246126747	5.762294327195022	30	0.7322499097146984	-0.8434863665157828	4.159359385827196	2.8947840893926275	
4	C44H66N2O7	[M + Na]+	C44H66N2O7	0.0	35.09231620600074	33.268812142439444	1.8235040635612971	31	0.7390393643914771	-3.514553041749557	6.342963276705062	-5.954174736169835	
5	C33H70N2O15	[M + Na]+	C33H70N2O15	0.0	31.256589330632575	26.98687240343554	4.269716927197034	32	0.7471289274106175	-0.9587397281071046	5.46649098953719	6.432970339544979	
6	C41H68NO10	[M + Na]+	C41H68NO10	0.0	30.65386123872742	26.05947057702396	4.594390661703459	34	0.7648970747562297	-0.9587397281071046	5.251906475065416	-2.415988485717309	
7	C48H64NO5	[M + Na]+	C48H64NO5	0.0	22.71827658744563	22.71827658744563	0.0	32	0.7119537739256049	-0.460345442844756	5.784624833003356	5.337737361561372	
8	C51H62N2O2	[M + Na]+	C51H62N2O2	0.0	17.341175406121366	17.341175406121366	0.0	29	0.5758035391838208	3.453218975610657	6.523040972060017	1.7995511112589326	
9	C56H62	[M + Na]+	C56H62	0.0	3.1497399084376947	3.1497399084376947	0.0	1	0.0	-3.7924649185638812	3.7924649185638812	-3.511221463851004	
