rank	formulaRank	ConfidenceScore	CSI:FingerIDScore	molecularFormula	adduct	InChIkey2D	InChI	name	smiles	xlogp	pubchemids	links	dbflags
1	1	0.30343015346399693	-23.263900683339106	C30H26O12	[M + H]+	XFZJEEAOWLFHDH	InChI=1S/C30H26O12/c31-13-7-20(37)24-23(8-13)41-29(12-2-4-16(33)19(36)6-12)27(40)26(24)25-21(38)10-17(34)14-9-22(39)28(42-30(14)25)11-1-3-15(32)18(35)5-11/h1-8,10,22,26-29,31-40H,9H2	Endotelon	C1C(C(OC2=C1C(=CC(=C2C3C(C(OC4=CC(=CC(=C34)O)O)C5=CC(=C(C=C5)O)O)O)O)O)C6=CC(=C(C=C6)O)O)O	2.4000001	122738;130556;146798;147299;360757;442677;3246477;5320711;12109519;9959902;12967793;13269082;13269084;13269085;13269086;13269087;13269088;13269089;13269091;13269092;11180720;10303632;11250133;11342217;11399041;17751036;25185422;24823045;44318001;53298518;92252675;92252677;101022208;101022210;102012878;101236696;102150301;101416648;102328562;102328563;102509284;101986441;101990388;126736033;137425833	HMDB:(29754 37968 13690 33973 33974);PNC:(LTS0135510 LTS0040252 LTS0066122);SuperNatural:(SN00393563 SN00159697 SN00157195 SN00143476 SN00177677 SN00289116 SN00317684 SN00251454 SN00157449 SN00332801 SN00386517 SN00366745 SN00157592 SN00143408 SN00177676 SN00275397 SN00395759);additional;MeSH:(122738 130556 146798 11250133);PubMed;COCONUT:(CNP0192174);KNApSAcK:(2917);Natural Products:(UNPD68762 UNPD11733 UNPD118048 UNPD36162 UNPD77009 UNPD160265 UNPD29974 UNPD115442 UNPD133182 UNPD39623 UNPD116518 UNPD129594 UNPD188592 UNPD96949);PubChem:(122738 130556 146798 147299 360757 442677 3246477 5320711 12109519 9959902 12967793 13269082 13269084 13269085 13269086 13269087 13269088 13269089 13269091 13269092 11180720 10303632 11250133 11342217 11399041 17751036 25185422 24823045 44318001 53298518 92252675 92252677 101022208 101022210 102012878 101236696 102150301 101416648 102328562 102328563 102509284 101986441 101990388 126736033 137425833);CHEBI:(75661 75630 75632 27589 75633);PubChem class - bio and metabolites;KEGG:(C10221 C10238 C17639);PubChem class - safety and toxic;Training Set;Biocyc:(CPD-7631 CPD-1981)	68807084414