rank	molecularFormula	adduct	precursorFormula	ZodiacScore	SiriusScore	TreeScore	IsotopeScore	numExplainedPeaks	explainedIntensity	medianMassErrorFragmentPeaks(ppm)	medianAbsoluteMassErrorFragmentPeaks(ppm)	massErrorPrecursor(ppm)	lipidClass
1	C18H30O2	[M + H]+	C18H30O2	0.9999999999999999	76.45879246060778	73.10262406579068	3.3561683948171	28	0.7781413612565447	5.145785689944198	7.021671440490636	0.942031697118393	
1	C18H32O3	[M - H2O + H]+	C18H30O2	0.9999999999999999	76.45879246060778	73.10262406579068	3.3561683948171	29	0.7781413612565447	5.145785689944198	7.021671440490636	-64499.39089384524	
2	C16H30N3O2	[M - H2O + H]+	C16H28N3O	0.0	61.438755810590074	58.79236589670942	2.646389913880653	29	0.7772687609075045	3.2450324407703857	7.021671440490636	-64494.58240690825	
2	C16H28N3O	[M + H]+	C16H28N3O	0.0	61.438755810590074	58.79236589670942	2.646389913880653	28	0.7772687609075045	3.2450324407703857	7.021671440490636	5.750518634301753	
3	C13H34N3O2S	[M - H2O + H]+	C13H32N3OS	0.0	59.93597635918906	59.93597635918906	0.0	29	0.7774141942990112	3.2450324407703857	7.021671440490636	-64506.65525871185	
3	C13H32N3OS	[M + H]+	C13H32N3OS	0.0	59.93597635918906	59.93597635918906	0.0	28	0.7774141942990112	3.2450324407703857	7.021671440490636	-6.32233316949559	
4	C16H34N	[M + K]+	C16H34N	0.0	46.5689481861258	46.5689481861258	0.0	23	0.7193862710878419	2.6851016250997426	5.746317677670577	-0.5855003089613181	
