rank	molecularFormula	adduct	precursorFormula	ZodiacScore	SiriusScore	TreeScore	IsotopeScore	numExplainedPeaks	explainedIntensity	medianMassErrorFragmentPeaks(ppm)	medianAbsoluteMassErrorFragmentPeaks(ppm)	massErrorPrecursor(ppm)	lipidClass
1	C18H34O4	[M + Na]+	C18H34O4	0.6035175879396986	19.85215245459266	18.429702953868308	1.4224495007243503	8	0.6301261829652995	2.4269793669527493	3.3600422646246835	3.3995245253137787	
2	C20H32O4	[M + H]+	C20H32O4	0.36633165829145725	18.123527372159575	18.123527372159575	0.0	6	0.49132492113564663	2.4269793669527493	4.980393236094612	-3.7340183135092784	
3	C21H32NO	[M + Na]+	C21H32NO	0.01407035175879397	16.506143617978168	16.506143617978168	0.0	8	0.6301261829652995	2.4269793669527493	3.3600422646246835	-4.547656055521781	
4	C18H30N3O3	[M + H]+	C18H30N3O3	0.009045226130653268	15.895363998038398	15.20565667566711	0.689707322371289	10	0.7397476340694006	4.980393236094612	7.067123645591737	0.24741811258498117	
5	C15H32N2O6	[M + H]+	C15H32N2O6	0.007035175879396986	16.188511679804254	14.119518002067878	2.0689936777363758	6	0.49132492113564663	2.4269793669527493	4.980393236094612	8.194598693420541	
6	C16H32N3O3	[M + Na]+	C16H32N3O3	0.0	12.616410306060093	11.002513846411112	1.613896459648981	8	0.6301261829652995	2.4269793669527493	3.3600422646246835	7.3809609514080385	
