rank	molecularFormula	adduct	precursorFormula	ZodiacScore	SiriusScore	TreeScore	IsotopeScore	numExplainedPeaks	explainedIntensity	medianMassErrorFragmentPeaks(ppm)	medianAbsoluteMassErrorFragmentPeaks(ppm)	massErrorPrecursor(ppm)	lipidClass
1	C9H8O3	[M - H2O + H]+	C9H6O2	0.9944723618090451	5.122053732890785	4.617947268984624	0.5041064639061611	3	0.13333333333333333	-11.709925054918033	11.709925054918033	-122481.2229130709	
1	C9H6O2	[M + H]+	C9H6O2	0.9944723618090451	5.122053732890785	4.617947268984624	0.5041064639061611	2	0.13333333333333333	-11.709925054918033	11.709925054918033	2.598516885808304	
2	C2H10N3OS	[M + Na]+	C2H10N3OS	0.005025125628140705	-0.11927482955659274	-0.726271295302921	0.6069964657463283	1	0.0	NaN	NaN	5.164027048385182	
3	C7H10N	[M + K]+	C7H10N	5.025125628140704E-4	-3.605170185988091	-3.605170185988091	0.0	1	0.0	NaN	NaN	-0.3022116684095369	
4	C7H4N3O	[M + H]+	C7H4N3O	0.0	-3.471798299663678	-3.605170185988091	0.13337188632441288	1	0.0	NaN	NaN	11.729661310165456	
5	C4H8N3OS	[M + H]+	C4H8N3OS	0.0	-3.5676399558482377	-5.214608098422191	1.6469681425739535	1	0.0	NaN	NaN	-11.196251742192288	
