rank	formulaRank	ConfidenceScore	CSI:FingerIDScore	molecularFormula	adduct	InChIkey2D	InChI	name	smiles	xlogp	pubchemids	links	dbflags
1	1	0.1681752857871463	-32.79766055322246	C9H8O3	[M - H2O + H]+	NGSWKAQJJWESNS	InChI=1S/C9H8O3/c10-8-4-1-7(2-5-8)3-6-9(11)12/h1-6,10H,(H,11,12)	coumarate	C1=CC(=CC=C1C=CC(=O)O)O	1.39296985	322;1549106;637542;11116469;16109932;54708745;54721280;54729371;71310960;117064649;124202750;131708669;131871182	HMDB:(2035 30677 128076);PNC:(LTS0266252 LTS0233023);SuperNatural:(SN00157333 SN00000381 SN00248047 SN00397780);ZINC bio:(ZINC00039811 ZINC04632590);additional;MeSH:(637542);Plantcyc:(COUMARATE);PubMed;NORMAN:(NS00004354);COCONUT:(CNP0255341 CNP0359225);KNApSAcK:(580);Natural Products:(UNPD19621 UNPD96408 UNPD212098);PubChem:(322 1549106 637542 11116469 16109932 54708745 54721280 54729371 71310960 117064649 124202750 131708669 131871182);CHEBI:(32374 58152 12876 36090 32373 17450);PubChem class - bio and metabolites;EcoCyc Mine;KEGG:(C06738 C00811);PubChem class - safety and toxic;YMDB:(498);Training Set;Biocyc:(CIS-P-COUMARATE COUMARATE CPD1UA-13)	85987420542