rank	molecularFormula	adduct	precursorFormula	ZodiacScore	SiriusScore	TreeScore	IsotopeScore	numExplainedPeaks	explainedIntensity	medianMassErrorFragmentPeaks(ppm)	medianAbsoluteMassErrorFragmentPeaks(ppm)	massErrorPrecursor(ppm)	lipidClass
1	C15H22O2	[M + Na]+	C15H22O2	0.9999999999999999	85.66132280004757	82.37214824111196	3.2891745589356067	18	0.582696423112198	4.263530171918868	6.786883764366213	1.3432207050184597	
2	C13H20N3O	[M + Na]+	C13H20N3O	0.0	72.77725517665634	70.50378048490079	2.273474691755549	17	0.5631305411189239	3.3452547694358086	5.6025923051172954	6.564593162638472	
3	C10H24N3OS	[M + Na]+	C10H24N3OS	0.0	56.907819729641524	56.907819729641524	0.0	19	0.6193824518495874	-4.264499124093465	6.214629049963405	-6.544906086882874	
