rank	formulaRank	ConfidenceScore	CSI:FingerIDScore	molecularFormula	adduct	InChIkey2D	InChI	name	smiles	xlogp	pubchemids	links	dbflags
1	1	0.1313027161452362	-83.12701013843055	C15H22O2	[M + Na]+	TVDMUSYVWJLIDK	InChI=1S/C15H22O2/c1-9(2)12-8-15(4)10(3)13(16)6-5-11(15)7-14(12)17/h7,10,13,16H,5-6,8H2,1-4H3	(4aR,5R,6R)-6-hydroxy-4a,5-dimethyl-3-propan-2-ylidene-5,6,7,8-tetrahydro-4H-naphthalen-2-one	CC1C(CCC2=CC(=O)C(=C(C)C)CC12C)O	2.79999995	12311161;11746594;133554290	COCONUT:(CNP0295018);KNApSAcK:(17007);Natural Products:(UNPD87317 UNPD165017 UNPD94669);PubChem:(12311161 11746594 133554290);PNC:(LTS0174840 LTS0071095);SuperNatural:(SN00013874 SN00232791 SN00226701);ZINC bio:(ZINC06066834 ZINC14450304);additional;Training Set	68723204114
2	1	N/A	-152.0358178159243	C15H22O2	[M + Na]+	OWUWKGDMPZLWFL	InChI=1S/C15H22O2/c1-11(2)9-14(16)10-13(4)15(17)7-5-12(3)6-8-15/h5,9-10,17H,6-8H2,1-4H3	LTS0136811	CC(C)=CC(=O)/C=C(\C)[C@@]1(O)CC=C(C)CC1	3.4037886699943805	""	PNC:(LTS0136811)	68719476736
3	1	N/A	-341.1775275892456	C15H22O2	[M + Na]+	VZVGQRFGIWZPQC	InChI=1S/C15H22O2/c1-11-7-8-14(17)13(10-11)15(3,4)9-5-6-12(2)16/h7-8,10,17H,5-6,9H2,1-4H3	null	CC1=CC(=C(C=C1)O)C(C)(C)CCCC(=O)C	3.5999999	13855300	COCONUT:(CNP0272572);KNApSAcK:(11943);Natural Products:(UNPD144684);PubChem:(13855300);PNC:(LTS0061476);SuperNatural:(SN00304352)	68722655250
4	1	N/A	-373.9262141400431	C15H22O2	[M + Na]+	NWPUHDAIOGMKFI	InChI=1S/C15H22O2/c1-11(2)5-4-6-12(3)14-8-7-13(10-16)9-15(14)17/h6-9,11,16-17H,4-5,10H2,1-3H3	Aspergillusene A	CC(C)CCC=C(C)C1=C(C=C(C=C1)CO)O	4.0999999	53468690;68153029;68163816	COCONUT:(CNP0146949);Natural Products:(UNPD203518 UNPD202210);PubChem:(53468690 68153029 68163816);PNC:(LTS0132090 LTS0257177);CHEBI:(68218);MeSH:(53468690);PubMed	68721606758