rank	molecularFormula	adduct	precursorFormula	ZodiacScore	SiriusScore	TreeScore	IsotopeScore	numExplainedPeaks	explainedIntensity	medianMassErrorFragmentPeaks(ppm)	medianAbsoluteMassErrorFragmentPeaks(ppm)	massErrorPrecursor(ppm)	lipidClass
1	C20H28O3	[M - H2O + H]+	C20H26O2	0.9999999999999999	102.43035771963181	102.43035771963181	0.0	35	0.8492039768665928	0.652851342717851	4.048415716174908	-60194.786819778994	
1	C20H30O4	[M - H4O2 + H]+	C20H26O2	0.9999999999999999	102.43035771963181	102.43035771963181	0.0	35	0.8492039768665928	0.652851342717851	4.048415716174908	-120390.36480877113	
1	C20H26O2	[M + H]+	C20H26O2	0.9999999999999999	102.43035771963181	102.43035771963181	0.0	34	0.8492039768665928	0.652851342717851	4.048415716174908	0.7911692129645171	
2	C18H26N3O2	[M - H2O + H]+	C18H24N3O	0.0	70.07164605154826	70.07164605154826	0.0	31	0.8278640587432577	0.3684992068584026	4.241983869505209	-60190.29925146275	
2	C18H28N3O3	[M - H4O2 + H]+	C18H24N3O	0.0	70.07164605154826	70.07164605154826	0.0	31	0.8278640587432577	0.3684992068584026	4.241983869505209	-120385.8772404547	
2	C18H24N3O	[M + H]+	C18H24N3O	0.0	70.07164605154826	70.07164605154826	0.0	30	0.8278640587432577	0.3684992068584026	4.241983869505209	5.2787375294010195	
3	C15H28N3OS	[M + H]+	C15H28N3OS	0.0	67.12371955323975	67.12371955323975	0.0	30	0.8180518552212617	-2.7476591871855685	4.241983869505209	-5.988371636437669	
3	C15H32N3O3S	[M - H4O2 + H]+	C15H28N3OS	0.0	67.12371955323975	67.12371955323975	0.0	31	0.8180518552212617	-2.7476591871855685	4.241983869505209	-120397.14434962074	
3	C15H30N3O2S	[M - H2O + H]+	C15H28N3OS	0.0	67.12371955323975	67.12371955323975	0.0	31	0.8180518552212617	-2.7476591871855685	4.241983869505209	-60201.56636062839	
