rank	molecularFormula	adduct	precursorFormula	ZodiacScore	SiriusScore	TreeScore	IsotopeScore	numExplainedPeaks	explainedIntensity	medianMassErrorFragmentPeaks(ppm)	medianAbsoluteMassErrorFragmentPeaks(ppm)	massErrorPrecursor(ppm)	lipidClass
1	C40H79NO9	[M + Na]+	C40H79NO9	0.9924623115577891	27.783866845787802	24.48401814330445	3.299848702483351	19	0.4600613415122016	2.647196844524375	3.4299039983156243	-0.369401618610923	
2	C43H77N2O6	[M + Na]+	C43H77N2O6	0.007537688442211056	23.122565637369707	22.390730462279752	0.7318351750899539	18	0.4697959727963727	-3.1044137338982063	3.3879697873175747	-3.988365601641299	
3	C46H75N3O3	[M + Na]+	C46H75N3O3	0.0	16.760424053182277	16.760424053182277	0.0	14	0.413655154020536	-6.633360200297255	6.633360200297255	-7.607329584518161	
4	C47H75NO4	[M + Na]+	C47H75NO4	0.0	14.204370591740865	14.204370591740865	0.0	8	0.2245632751033471	6.945674846665273	6.945674846665273	7.561343850613938	
5	C50H73N2O	[M + Na]+	C50H73N2O	0.0	9.503665715246033	9.503665715246033	0.0	7	0.23829843979197224	3.0066284607668265	3.0066284607668265	3.9423798677370763	
