rank	molecularFormula	adduct	precursorFormula	ZodiacScore	SiriusScore	TreeScore	IsotopeScore	numExplainedPeaks	explainedIntensity	medianMassErrorFragmentPeaks(ppm)	medianAbsoluteMassErrorFragmentPeaks(ppm)	massErrorPrecursor(ppm)	lipidClass
1	C18H30O3	[M - H2O + H]+	C18H28O2	0.9999999999999999	104.1911381664365	104.1911381664365	0.0	19	0.4273987595767969	0.5249050461454962	9.552400068136482	-64967.59823119032	
1	C18H28O2	[M + H]+	C18H28O2	0.9999999999999999	104.1911381664365	104.1911381664365	0.0	18	0.4273987595767969	0.5249050461454962	9.552400068136482	1.6717698334918436	
2	C13H30N3OS	[M + H]+	C13H30N3OS	0.0	85.24031904058862	85.24031904058862	0.0	22	0.494162714337833	-3.2836676728597065	6.1397283947988655	-5.645409179569081	
2	C13H32N3O2S	[M - H2O + H]+	C13H30N3OS	0.0	85.24031904058862	85.24031904058862	0.0	23	0.494162714337833	-3.2836676728597065	6.1397283947988655	-64974.915410203386	
3	C16H28N3O2	[M - H2O + H]+	C16H26N3O	0.0	77.91050650427388	77.91050650427388	0.0	19	0.4273987595767969	0.8229070125888704	9.552400068136482	-64962.75478508804	
3	C16H26N3O	[M + H]+	C16H26N3O	0.0	77.91050650427388	77.91050650427388	0.0	18	0.4273987595767969	0.8229070125888704	9.552400068136482	6.5152159359932575	
4	C16H32N	[M + K]+	C16H32N	0.0	71.33746798092288	71.33746798092288	0.0	16	0.3993068223276178	-0.24441368541072944	7.855781456171671	0.13313220403979947	
