rank	formulaRank	ConfidenceScore	CSI:FingerIDScore	molecularFormula	adduct	InChIkey2D	InChI	name	smiles	xlogp	pubchemids	links	dbflags
1	1	0.04878803157464768	-208.7153707443436	C17H22O3	[M + H]+	DWHTYLMRWXUGJL	InChI=1S/C17H22O3/c1-16-8-3-9-17(2,15(19)20)14(16)7-4-11-10-12(18)5-6-13(11)16/h5-6,10,14,18H,3-4,7-9H2,1-2H3,(H,19,20)	13-Hydroxy-8,11,13-podocarpatrien-18-oic acid	CC12CCCC(C1CCC3=C2C=CC(=C3)O)(C)C(=O)O	4.0999999	246620;11558144;72548871;71257650;86310199;86311051;92230664;92230665;133562571	COCONUT:(CNP0120465);Natural Products:(UNPD62706 UNPD227479 UNPD164514 UNPD197236);PubChem:(246620 11558144 72548871 71257650 86310199 86311051 92230664 92230665 133562571);PNC:(LTS0083733);SuperNatural:(SN00375417 SN00338017)	68722655234
1	1	N/A	-259.4193478648797	C17H24O4	[M - H2O + H]+	UQDRWSKYMXNNHX	InChI=1S/C17H24O4/c1-16-6-3-7-17(2,15(20)21)14(16)9-13(19)11-8-10(18)4-5-12(11)16/h8,12-14,19H,3-7,9H2,1-2H3,(H,20,21)	null	CC12CCCC(C1CC(C3=CC(=O)CCC23)O)(C)C(=O)O	1.5	24879226;46909884;101405773;101425838	COCONUT:(CNP0032346 CNP0260008);KNApSAcK:(35028);Natural Products:(UNPD4807 UNPD72593 UNPD199735);PubChem:(24879226 46909884 101405773 101425838);PNC:(LTS0108152 LTS0132357);SuperNatural:(SN00363417 SN00162409 SN00262999 SN00159379)	68722655250