rank	molecularFormula	adduct	precursorFormula	ZodiacScore	SiriusScore	TreeScore	IsotopeScore	numExplainedPeaks	explainedIntensity	medianMassErrorFragmentPeaks(ppm)	medianAbsoluteMassErrorFragmentPeaks(ppm)	massErrorPrecursor(ppm)	lipidClass
1	C22H42N3O7	[M - H2O + H]+	C22H40N3O6	0.9999999999999999	54.41939425853618	49.59716728717427	4.822226971361911	19	0.30853937253272384	0.6456697683801049	4.592337862936768	-40624.09904683053	
1	C22H40N3O6	[M + H]+	C22H40N3O6	0.9999999999999999	54.41939425853618	49.59716728717427	4.822226971361911	18	0.30853937253272384	0.6456697683801049	4.592337862936768	4.2112945149855845	
2	C24H44O8	[M - H2O + H]+	C24H42O7	0.0	41.97719675057584	36.0978960380849	5.879300712490946	13	0.21026386868896735	-0.5298369221068611	5.82819154060363	-40627.12787925194	
2	C24H42O7	[M + H]+	C24H42O7	0.0	41.97719675057584	36.0978960380849	5.879300712490946	12	0.21026386868896735	-0.5298369221068611	5.82819154060363	1.1824620935822623	
3	C27H40NO4	[M + H]+	C27H40NO4	0.0	33.77334608970481	29.162989194749727	4.61035689495508	9	0.1647621026386869	-4.307899646169746	6.440594299163397	-4.863265032621082	
3	C27H42NO5	[M - H2O + H]+	C27H40NO4	0.0	33.77334608970481	29.162989194749727	4.61035689495508	10	0.1647621026386869	-4.307899646169746	6.440594299163397	-40633.17360637801	
