rank	molecularFormula	adduct	precursorFormula	ZodiacScore	SiriusScore	TreeScore	IsotopeScore	numExplainedPeaks	explainedIntensity	medianMassErrorFragmentPeaks(ppm)	medianAbsoluteMassErrorFragmentPeaks(ppm)	massErrorPrecursor(ppm)	lipidClass
1	C10H24N2O12	[M - H4O2 + H]+	C10H20N2O10	0.5492462311557789	63.445701321279095	63.445701321279095	0.0	25	0.405050505050505	2.660014504923715	7.042282207180299	-109440.9267660003	
2	C13H22N3O9	[M - H4O2 + H]+	C13H18N3O7	0.43567839195979907	63.23573402509493	63.23573402509493	0.0	26	0.4308080808080808	-1.2015353479134674	5.735644646279949	-109449.06990114653	
3	C11H20N3O7	[M + Na]+	C11H20N3O7	0.015075376884422112	60.093248458089946	60.093248458089946	0.0	26	0.4414141414141414	2.887750199609796	6.121353865355614	4.734543466094947	
4	C13H22O8	[M + Na]+	C13H22O8	0.0	50.852128819211885	50.852128819211885	0.0	21	0.3593434343434343	3.9476053481793274	7.528771428690493	0.6549362944751312	
5	C15H24O10	[M - H4O2 + H]+	C15H20O8	0.0	43.60799039513497	43.60799039513497	0.0	14	0.23888888888888887	-2.0761326722871796	5.735644646279949	-109453.14950831814	
6	C16H20NO5	[M + Na]+	C16H20NO5	0.0	42.14123205414505	42.14123205414505	0.0	21	0.3656565656565656	-0.8905681817012405	6.588576155358101	-7.488198851751397	
7	C25H18NO2	[M - H4O2 + H]+	C25H14N	0.0	22.6148164384555	22.6148164384555	0.0	12	0.18989898989898987	7.320267978336661	8.585598090951985	-109443.44744454179	
