rank	molecularFormula	adduct	precursorFormula	ZodiacScore	SiriusScore	TreeScore	IsotopeScore	numExplainedPeaks	explainedIntensity	medianMassErrorFragmentPeaks(ppm)	medianAbsoluteMassErrorFragmentPeaks(ppm)	massErrorPrecursor(ppm)	lipidClass
1	C46H89NO10	[M + Na]+	C46H89NO10	0.9999999999999999	43.430836514672116	36.21186818972304	7.2189683249490715	23	0.43701657458563536	-1.644321507170107	5.021543696427337	1.4066266154934561	
2	C49H87N2O7	[M + Na]+	C49H87N2O7	0.0	35.37090894030002	30.784362176344146	4.586546763955873	19	0.37403314917127073	-4.18069256379543	5.483112202767632	-1.7891177339659528	
3	C53H85NO5	[M + Na]+	C53H85NO5	0.0	31.155092752829596	31.155092752829596	0.0	12	0.2541436464088398	-1.8692623479439616	4.277277159679851	8.40991129575274	
4	C52H85N3O4	[M + Na]+	C52H85N3O4	0.0	30.301877160702098	30.13259961979957	0.1692775409025291	12	0.2541436464088398	-2.703236984095021	3.8702395419251845	-4.98486208315424	
5	C54H87O5	[M + Na]+	C54H87O5	0.0	25.48605978984173	25.48605978984173	0.0	12	0.24917127071823206	-1.8692623479439616	4.277277159679851	-6.585889369716025	
6	C57H85NO2	[M + Na]+	C57H85NO2	0.0	24.821221179535453	24.821221179535453	0.0	13	0.2640883977900553	-1.6208475681400838	3.8552979247881254	-9.78163371876875	
7	C56H83N2O2	[M + Na]+	C56H83N2O2	0.0	20.54377678800044	20.54377678800044	0.0	12	0.25027624309392266	-0.9999910863358962	5.371777870701979	5.214166946428892	
8	C61H83	[M + Na]+	C61H83	0.0	-1.184378661104156	-1.184378661104156	0.0	1	0.0	0.9558861816385646	0.9558861816385646	0.4173953106788203	
