rank	molecularFormula	adduct	precursorFormula	ZodiacScore	SiriusScore	TreeScore	IsotopeScore	numExplainedPeaks	explainedIntensity	medianMassErrorFragmentPeaks(ppm)	medianAbsoluteMassErrorFragmentPeaks(ppm)	massErrorPrecursor(ppm)	lipidClass
1	C33H66N3OS2	[M + Na]+	C33H66N3OS2	0.9929648241206033	121.45721065977325	121.45721065977325	0.0	37	0.7605413105413105	3.307297076450603	5.648021042114579	1.6862657964125627	
2	C35H68O2S2	[M + Na]+	C35H68O2S2	0.006532663316582917	116.5008067889731	116.5008067889731	0.0	30	0.6696581196581198	2.8979887361005674	5.517900101029861	-0.5240774445028589	
3	C36H62N3OS	[M + Na]+	C36H62N3OS	5.025125628140704E-4	113.22575209048074	113.22575209048074	0.0	37	0.7612535612535611	3.307297076450603	7.178174300274995	7.235858991848668	
4	C32H62N3O6	[M + Na]+	C32H62N3O6	0.0	110.43952234367798	110.43952234367798	0.0	31	0.6702279202279203	5.7257497011552285	7.178174300274995	3.1168705898520055	
5	C34H64O7	[M + Na]+	C34H64O7	0.0	109.96685926708871	109.96685926708871	0.0	32	0.6881766381766381	5.1544647813918765	6.591359743763948	0.906527348749431	
6	C38H64O2S	[M + Na]+	C38H64O2S	0.0	104.09882558815723	104.09882558815723	0.0	34	0.701994301994302	4.993282899576182	7.293274261524175	5.025515750933247	
7	C40H60N2O	[M + Na]+	C40H60N2O	0.0	101.4950327925276	101.4950327925276	0.0	25	0.6025641025641026	5.3877791599451434	6.704982373758413	-7.917422102589554	
8	C34H66NO4S	[M + Na]+	C34H66NO4S	0.0	96.52750380959694	96.52750380959694	0.0	34	0.7014245014245014	4.737988769758795	6.941578337016704	-9.055040572356168	
9	C37H62NO4	[M + Na]+	C37H62NO4	0.0	93.80012738798973	93.80012738798973	0.0	25	0.6025641025641026	5.3877791599451434	6.477737113769483	-3.5054473769200616	
