rank	molecularFormula	adduct	precursorFormula	ZodiacScore	SiriusScore	TreeScore	IsotopeScore	numExplainedPeaks	explainedIntensity	medianMassErrorFragmentPeaks(ppm)	medianAbsoluteMassErrorFragmentPeaks(ppm)	massErrorPrecursor(ppm)	lipidClass
1	C24H36NO3	[M + Na]+	C24H36NO3	0.700502512562814	109.67728272606661	109.67728272606661	0.0	24	0.5183984438320633	-0.1557187994836944	2.1464272679699556	-5.21901775263362	
2	C21H38O6	[M + Na]+	C21H38O6	0.2944723618090452	108.24292519022755	108.24292519022755	0.0	25	0.5305560058356296	-0.05338141746311318	2.06961687644388	1.3296267289472343	
3	C19H36N3O5	[M + Na]+	C19H36N3O5	0.0050251256281407045	104.821344941881	104.821344941881	0.0	30	0.5973415464418866	0.07948665171030886	3.997228004086573	4.610414351086038	
4	C20H40N3S2	[M + Na]+	C20H40N3S2	0.0	69.31410846471518	69.31410846471518	0.0	25	0.487275085102934	-0.1770535914325227	3.965801769340329	2.4869837406734163	
5	C22H42OS2	[M + Na]+	C22H42OS2	0.0	65.18328560447294	65.18328560447294	0.0	19	0.4349165180742421	-0.8030758465200761	4.028654238832817	-0.7938038813264933	
6	C25H38OS	[M + Na]+	C25H38OS	0.0	61.29779548995809	61.29779548995809	0.0	19	0.4349165180742421	-0.1770535914325227	5.533626916427947	7.443394904746467	
