rank	molecularFormula	adduct	precursorFormula	ZodiacScore	SiriusScore	TreeScore	IsotopeScore	numExplainedPeaks	explainedIntensity	medianMassErrorFragmentPeaks(ppm)	medianAbsoluteMassErrorFragmentPeaks(ppm)	massErrorPrecursor(ppm)	lipidClass
1	C34H67NO4	[M + H]+	C34H67NO4	0.9999999999999999	31.516395393321762	31.516395393321762	0.0	10	0.3765258215962439	5.236953008136025	7.043030571088307	0.3773082835363952	
1	C34H69NO5	[M - H2O + H]+	C34H67NO4	0.9999999999999999	31.516395393321762	31.516395393321762	0.0	11	0.3765258215962439	5.236953008136025	7.043030571088307	-32479.503446300507	
2	C37H67N2O2	[M - H2O + H]+	C37H65N2O	0.0	25.610959910353046	25.610959910353046	0.0	10	0.3593114241001563	4.4191389114057875	6.054767104866262	-32484.33664006308	
2	C37H65N2O	[M + H]+	C37H65N2O	0.0	25.610959910353046	25.610959910353046	0.0	9	0.3593114241001563	4.4191389114057875	6.054767104866262	-4.455885479237649	
3	C35H67N2O	[M + Na]+	C35H67N2O	0.0	24.096462898681438	24.096462898681438	0.0	11	0.39123630672926424	1.4236501382827822	5.263237325026796	-0.11751737441480752	
4	C35H69O2S	[M + H]+	C35H69O2S	0.0	1.8308638366254675	1.8308638366254675	0.0	5	0.19561815336463212	8.788967209221594	8.788967209221594	9.722737562653416	
4	C35H71O3S	[M - H2O + H]+	C35H69O2S	0.0	1.8308638366254675	1.8308638366254675	0.0	6	0.19561815336463212	8.788967209221594	8.788967209221594	-32470.1580170216	
5	C37H71	[M + K]+	C37H71	0.0	-1.914879328848473	-1.914879328848473	0.0	1	0.0	-7.637982578514951	7.637982578514951	-7.646460324284122	
