rank	molecularFormula	adduct	precursorFormula	ZodiacScore	SiriusScore	TreeScore	IsotopeScore	numExplainedPeaks	explainedIntensity	medianMassErrorFragmentPeaks(ppm)	medianAbsoluteMassErrorFragmentPeaks(ppm)	massErrorPrecursor(ppm)	lipidClass
1	C19H32O5	[M + Na]+	C19H32O5	0.9984924623115576	16.87140427509943	11.183585982184772	5.687818292914658	3	0.2725450901803607	-0.22666569723714947	2.443706640707621	1.3316097787071575	
2	C17H30N3O4	[M + Na]+	C17H30N3O4	0.0015075376884422112	10.674009371581583	5.9550801370149475	4.718929234566636	3	0.2725450901803607	-0.7753034404854675	1.8950688974593028	5.028277560841092	
3	C22H30NO2	[M + Na]+	C22H30NO2	0.0	7.163135173806867	3.742012937387509	3.4211222364193583	3	0.2725450901803607	-0.7753034404854675	1.8950688974593028	-6.047155890210391	
