rank	molecularFormula	adduct	precursorFormula	ZodiacScore	SiriusScore	TreeScore	IsotopeScore	numExplainedPeaks	explainedIntensity	medianMassErrorFragmentPeaks(ppm)	medianAbsoluteMassErrorFragmentPeaks(ppm)	massErrorPrecursor(ppm)	lipidClass
1	C17H40N3O17	[M + Na]+	C17H40N3O17	0.8190954773869346	71.63324206727567	70.17549134997753	1.4577507172981403	28	0.4542739828294142	0.42173406967163174	4.807178318072287	-7.23870844677691	
2	C24H36N3O12	[M + Na]+	C24H36N3O12	0.18090452261306533	70.25911017967698	64.44668822677711	5.812421952899866	27	0.4320642030608438	0.5486814423869654	3.751940800497003	2.866277729335309	
3	C21H38N2O15	[M + Na]+	C21H38N2O15	0.0	55.324755771021145	51.69956369415998	3.6251920768611647	24	0.38671145949981356	1.8661822310980543	4.702811046548988	7.477392933796154	
4	C32H34N2O7	[M + Na]+	C32H34N2O7	0.0	51.68448544261601	50.51484079385615	1.169644648759856	26	0.41470698021649893	-2.248425889071731	4.189141303509794	-8.666062769062709	
5	C26H38O13	[M + Na]+	C26H38O13	0.0	49.64951482760604	43.505805967686214	6.143708859919823	18	0.27771556550951865	-1.999617603044634	5.2058272005405986	0.5561676400545806	
6	C29H36NO10	[M + Na]+	C29H36NO10	0.0	48.64760770991387	43.910079851328035	4.737527858585835	22	0.35684957073534923	-0.4615534937485853	4.189141303509794	-4.054947564601864	
