rank	molecularFormula	adduct	precursorFormula	ZodiacScore	SiriusScore	TreeScore	IsotopeScore	numExplainedPeaks	explainedIntensity	medianMassErrorFragmentPeaks(ppm)	medianAbsoluteMassErrorFragmentPeaks(ppm)	massErrorPrecursor(ppm)	lipidClass
1	C20H28O	[M - H2O + H]+	C20H26	0.9999999999999999	78.03989026568699	78.03989026568699	0.0	16	0.6940472231459925	-0.7807051050972127	3.9228601280722137	-67400.05386391691	
1	C20H26	[M + H]+	C20H26	0.9999999999999999	78.03989026568699	78.03989026568699	0.0	15	0.6940472231459925	-0.7807051050972127	3.9228601280722137	1.9187629089207892	
2	C15H32S	[M + Na]+	C15H32S	0.0	33.960319941120574	33.960319941120574	0.0	10	0.5174592617226471	-0.5034479300694752	6.496719892954229	-1.6942587589517444	
