rank	molecularFormula	adduct	precursorFormula	ZodiacScore	SiriusScore	TreeScore	IsotopeScore	numExplainedPeaks	explainedIntensity	medianMassErrorFragmentPeaks(ppm)	medianAbsoluteMassErrorFragmentPeaks(ppm)	massErrorPrecursor(ppm)	lipidClass
1	C20H32O	[M - H2O + H]+	C20H30	0.9999999999999999	84.97656824306048	84.97656824306048	0.0	31	0.8307409068378689	1.3420636992619508	3.813374542367081	-66397.72015403202	
1	C20H30	[M + H]+	C20H30	0.9999999999999999	84.97656824306048	84.97656824306048	0.0	30	0.8307409068378689	1.3420636992619508	3.813374542367081	2.46308554935135	
1	C20H34O2	[M - H4O2 + H]+	C20H30	0.9999999999999999	84.97656824306048	84.97656824306048	0.0	31	0.8307409068378689	1.3420636992619508	3.813374542367081	-132797.90339361358	
2	C17H36OS	[M - H2O + H]+	C17H34S	0.0	73.00503314150141	73.00503314150141	0.0	30	0.8265631269620223	-0.40352400026056656	3.930557682307323	-66410.14861037693	
