rank	molecularFormula	adduct	precursorFormula	ZodiacScore	SiriusScore	TreeScore	IsotopeScore	numExplainedPeaks	explainedIntensity	medianMassErrorFragmentPeaks(ppm)	medianAbsoluteMassErrorFragmentPeaks(ppm)	massErrorPrecursor(ppm)	lipidClass
1	C16H22O7	[M + Na]+	C16H22O7	0.7190954773869347	41.5450290085019	41.5450290085019	0.0	23	0.5091665729389271	0.4105993565611103	2.080208490368031	2.1247266604615107	
2	C19H20NO4	[M + Na]+	C19H20NO4	0.22261306532663316	41.19939035860353	41.19939035860353	0.0	23	0.509166572938927	-3.1339000409852673	4.274006039802819	-5.551791394554681	
3	C11H24N3O6S	[M + Na]+	C11H24N3O6S	0.05829145728643216	39.56874897685363	39.56874897685363	0.0	29	0.6273759982004274	-0.6579194742141204	4.159535785473377	-3.6853276027222432	
4	C13H26O7S	[M + Na]+	C13H26O7S	0.0	33.30519575266797	33.30519575266797	0.0	22	0.532111123608143	0.6552126863431431	2.3273983590072236	-7.53116554449154	
5	C14H20N3O6	[M + Na]+	C14H20N3O6	0.0	29.908810314627143	29.908810314627143	0.0	23	0.52693735237881	6.268762348698181	6.752641316986868	5.970564602393623	
6	C17H26O2S2	[M + Na]+	C17H26O2S2	0.0	24.18513080757394	24.18513080757394	0.0	18	0.43515914970194586	-1.2404873141342656	2.9411811539470074	-0.36442257720268345	
7	C15H24N3OS2	[M + Na]+	C15H24N3OS2	0.0	17.45774415525505	17.45774415525505	0.0	19	0.44775615791249573	-6.315706089202182	6.4081186984314416	3.4814153647294295	
8	C12H28N3OS3	[M + Na]+	C12H28N3OS3	0.0	10.669757682766054	10.669757682766054	0.0	15	0.3696996963221235	-6.218995379946056	6.362906260827508	-6.174476840386437	
9	C20H22O2S	[M + Na]+	C20H22O2S	0.0	9.595067183502398	9.595067183502398	0.0	12	0.17253402316949726	-0.20716203775787367	6.559546057815351	9.291469627750367	
