rank	formulaRank	ConfidenceScore	CSI:FingerIDScore	molecularFormula	adduct	InChIkey2D	InChI	name	smiles	xlogp	pubchemids	links	dbflags
1	1	0.31934802904018006	-25.317816529731342	C20H22O9	[M + H]+	PERPNFLGJXUDDW	InChI=1S/C20H22O9/c21-9-16-17(25)18(26)19(27)20(29-16)28-13-6-11(5-12(22)8-13)2-1-10-3-4-14(23)15(24)7-10/h1-8,16-27H,9H2	Astringin	C1=CC(=C(C=C1C=CC2=CC(=CC(=C2)OC3C(C(C(C(O3)CO)O)O)O)O)O)O	0.522445619	181117;5089891;5281712;6267438;16040016;69179774;125181732	PNC:(LTS0147278 LTS0222338 LTS0251851);SuperNatural:(SN00360754 SN00157196);ZINC bio:(ZINC04098622);additional;MeSH:(5281712);PubMed;COCONUT:(CNP0289089);KNApSAcK:(2870);Natural Products:(UNPD198911 UNPD28302 UNPD218144 UNPD211818 UNPD45557 UNPD70504);PubChem:(181117 5089891 5281712 6267438 16040016 69179774 125181732);CHEBI:(76157 2899);KEGG:(C10245);YMDB:(1640)	68723253622