rank	molecularFormula	adduct	precursorFormula	ZodiacScore	SiriusScore	TreeScore	IsotopeScore	numExplainedPeaks	explainedIntensity	medianMassErrorFragmentPeaks(ppm)	medianAbsoluteMassErrorFragmentPeaks(ppm)	massErrorPrecursor(ppm)	lipidClass
1	C17H34N3O2S	[M + Na]+	C17H34N3O2S	0.9788944723618093	56.97985993725781	56.97985993725781	0.0	21	0.9034446764091856	0.11702621319208845	5.362460805863437	-4.075056901120822	
2	C22H32O3	[M + Na]+	C22H32O3	0.021105527638190957	52.40805527891449	52.40805527891449	0.0	11	0.4780793319415449	-2.171706262680779	5.527795352735151	1.4486535376899186	
3	C19H36O3S	[M + Na]+	C19H36O3S	0.0	39.30143538022177	39.30143538022177	0.0	14	0.5798538622129435	2.604549858323598	5.712296308804459	-7.731355830881492	
4	C20H30N3O2	[M + Na]+	C20H30N3O2	0.0	35.295363177353806	35.295363177353806	0.0	11	0.5083507306889352	-2.171706262680779	7.422636290206837	5.104952467450588	
5	C25H30N	[M + Na]+	C25H30N	0.0	35.061391634086355	35.061391634086355	0.0	10	0.45093945720250517	-3.939888525100991	5.780410992281991	-5.849533534626369	
