rank	molecularFormula	adduct	precursorFormula	ZodiacScore	SiriusScore	TreeScore	IsotopeScore	numExplainedPeaks	explainedIntensity	medianMassErrorFragmentPeaks(ppm)	medianAbsoluteMassErrorFragmentPeaks(ppm)	massErrorPrecursor(ppm)	lipidClass
1	C28H40O4	[M + K]+	C28H40O4	0.9954773869346735	51.09391613925567	51.09391613925567	0.0	15	0.5430038510911425	3.170102637233458	4.874754026154562	1.9390677854428713	
2	C20H44N2O6S	[M + K]+	C20H44N2O6S	0.004522613065326633	47.402186193021585	47.402186193021585	0.0	22	0.7490372272143774	-2.9429931079234852	4.765673178542454	3.2987398272405586	
3	C23H42N3O3S	[M + K]+	C23H42N3O3S	0.0	44.080064117437125	44.080064117437125	0.0	23	0.7698973042362003	-2.558301536384099	4.545391834549445	-2.2934109682383856	
4	C26H38N3O3	[M + K]+	C26H38N3O3	0.0	41.47094938184105	41.47094938184105	0.0	19	0.6335044929396662	3.170102637233458	4.289121905152508	4.7406642323004045	
5	C25H44O4S	[M + K]+	C25H44O4S	0.0	40.541537225908	40.541537225908	0.0	15	0.5831193838254172	-2.0095298706529556	4.874754026154562	-5.095007415214526	
6	C19H42N3O8	[M + K]+	C19H42N3O8	0.0	36.77811957763553	36.77811957763553	0.0	13	0.504813863928113	1.2067321232302568	4.426896106594766	-7.514203403154833	
7	C24H44N2OS2	[M + K]+	C24H44N2OS2	0.0	36.676789881397674	36.676789881397674	0.0	13	0.46245186136071886	-0.32326607545780583	4.473671035672217	8.519532262275614	
8	C31H38NO	[M + K]+	C31H38NO	0.0	35.85980831113752	35.85980831113752	0.0	13	0.46245186136071886	-0.32326607545780583	4.473671035672217	-3.6530830101546803	
