rank	molecularFormula	adduct	precursorFormula	ZodiacScore	SiriusScore	TreeScore	IsotopeScore	numExplainedPeaks	explainedIntensity	medianMassErrorFragmentPeaks(ppm)	medianAbsoluteMassErrorFragmentPeaks(ppm)	massErrorPrecursor(ppm)	lipidClass
1	C24H36N2O8	[M + Na]+	C24H36N2O8	0.9999999999999999	45.5154165566254	42.388304080750274	3.1271124758751205	22	0.3783052259004788	1.5070133211802472	4.197107572534081	-1.9928188240199676	
2	C27H34N3O5	[M + Na]+	C27H34N3O5	0.0	34.80022941621097	32.858586281917326	1.941643134293641	19	0.3235477826358526	0.9816334002179452	4.4159846002207095	-7.318509515686086	
3	C21H38NO11	[M + Na]+	C21H38NO11	0.0	26.005263313829502	24.309011085122872	1.696252228706629	16	0.2785758900687071	1.9952366308013947	4.980393236094612	3.3328718674202396	
4	C29H36O6	[M + Na]+	C29H36O6	0.0	23.692969817380103	23.14157716505745	0.5513926523226527	12	0.21798875702685827	-4.197107572534081	5.0371510624133045	-9.986612838227407	
5	C36H32O	[M + Na]+	C36H32O	0.0	6.319858101500273	6.319858101500273	0.0	5	0.08265667291276287	5.402544143039414	6.682223483847636	1.684323243063673	
6	C34H30N3	[M + Na]+	C34H30N3	0.0	1.8968461182672955	1.8968461182672955	0.0	10	0.17072662919008955	2.6508094679950402	5.0371510624133045	4.3524265656049925	
