rank	molecularFormula	adduct	precursorFormula	ZodiacScore	SiriusScore	TreeScore	IsotopeScore	numExplainedPeaks	explainedIntensity	medianMassErrorFragmentPeaks(ppm)	medianAbsoluteMassErrorFragmentPeaks(ppm)	massErrorPrecursor(ppm)	lipidClass
1	C19H28O3	[M - H2O + H]+	C19H26O2	0.9999999999999999	102.01780129325006	102.01780129325006	0.0	39	0.9172377895376075	2.937713242877639	3.081671456633421	-62707.74923119831	
1	C19H26O2	[M + H]+	C19H26O2	0.9999999999999999	102.01780129325006	102.01780129325006	0.0	38	0.9172377895376075	2.937713242877639	3.081671456633421	2.8315037253158013	
2	C16H30O2S	[M + H]+	C16H30O2S	0.0	75.4278433542873	75.4278433542873	0.0	38	0.9172377895376075	2.498557942580171	3.425166914312263	-8.906351157224739	
2	C16H32O3S	[M - H2O + H]+	C16H30O2S	0.0	75.4278433542873	75.4278433542873	0.0	39	0.9172377895376075	2.498557942580171	3.425166914312263	-62719.48708608086	
3	C17H26N3O2	[M - H2O + H]+	C17H24N3O	0.0	74.46491517109226	74.46491517109226	0.0	39	0.9172377895376075	2.9695606079174164	3.425166914312263	-62703.07416992967	
3	C17H24N3O	[M + H]+	C17H24N3O	0.0	74.46491517109226	74.46491517109226	0.0	38	0.9172377895376075	2.9695606079174164	3.425166914312263	7.5065649941492	
4	C14H30N3O2S	[M - H2O + H]+	C14H28N3OS	0.0	72.44927038298472	72.44927038298472	0.0	39	0.9172377895376075	2.498557942580171	3.425166914312263	-62714.812024811814	
4	C14H28N3OS	[M + H]+	C14H28N3OS	0.0	72.44927038298472	72.44927038298472	0.0	38	0.9172377895376075	2.498557942580171	3.425166914312263	-4.231289888193417	
