rank	molecularFormula	adduct	precursorFormula	ZodiacScore	SiriusScore	TreeScore	IsotopeScore	numExplainedPeaks	explainedIntensity	medianMassErrorFragmentPeaks(ppm)	medianAbsoluteMassErrorFragmentPeaks(ppm)	massErrorPrecursor(ppm)	lipidClass
1	C30H62O8	[M + Na]+	C30H62O8	0.9507537688442211	101.95840901363053	96.61028975500768	5.348119258622851	32	0.5893805309734512	0.6768539709220371	4.729691834315058	1.3819577049318765	
2	C28H60N3O7	[M + Na]+	C28H60N3O7	0.0492462311557789	99.53185647583322	94.08514335366176	5.446713122171465	33	0.5954867256637167	-0.7722954929648275	5.088778433948767	3.723435313904623	
3	C36H58N2O2	[M + Na]+	C36H58N2O2	0.0	90.53542108541833	90.53542108541833	0.0	33	0.6008849557522122	0.2758218236736014	6.061357699019574	-7.965495521619357	
4	C33H60NO5	[M + Na]+	C33H60NO5	0.0	89.41107472232108	87.01123981525822	2.3998349070628584	33	0.6008849557522122	0.2758218236736014	5.088778433948767	-3.2917689082446127	
5	C40H56N	[M + Na]+	C40H56N	0.0	66.79212088900245	66.79212088900245	0.0	26	0.5208849557522122	0.9861324963998503	4.729691834315058	6.950426465964941	
