rank	molecularFormula	adduct	precursorFormula	ZodiacScore	SiriusScore	TreeScore	IsotopeScore	numExplainedPeaks	explainedIntensity	medianMassErrorFragmentPeaks(ppm)	medianAbsoluteMassErrorFragmentPeaks(ppm)	massErrorPrecursor(ppm)	lipidClass
1	C17H34O4S	[M + K]+	C17H34O4S	0.9979899497487437	52.02557858912315	52.02557858912315	0.0	19	0.6637168141592918	-2.2401239245117015	6.069704481394362	-7.5649497491571385	
2	C15H32N3O3S	[M + K]+	C15H32N3O3S	0.0020100502512562816	46.35710947704556	46.35710947704556	0.0	20	0.6838294448913916	-1.4448931800860991	5.594525759045552	-3.9669788504283936	
3	C20H30O4	[M + K]+	C20H30O4	0.0	34.693792298557554	34.693792298557554	0.0	14	0.4267900241351568	0.36798150191561685	7.6097403231425504	1.4686132040180944	
4	C18H28N3O3	[M + K]+	C18H28N3O3	0.0	28.275134391485018	28.275134391485018	0.0	14	0.4267900241351568	5.594525759045552	8.30991543649323	5.066584102899162	
5	C23H28NO	[M + K]+	C23H28NO	0.0	19.317829638776264	19.317829638776264	0.0	13	0.4022526146419952	-0.11649531151685322	7.785858172700472	-5.713147697800241	
