rank	molecularFormula	adduct	precursorFormula	ZodiacScore	SiriusScore	TreeScore	IsotopeScore	numExplainedPeaks	explainedIntensity	medianMassErrorFragmentPeaks(ppm)	medianAbsoluteMassErrorFragmentPeaks(ppm)	massErrorPrecursor(ppm)	lipidClass
1	C48H72O3	[M + H]+	C48H72O3	0.4341708542713568	3.5	3.5	0.0	1	0.0	NaN	NaN	4.477085813398726	
2	C41H76O8	[M + H]+	C41H76O8	0.42763819095477384	3.5	3.5	0.0	1	0.0	NaN	NaN	-3.9426060342667615	
3	C36H76N2O10	[M + H]+	C36H76N2O10	0.13567839195979897	2.4433809311142944	1.3606826385618302	1.0826982925524642	2	0.13324450366422386	2.996214818526439	2.996214818526439	1.82430776115543	
4	C44H74NO5	[M + H]+	C44H74NO5	0.0020100502512562816	-2.8121050863377794	-2.8121050863377794	0.0	2	0.13324450366422386	-8.41442540852235	8.41442540852235	-7.7846864112860805	
5	C39H74N3O7	[M + H]+	C39H74N3O7	5.025125628140704E-4	-2.7880947290700155	-2.7880947290700155	0.0	3	0.1872085276482345	0.22998799892016597	1.796227493192259	-2.017772615863889	
6	C46H70N3O2	[M + H]+	C46H70N3O2	0.0	-3.605170185988091	-3.605170185988091	0.0	1	0.0	NaN	NaN	6.401919231801598	
7	C51H70N	[M + H]+	C51H70N	0.0	-3.605170185988091	-3.605170185988091	0.0	1	0.0	NaN	NaN	0.6350054363794065	
