rank	molecularFormula	adduct	precursorFormula	ZodiacScore	SiriusScore	TreeScore	IsotopeScore	numExplainedPeaks	explainedIntensity	medianMassErrorFragmentPeaks(ppm)	medianAbsoluteMassErrorFragmentPeaks(ppm)	massErrorPrecursor(ppm)	lipidClass
1	C12H9O	[M - H2O + H]+	C12H7	0.9989949748743717	5.462425546909136	5.462425546909136	0.0	3	0.16707616707616707	5.502371790406377	5.502371790406377	-118439.77067453109	
1	C12H7	[M + H]+	C12H7	0.9989949748743717	5.462425546909136	5.462425546909136	0.0	2	0.16707616707616707	5.502371790406377	5.502371790406377	2.176453758778109	
2	C7H13S	[M + Na]+	C7H13S	0.0010050251256281408	4.50993613788	4.50993613788	0.0	3	0.32678132678132676	1.0547445166592746	4.0583082374337796	-4.172519493328302	
3	C4H11N2O2S	[M + H]+	C4H11N2O2S	0.0	-0.04260764166459552	-0.04260764166459552	0.0	2	0.16707616707616707	10.229885309422205	10.229885309422205	6.461747654071737	
3	C4H13N2O3S	[M - H2O + H]+	C4H11N2O2S	0.0	-0.04260764166459552	-0.04260764166459552	0.0	3	0.16707616707616707	10.229885309422205	10.229885309422205	-118435.4853806358	
