rank	molecularFormula	adduct	precursorFormula	ZodiacScore	SiriusScore	TreeScore	IsotopeScore	numExplainedPeaks	explainedIntensity	medianMassErrorFragmentPeaks(ppm)	medianAbsoluteMassErrorFragmentPeaks(ppm)	massErrorPrecursor(ppm)	lipidClass
1	C34H70O11	[M + Na]+	C34H70O11	0.984422110552764	97.87941760113674	90.14367152602296	7.7357460751137745	38	0.7680871362696771	4.850714900486212	5.65909931533464	0.959733179687106	
2	C37H68NO8	[M + Na]+	C37H68NO8	0.015577889447236181	94.105418035583	89.41322388352907	4.692194152053933	45	0.8235808554619175	-0.42427180468993075	5.201901919675569	-2.996205502316584	
3	C32H68N3O10	[M + Na]+	C32H68N3O10	0.0	87.99419879358508	80.10100126204556	7.893197531539532	41	0.8204006996342819	4.750123815946236	6.111725139192724	2.94160816147715	
4	C40H66N2O5	[M + Na]+	C40H66N2O5	0.0	85.9073536249449	85.9073536249449	0.0	43	0.8044204166004134	0.5586266490578095	5.352962797880582	-6.95214418465589	
5	C41H66O6	[M + Na]+	C41H66O6	0.0	75.95620393841617	75.95620393841617	0.0	41	0.8008427412943235	4.558796797738622	5.965235832788697	9.628938767203744	
6	C44H64NO3	[M + Na]+	C44H64NO3	0.0	67.81787538667994	67.81787538667994	0.0	43	0.8266020034981715	-1.4108893015987314	5.825181925321746	5.673000085200053	
7	C47H62N2	[M + Na]+	C47H62N2	0.0	34.151975425562604	34.151975425562604	0.0	23	0.38153919542057557	-2.0361897829736693	4.925379200093479	1.7170614028607476	
