rank	molecularFormula	adduct	precursorFormula	ZodiacScore	SiriusScore	TreeScore	IsotopeScore	numExplainedPeaks	explainedIntensity	medianMassErrorFragmentPeaks(ppm)	medianAbsoluteMassErrorFragmentPeaks(ppm)	massErrorPrecursor(ppm)	lipidClass
1	C21H28O3	[M + Na]+	C21H28O3	0.9989949748743717	43.55536767022539	43.55536767022539	0.0	9	0.5986937590711177	3.4657774148771194	4.282295952136839	1.04420770652553	
2	C16H30N3O2S	[M + Na]+	C16H30N3O2S	0.0010050251256281408	39.34440955653622	39.34440955653622	0.0	13	0.8018867924528302	0.6605836929776037	4.964026969811621	-4.7316520170253815	
3	C18H32O3S	[M + Na]+	C18H32O3S	0.0	35.41379912033145	35.41379912033145	0.0	11	0.6901306240928883	2.215027128454607	3.9101176913585056	-8.554855633436118	
4	C19H26N3O2	[M + Na]+	C19H26N3O2	0.0	34.09569657346294	34.09569657346294	0.0	9	0.6161103047895502	3.4657774148771194	4.282295952136839	4.867411322936266	
5	C24H26N	[M + Na]+	C24H26N	0.0	32.0476586777258	32.0476586777258	0.0	8	0.5609579100145138	3.5008211573786854	5.063770746894993	-6.5871309077786675	
