rank	molecularFormula	adduct	precursorFormula	ZodiacScore	SiriusScore	TreeScore	IsotopeScore	numExplainedPeaks	explainedIntensity	medianMassErrorFragmentPeaks(ppm)	medianAbsoluteMassErrorFragmentPeaks(ppm)	massErrorPrecursor(ppm)	lipidClass
1	C18H34O4	[M + Na]+	C18H34O4	0.9999999999999999	67.70573563723558	64.4577732758781	3.247962361357483	18	0.5220024222850222	1.6231790336386522	3.9577931473860364	1.6402879279595797	
2	C16H32N3O3	[M + Na]+	C16H32N3O3	0.0	52.30210659387168	49.88163446247915	2.420472131392529	16	0.3955053155699098	-0.5360113091298742	4.74924273891919	5.621731358366321	
3	C21H32NO	[M + Na]+	C21H32NO	0.0	44.652150884150686	44.27354927930333	0.3786016048473533	16	0.39779302920199167	0.6694453912372699	4.74924273891919	-6.306906633894433	
