rank	molecularFormula	adduct	precursorFormula	ZodiacScore	SiriusScore	TreeScore	IsotopeScore	numExplainedPeaks	explainedIntensity	medianMassErrorFragmentPeaks(ppm)	medianAbsoluteMassErrorFragmentPeaks(ppm)	massErrorPrecursor(ppm)	lipidClass
1	C33H62O10	[M + H]+	C33H62O10	0.7819095477386935	84.90889721894456	79.64530424407586	5.263592974868694	34	0.7355898314767211	1.6499177091429973	6.000798360305487	-3.1464163843823556	
1	C33H64O11	[M - H2O + H]+	C33H62O10	0.7819095477386935	84.90889721894456	79.64530424407586	5.263592974868694	35	0.7355898314767211	1.6499177091429973	6.000798360305487	-29078.723662417095	
2	C31H64O10	[M + Na]+	C31H64O10	0.21758793969849247	83.0474043241461	76.59043236021785	6.456971963928252	34	0.7355898314767211	1.6499177091429973	6.000798360305487	0.737235711098266	
3	C31H62N3O10	[M - H2O + H]+	C31H60N3O9	5.025125628140704E-4	78.97676373915866	72.89246993534938	6.084293803809269	35	0.7355898314767211	1.6499177091429973	6.000798360305487	-29076.55608394065	
3	C31H60N3O9	[M + H]+	C31H60N3O9	5.025125628140704E-4	78.97676373915866	72.89246993534938	6.084293803809269	34	0.7355898314767211	1.6499177091429973	6.000798360305487	-0.9788379077576578	
4	C36H60NO7	[M + H]+	C36H60NO7	0.0	75.53010442434723	73.51361999814462	2.0164844262026147	34	0.7355898314767211	1.6499177091429973	6.133282472855794	-7.473030131841565	
4	C36H62NO8	[M - H2O + H]+	C36H60NO7	0.0	75.53010442434723	73.51361999814462	2.0164844262026147	35	0.7355898314767211	1.6499177091429973	6.133282472855794	-29083.050276164733	
5	C29H62N3O9	[M + Na]+	C29H62N3O9	0.0	74.66813725818788	68.70830732716205	5.959829931025842	34	0.7355898314767211	1.7219820516806148	6.000798360305487	2.9048141875394324	
6	C34H62NO7	[M + Na]+	C34H62NO7	0.0	73.71337298591921	69.2510231796495	4.462349806269711	34	0.7355898314767211	1.6499177091429973	6.000798360305487	-3.5893780365444745	
