rank	molecularFormula	adduct	precursorFormula	ZodiacScore	SiriusScore	TreeScore	IsotopeScore	numExplainedPeaks	explainedIntensity	medianMassErrorFragmentPeaks(ppm)	medianAbsoluteMassErrorFragmentPeaks(ppm)	massErrorPrecursor(ppm)	lipidClass
1	C21H32O11	[M + Na]+	C21H32O11	0.9170854271356784	31.835326514264843	25.75865392384526	6.076672590419584	15	0.3196610169491525	1.2689736093858155	3.000574248941384	0.6986560537297175	
2	C19H30N3O10	[M + Na]+	C19H30N3O10	0.08241206030150755	29.518031722073275	23.92019417510366	5.597837546969616	16	0.33954802259887	0.9333131841781361	3.3432016608833988	3.4774813956932324	
3	C24H30NO8	[M + Na]+	C24H30NO8	5.025125628140704E-4	23.709718677885185	20.451054218666087	3.2586644592190988	16	0.33039548022598864	1.3166981624555354	2.8495351261078667	-4.848042281537553	
4	C16H32N2O13	[M + Na]+	C16H32N2O13	0.0	20.480343023467945	16.954355223247692	3.525987800220253	9	0.20892655367231636	2.1251708094290995	5.176567033399869	9.024179730960503	
