rank	molecularFormula	adduct	precursorFormula	ZodiacScore	SiriusScore	TreeScore	IsotopeScore	numExplainedPeaks	explainedIntensity	medianMassErrorFragmentPeaks(ppm)	medianAbsoluteMassErrorFragmentPeaks(ppm)	massErrorPrecursor(ppm)	lipidClass
1	C10H14O2	[M + H]+	C10H14O2	0.9984924623115576	6.606106906450244	3.5	3.1061069064502442	1	0.0	NaN	NaN	2.1480466356203323	
2	C5H16N3OS	[M + H]+	C5H16N3OS	0.0010050251256281408	-0.2073717066907541	-0.6094379124341003	0.40206620574334617	1	0.0	NaN	NaN	-9.990546103001595	
3	C8H12N3O	[M + H]+	C8H12N3O	5.025125628140704E-4	-2.0317931464278143	-3.605170185988091	1.5733770395602769	1	0.0	NaN	NaN	10.18292176790987	
