rank	molecularFormula	adduct	precursorFormula	ZodiacScore	SiriusScore	TreeScore	IsotopeScore	numExplainedPeaks	explainedIntensity	medianMassErrorFragmentPeaks(ppm)	medianAbsoluteMassErrorFragmentPeaks(ppm)	massErrorPrecursor(ppm)	lipidClass
1	C19H28O2	[M + Na]+	C19H28O2	0.9999999999999999	73.26955436382937	73.26955436382937	0.0	26	0.7298153389944735	2.104339213289855	6.038232963634614	1.5314820307613477	
2	C17H26N3O	[M + Na]+	C17H26N3O	0.0	55.80562928684655	55.80562928684655	0.0	27	0.7349373230893651	2.76534317545883	5.7578919361699805	5.846038335495622	
3	C14H30N3OS	[M + Na]+	C14H30N3OS	0.0	55.32034767115223	55.32034767115223	0.0	27	0.7349373230893651	-1.0705059167191828	5.653282323841381	-4.986682964894679	
