rank	molecularFormula	adduct	precursorFormula	ZodiacScore	SiriusScore	TreeScore	IsotopeScore	numExplainedPeaks	explainedIntensity	medianMassErrorFragmentPeaks(ppm)	medianAbsoluteMassErrorFragmentPeaks(ppm)	massErrorPrecursor(ppm)	lipidClass
1	C18H28O3	[M + H]+	C18H28O3	0.9999999999999999	94.53248093792946	94.53248093792946	0.0	38	0.8644754615038273	0.5586266490578095	4.469890847505051	1.1074348383128045	
2	C21H26N	[M + H]+	C21H26N	0.0	76.79801016099745	76.79801016099745	0.0	35	0.840203020752323	0.5352017908306583	4.676900590737276	-8.032985964946468	
3	C16H26N3O2	[M + H]+	C16H26N3O2	0.0	70.30252355563404	70.30252355563404	0.0	36	0.8506405795915031	3.7094380498939206	4.987510863256124	5.686669444025949	
4	C13H30N3O2S	[M + H]+	C13H30N3O2S	0.0	68.27495949403692	68.27495949403692	0.0	32	0.8219065940812905	0.5586266490578095	5.416796980988976	-5.810589775604394	
