rank	molecularFormula	adduct	precursorFormula	ZodiacScore	SiriusScore	TreeScore	IsotopeScore	numExplainedPeaks	explainedIntensity	medianMassErrorFragmentPeaks(ppm)	medianAbsoluteMassErrorFragmentPeaks(ppm)	massErrorPrecursor(ppm)	lipidClass
1	C28H46O	[M - H2O + H]+	C28H44	0.9999999999999999	71.64624782854263	71.64624782854263	0.0	25	0.7191063316955594	1.6322228304202564	4.473144292840273	-47226.52802591268	
1	C28H44	[M + H]+	C28H44	0.9999999999999999	71.64624782854263	71.64624782854263	0.0	24	0.7191063316955594	1.6322228304202564	4.473144292840273	1.6368713875147496	
2	C25H48S	[M + H]+	C25H48S	0.0	61.13635286629929	61.13635286629929	0.0	27	0.7599888754982848	1.7617854727794013	5.58137756914829	-7.203061833267597	
2	C25H50OS	[M - H2O + H]+	C25H48S	0.0	61.13635286629929	61.13635286629929	0.0	28	0.7599888754982848	1.7617854727794013	5.58137756914829	-47235.36795913346	
3	C26H46	[M + Na]+	C26H46	0.0	7.392754834023874	7.392754834023874	0.0	7	0.07926207471956984	7.939715332643446	9.731693125244314	7.945181623721572	
