rank	molecularFormula	adduct	precursorFormula	ZodiacScore	SiriusScore	TreeScore	IsotopeScore	numExplainedPeaks	explainedIntensity	medianMassErrorFragmentPeaks(ppm)	medianAbsoluteMassErrorFragmentPeaks(ppm)	massErrorPrecursor(ppm)	lipidClass
1	C22H40O	[M + H]+	C22H40O	0.9999999999999999	7.487017504752698	7.487017504752698	0.0	4	0.206266318537859	-0.1282394070175643	1.786470721063292	1.8458932942353399	
2	C20H38N3	[M + H]+	C20H38N3	0.0	-1.4162845593610327	-1.4162845593610327	0.0	4	0.206266318537859	0.040655757922524516	1.553578381890859	6.024598669698581	
3	C17H39N2S	[M + H3N + H]+	C17H42N3S	0.0	-10.386813117595375	-10.386813117595375	0.0	3	0.13446475195822455	-1.3440274590282457	1.4253389748732948	-4.467036514275942	
