rank	molecularFormula	adduct	precursorFormula	ZodiacScore	SiriusScore	TreeScore	IsotopeScore	numExplainedPeaks	explainedIntensity	medianMassErrorFragmentPeaks(ppm)	medianAbsoluteMassErrorFragmentPeaks(ppm)	massErrorPrecursor(ppm)	lipidClass
1	C7H7N3O13	[M - H4O2 + H]+	C7H3N3O11	0.892964824120603	1.0	1.0	0.0	2	0.0	NaN	NaN	-117727.47333529686	
2	C9H9O14	[M - H4O2 + H]+	C9H5O12	0.10351758793969851	-1.105170185988091	-1.105170185988091	0.0	2	0.0	NaN	NaN	-117731.86144095726	
3	C4H9N2O16	[M - H4O2 + H]+	C4H5N2O14	0.0035175879396984926	-4.544498948853227	-4.544498948853227	0.0	3	0.1634472511144131	-9.714938774803796	9.714938774803796	-117718.71441907749	
