rank	molecularFormula	adduct	precursorFormula	ZodiacScore	SiriusScore	TreeScore	IsotopeScore	numExplainedPeaks	explainedIntensity	medianMassErrorFragmentPeaks(ppm)	medianAbsoluteMassErrorFragmentPeaks(ppm)	massErrorPrecursor(ppm)	lipidClass
1	C32H54NO3	[M - H2O + H]+	C32H52NO2	0.5979899497487438	4.921703560189054	4.921703560189054	0.0	4	0.3023872679045093	6.277577869999854	6.277577869999854	-37268.13199143827	
2	C36H52O	[M - H2O + H]+	C36H50	0.14371859296482414	3.5	3.5	0.0	2	0.0	NaN	NaN	-37250.4380196913	
3	C29H56O6	[M - H2O + H]+	C29H54O5	0.13819095477386936	3.5	3.5	0.0	2	0.0	NaN	NaN	-37262.58779599937	
4	C28H56N2O3S	[M - H2O + H]+	C28H54N2O2S	0.10603015075376886	3.2088052959477595	3.2088052959477595	0.0	4	0.3023872679045093	6.277577869999854	6.277577869999854	-37249.090007484796	
5	C27H54N3O5	[M - H2O + H]+	C27H52N3O4	0.010552763819095479	0.8018755693708126	0.23343237466410827	0.5684431947067043	4	0.3023872679045093	6.277577869999854	6.277577869999854	-37259.81022457665	
6	C33H56OS	[M - H2O + H]+	C33H54S	0.0020100502512562816	-0.6094379124341003	-0.6094379124341003	0.0	2	0.0	NaN	NaN	-37257.411774346416	
7	C30H60OS2	[M - H2O + H]+	C30H58S2	0.0015075376884422112	-1.174704972699919	-1.174704972699919	0.0	2	0.0	NaN	NaN	-37264.385529001665	
