rank	molecularFormula	adduct	precursorFormula	ZodiacScore	SiriusScore	TreeScore	IsotopeScore	numExplainedPeaks	explainedIntensity	medianMassErrorFragmentPeaks(ppm)	medianAbsoluteMassErrorFragmentPeaks(ppm)	massErrorPrecursor(ppm)	lipidClass
1	C20H30O4	[M + Na]+	C20H30O4	0.9999999999999999	75.09646372360697	72.20940938120516	2.88705434240181	15	0.36842105263157876	2.155236356261338	9.647373922611031	1.7812897657124713	
2	C17H34O5	[M + K]+	C17H34O5	0.0	67.07377816608575	67.07377816608575	0.0	16	0.3803761481265489	0.9754877440397858	8.554466312854426	1.3553486046318624	
3	C18H28N3O3	[M + Na]+	C18H28N3O3	0.0	65.7315226766537	63.436702169406644	2.294820507247054	15	0.36842105263157876	2.6019252480415402	9.647373922611031	5.540158643310583	
4	C20H32NO2	[M + K]+	C20H32NO2	0.0	63.960753251422965	63.960753251422965	0.0	17	0.3964134713515089	0.22168013361931385	9.647373922611031	-6.147574098040279	
5	C23H28NO	[M + Na]+	C23H28NO	0.0	63.39940313145521	63.39940313145521	0.0	15	0.36842105263157876	0.22168013361931385	9.647373922611031	-5.721632936800535	
6	C15H32N3O4	[M + K]+	C15H32N3O4	0.0	62.22312252228367	62.22312252228367	0.0	16	0.3803761481265489	1.411802690830427	8.554466312854426	5.114217482229974	
