rank	molecularFormula	adduct	precursorFormula	ZodiacScore	SiriusScore	TreeScore	IsotopeScore	numExplainedPeaks	explainedIntensity	medianMassErrorFragmentPeaks(ppm)	medianAbsoluteMassErrorFragmentPeaks(ppm)	massErrorPrecursor(ppm)	lipidClass
1	C8H8O3	[M - H2O + H]+	C8H6O2	0.9999999999999999	12.609658479848452	12.609658479848452	0.0	3	0.04182509505703422	11.758348492481804	11.758348492481804	-133363.89458257775	
1	C8H6O2	[M + H]+	C8H6O2	0.9999999999999999	12.609658479848452	12.609658479848452	0.0	2	0.04182509505703422	11.758348492481804	11.758348492481804	3.681372494944157	
2	C3H10N3O2S	[M - H2O + H]+	C3H8N3OS	0.0	2.3794050615423705	2.3794050615423705	0.0	3	0.04182509505703422	-7.190146795623651	7.190146795623651	-133378.91513656868	
2	C3H8N3OS	[M + H]+	C3H8N3OS	0.0	2.3794050615423705	2.3794050615423705	0.0	2	0.04182509505703422	-7.190146795623651	7.190146795623651	-11.339181495768914	
3	C6H4N3O	[M + H]+	C6H4N3O	0.0	-3.605170185988091	-3.605170185988091	0.0	1	0.0	NaN	NaN	13.623898645376181	
4	C6H10N	[M + K]+	C6H10N	0.0	-4.605170185988091	-4.605170185988091	0.0	1	0.0	NaN	NaN	0.5228889396206746	
