rank	molecularFormula	adduct	precursorFormula	ZodiacScore	SiriusScore	TreeScore	IsotopeScore	numExplainedPeaks	explainedIntensity	medianMassErrorFragmentPeaks(ppm)	medianAbsoluteMassErrorFragmentPeaks(ppm)	massErrorPrecursor(ppm)	lipidClass
1	C20H30O	[M - H2O + H]+	C20H28	0.8768844221105528	54.32445280520466	54.32445280520466	0.0	27	0.6515757783621048	3.86103348188761	7.469726062169215	-66894.25496502442	
1	C20H28	[M + H]+	C20H28	0.8768844221105528	54.32445280520466	54.32445280520466	0.0	26	0.6515757783621048	3.86103348188761	7.469726062169215	3.0175588167690246	
2	C17H34OS	[M - H2O + H]+	C17H32S	0.12311557788944726	57.88530550072653	57.88530550072653	0.0	31	0.8409359399413128	4.158922007584204	7.215953573653776	-66906.77646407163	
2	C17H32S	[M + H]+	C17H32S	0.12311557788944726	57.88530550072653	57.88530550072653	0.0	30	0.8409359399413128	4.158922007584204	7.215953573653776	-9.503940230445478	
