rank	molecularFormula	adduct	precursorFormula	ZodiacScore	SiriusScore	TreeScore	IsotopeScore	numExplainedPeaks	explainedIntensity	medianMassErrorFragmentPeaks(ppm)	medianAbsoluteMassErrorFragmentPeaks(ppm)	massErrorPrecursor(ppm)	lipidClass
1	C20H32O2	[M + H]+	C20H32O2	0.9999999999999999	63.54053702563755	63.54053702563755	0.0	23	0.612937230474365	2.140605870383973	4.4191389114057875	2.0258547581552646	
1	C20H34O3	[M - H2O + H]+	C20H32O2	0.9999999999999999	63.54053702563755	63.54053702563755	0.0	24	0.612937230474365	2.140605870383973	4.4191389114057875	-59001.00545898597	
2	C17H38O3S	[M - H2O + H]+	C17H36O2S	0.0	53.985942585951214	53.985942585951214	0.0	29	0.7426928605654048	0.28577824471600544	8.652983115338689	-59012.049353191105	
2	C17H36O2S	[M + H]+	C17H36O2S	0.0	53.985942585951214	53.985942585951214	0.0	28	0.7426928605654048	0.28577824471600544	8.652983115338689	-9.018039446979293	
3	C15H36N3O2S	[M - H2O + H]+	C15H34N3OS	0.0	52.358216150306085	52.358216150306085	0.0	25	0.7025395304264495	-0.6854808815852176	6.8182366942423585	-59007.650688991314	
3	C15H34N3OS	[M + H]+	C15H34N3OS	0.0	52.358216150306085	52.358216150306085	0.0	24	0.7025395304264495	-0.6854808815852176	6.8182366942423585	-4.619375247185747	
4	C18H30N3O	[M + H]+	C18H30N3O	0.0	42.08233280831489	42.08233280831489	0.0	23	0.612937230474365	3.9738332756730443	6.342276690676316	6.424518958135032	
4	C18H32N3O2	[M - H2O + H]+	C18H30N3O	0.0	42.08233280831489	42.08233280831489	0.0	24	0.612937230474365	3.9738332756730443	6.342276690676316	-58996.60679478618	
