rank	molecularFormula	adduct	precursorFormula	ZodiacScore	SiriusScore	TreeScore	IsotopeScore	numExplainedPeaks	explainedIntensity	medianMassErrorFragmentPeaks(ppm)	medianAbsoluteMassErrorFragmentPeaks(ppm)	massErrorPrecursor(ppm)	lipidClass
1	C15H20	[M + H]+	C15H20	0.9999999999999999	19.977199815603765	19.977199815603765	0.0	6	0.447098976109215	0.16510899530769563	7.293349252169464	2.265477773445759	
1	C15H22O	[M - H2O + H]+	C15H20	0.9999999999999999	19.977199815603765	19.977199815603765	0.0	7	0.447098976109215	0.16510899530769563	7.293349252169464	-89529.37954210013	
