rank	molecularFormula	adduct	precursorFormula	ZodiacScore	SiriusScore	TreeScore	IsotopeScore	numExplainedPeaks	explainedIntensity	medianMassErrorFragmentPeaks(ppm)	medianAbsoluteMassErrorFragmentPeaks(ppm)	massErrorPrecursor(ppm)	lipidClass
1	C12H16O	[M - H2O + H]+	C12H14	0.9999999999999999	11.601442666783779	11.49637500442487	0.10506766235890819	3	0.4862385321100917	10.198182001646222	10.198182001646222	-113188.08297661802	
1	C12H14	[M + H]+	C12H14	0.9999999999999999	11.601442666783779	11.49637500442487	0.10506766235890819	2	0.4862385321100917	10.198182001646222	10.198182001646222	2.461944775942613	
