rank	molecularFormula	adduct	precursorFormula	ZodiacScore	SiriusScore	TreeScore	IsotopeScore	numExplainedPeaks	explainedIntensity	medianMassErrorFragmentPeaks(ppm)	medianAbsoluteMassErrorFragmentPeaks(ppm)	massErrorPrecursor(ppm)	lipidClass
1	C16H30NO2S	[M + H]+	C16H30NO2S	0.9809045226130655	115.2389959553028	115.2389959553028	0.0	27	0.7046671767406275	-1.7373484774480346	6.548909256135886	6.264041957042672	
1	C16H32NO3S	[M - H2O + H]+	C16H30NO2S	0.9809045226130655	115.2389959553028	115.2389959553028	0.0	28	0.7046671767406275	-1.7373484774480346	6.548909256135886	-59788.00291160506	
2	C13H30N2O4	[M + Na]+	C13H30N2O4	0.019095477386934675	118.50731238368226	118.50731238368226	0.0	30	0.7551644988523337	-1.509426354857588	6.477091808182309	-2.95377367383237	
