rank	formulaRank	ConfidenceScore	CSI:FingerIDScore	molecularFormula	adduct	InChIkey2D	InChI	name	smiles	xlogp	pubchemids	links	dbflags
1	1	0.0865832116820854	-149.19326245383735	C16H22O8	[M + Na]+	CXRRKRKGZOVKBR	InChI=1S/C16H22O8/c1-22-11-7-9(4-5-10(11)18)3-2-6-23-16-15(21)14(20)13(19)12(8-17)24-16/h2,4-7,12-21H,3,8H2,1H3	null	COC1=C(C=CC(=C1)CC=COC2C(C(C(C(O2)CO)O)O)O)O	0.0776274279	""	COCONUT:(CNP0407484);PNC:(LTS0183249 LTS0067579);Natural Products:(UNPD90948)	68721606656
2	1	N/A	-157.68190818027034	C16H22O8	[M + Na]+	SFLMUHDGSQZDOW	InChI=1S/C16H22O8/c1-22-11-7-9(3-2-6-17)4-5-10(11)23-16-15(21)14(20)13(19)12(8-18)24-16/h2-5,7,12-21H,6,8H2,1H3	Coniferin	COC1=C(C=CC(=C1)C=CCO)OC2C(C(C(C(O2)CO)O)O)O	-0.330022097	73171;3496897;5843413;5280372;5316041;12303848;11602622;10427460;91895380;101216204;101216205;101216206;101216207;101909321;118355064	HMDB:(13682);PNC:(LTS0126144 LTS0119031);SuperNatural:(SN00160972 SN00286454 SN00019786);ZINC bio:(ZINC13132552 ZINC37629282 ZINC37629284);additional;MeSH:(5280372);Plantcyc:(CPD-1777);PubMed;COCONUT:(CNP0400662);KNApSAcK:(2727);Natural Products:(UNPD220176 UNPD182808 UNPD194077 UNPD102080);PubChem:(73171 3496897 5843413 5280372 5316041 12303848 11602622 10427460 91895380 101216204 101216205 101216206 101216207 101909321 118355064);CHEBI:(16220);PubChem class - bio and metabolites;KEGG:(C00761);PubChem class - safety and toxic;Training Set;Biocyc:(CPD-1777)	68807223678
3	1	N/A	-167.83474590825384	C16H22O8	[M + Na]+	JOIDTHZGWZZGMU	InChI=1S/C16H22O8/c1-22-11-7-9(4-5-10(11)18)3-2-6-23-16-15(21)14(20)13(19)12(8-17)24-16/h2-5,7,12-21H,6,8H2,1H3	null	COC1=C(C=CC(=C1)C=CCOC2C(C(C(C(O2)CO)O)O)O)O	-0.300000012	10914828;14330981;131752609	COCONUT:(CNP0154053);HMDB:(39334);Natural Products:(UNPD177814 UNPD90618 UNPD226656);PubChem:(10914828 14330981 131752609);PNC:(LTS0245309);SuperNatural:(SN00028501 SN00328232);ZINC bio:(ZINC31155907);additional;PubChem class - bio and metabolites;Training Set;PubMed	68739981386