rank	formulaRank	ConfidenceScore	CSI:FingerIDScore	molecularFormula	adduct	InChIkey2D	InChI	name	smiles	xlogp	pubchemids	links	dbflags
1	2	0.11532255350966983	-130.39454339153687	C30H46O3	[M - H4O2 + H]+	VOYZLKWKVLYJHD	InChI=1S/C30H46O3/c1-19(9-8-10-20(2)26(32)33)21-13-17-30(7)23-11-12-24-27(3,4)25(31)15-16-28(24,5)22(23)14-18-29(21,30)6/h10-11,19,21-22,24H,8-9,12-18H2,1-7H3,(H,32,33)	Masticadienonic acid	CC(CCC=C(C)C(=O)O)C1CCC2(C1(CCC3C2=CCC4C3(CCC(=O)C4(C)C)C)C)C	7.5999999	346346;5951616;5385401;6481480;15560138;15560139;11340012;20842727;45783080;44421209;51055157;51693592;51693595;51693597;73242216;91220225;91287858;118719789;132509785;138625302;138112956	COCONUT:(CNP0235054 CNP0237904);HMDB:(40508);Natural Products:(UNPD99100 UNPD132752 UNPD10934 UNPD150340 UNPD228873 UNPD3357 UNPD189282 UNPD48071);PubChem:(346346 5951616 5385401 6481480 15560138 15560139 11340012 20842727 45783080 44421209 51055157 51693592 51693595 51693597 73242216 91220225 91287858 118719789 132509785 138625302 138112956);PNC:(LTS0201039);SuperNatural:(SN00379848 SN00033427 SN00284351 SN00033428 SN00395111 SN00378398 SN00155673 SN00033429 SN00033430 SN00382868 SN00155674 SN00245376);ZINC bio:(ZINC35458149 ZINC35458152 ZINC35458156 ZINC35458160 ZINC49022541 ZINC49022543);PubChem class - bio and metabolites;MeSH:(5951616 11340012 51055157 73242216);Training Set;PubMed	68739457102
2	2	N/A	-157.99173106396546	C30H46O3	[M - H4O2 + H]+	DKGGOTRAZUOHPG	InChI=1S/C30H46O3/c1-18(16-20-17-19(2)26(32)33-20)21-10-14-30(7)23-8-9-24-27(3,4)25(31)12-13-28(24,5)22(23)11-15-29(21,30)6/h8,17-18,20-22,24-25,31H,9-16H2,1-7H3	3a-Hydroxy-9b-lanosta-7,24-dien-26,23-olide	CC1=CC(OC1=O)CC(C)C2CCC3(C2(CCC4C3=CCC5C4(CCC(C5(C)C)O)C)C)C	7.5	634553;14101576;91745092;101606454	COCONUT:(CNP0276788);Natural Products:(UNPD38979 UNPD147688 UNPD175424);PubChem:(634553 14101576 91745092 101606454);PNC:(LTS0273111 LTS0049064);SuperNatural:(SN00265006 SN00324249)	68722655234
3	2	N/A	-166.546367796829	C30H46O3	[M - H4O2 + H]+	GVVASFXQODQNLW	InChI=1S/C30H46O3/c1-18(15-20-16-19(2)25(32)33-20)21-9-11-28(6)23-8-7-22-26(3,4)24(31)10-12-29(22)17-30(23,29)14-13-27(21,28)5/h16,18,20-24,31H,7-15,17H2,1-6H3	null	CC1=CC(OC1=O)CC(C)C2CCC3(C2(CCC45C3CCC6C4(C5)CCC(C6(C)C)O)C)C	8.0	101620875	COCONUT:(CNP0223176);Natural Products:(UNPD128250 UNPD193218 UNPD25571);PubChem:(101620875);PNC:(LTS0241539 LTS0004634);SuperNatural:(SN00244286 SN00355431 SN00326227)	68722655234