rank	molecularFormula	adduct	precursorFormula	ZodiacScore	SiriusScore	TreeScore	IsotopeScore	numExplainedPeaks	explainedIntensity	medianMassErrorFragmentPeaks(ppm)	medianAbsoluteMassErrorFragmentPeaks(ppm)	massErrorPrecursor(ppm)	lipidClass
1	C13H18O2	[M - H2O + H]+	C13H16O	0.9999999999999999	20.304484524465582	20.304484524465582	0.0	4	0.4710920770877945	-8.523616246409798	8.523616246409798	-95227.98265775973	
1	C13H16O	[M + H]+	C13H16O	0.9999999999999999	20.304484524465582	20.304484524465582	0.0	3	0.4710920770877945	-8.523616246409798	8.523616246409798	1.6641958292347014	
2	C11H14N3	[M + H]+	C11H14N3	0.0	7.572868242512574	7.572868242512574	0.0	3	0.4710920770877945	-8.523616246409798	8.523616246409798	8.763546982300332	
2	C11H16N3O	[M - H2O + H]+	C11H14N3	0.0	7.572868242512574	7.572868242512574	0.0	4	0.4710920770877945	-8.523616246409798	8.523616246409798	-95220.88330660666	
3	C8H18N3S	[M + H]+	C8H18N3S	0.0	-2.605693627410113	-2.605693627410113	0.0	2	0.15417558886509636	-10.54780809207627	10.54780809207627	-9.06106510347301	
3	C8H20N3OS	[M - H2O + H]+	C8H18N3S	0.0	-2.605693627410113	-2.605693627410113	0.0	3	0.15417558886509636	-10.54780809207627	10.54780809207627	-95238.70791869242	
