rank	molecularFormula	adduct	precursorFormula	ZodiacScore	SiriusScore	TreeScore	IsotopeScore	numExplainedPeaks	explainedIntensity	medianMassErrorFragmentPeaks(ppm)	medianAbsoluteMassErrorFragmentPeaks(ppm)	massErrorPrecursor(ppm)	lipidClass
1	C19H26O	[M - H2O + H]+	C19H24	0.9999999999999999	53.353545049591816	53.353545049591816	0.0	12	0.5295351275777701	-0.2955481455041579	3.2248294713343615	-71130.36855746024	
1	C19H24	[M + H]+	C19H24	0.9999999999999999	53.353545049591816	53.353545049591816	0.0	11	0.5295351275777701	-0.2955481455041579	3.2248294713343615	2.6014370327111034	
2	C14H30S	[M + Na]+	C14H30S	0.0	30.663175251089342	30.663175251089342	0.0	8	0.4033554701153444	3.6781738717031702	4.3261833845143585	-1.2115813682954937	
