rank	molecularFormula	adduct	precursorFormula	ZodiacScore	SiriusScore	TreeScore	IsotopeScore	numExplainedPeaks	explainedIntensity	medianMassErrorFragmentPeaks(ppm)	medianAbsoluteMassErrorFragmentPeaks(ppm)	massErrorPrecursor(ppm)	lipidClass
1	C29H48O	[M - H2O + H]+	C29H46	0.9999999999999999	59.463211810706596	59.463211810706596	0.0	21	0.6693205082377407	-1.881618581713158	4.232486901331832	-45551.91521897773	
1	C29H46	[M + H]+	C29H46	0.9999999999999999	59.463211810706596	59.463211810706596	0.0	20	0.6693205082377407	-1.881618581713158	4.232486901331832	2.008422451338271	
2	C26H52OS	[M - H2O + H]+	C26H50S	0.0	58.65543449366672	58.65543449366672	0.0	25	0.7396418938680012	-3.699728496754168	4.7543236028832405	-45560.44177603968	
2	C26H50S	[M + H]+	C26H50S	0.0	58.65543449366672	58.65543449366672	0.0	24	0.7396418938680012	-3.699728496754168	4.7543236028832405	-6.518134610612722	
3	C27H48	[M + Na]+	C27H48	0.0	26.995530057309246	26.995530057309246	0.0	16	0.26520001299840756	5.680126315685243	7.060885993750315	8.093102714302255	
