rank	molecularFormula	adduct	precursorFormula	ZodiacScore	SiriusScore	TreeScore	IsotopeScore	numExplainedPeaks	explainedIntensity	medianMassErrorFragmentPeaks(ppm)	medianAbsoluteMassErrorFragmentPeaks(ppm)	massErrorPrecursor(ppm)	lipidClass
1	C12H20O5	[M + H]+	C12H20O5	0.9879396984924624	29.419084630833964	27.72363857868815	1.6954460521458148	5	0.5007429420505201	0.42366899448442974	5.107693097174247	-7.4484781921922645	
1	C12H22O6	[M - H2O + H]+	C12H20O5	0.9879396984924624	29.419084630833964	27.72363857868815	1.6954460521458148	6	0.5007429420505201	0.42366899448442974	5.107693097174247	-73479.01594686904	
2	C10H22O5	[M + Na]+	C10H22O5	0.012060301507537688	25.978711745467194	23.01461589511331	2.9640958503538872	5	0.5007429420505201	4.786557797729219	4.786557797729219	2.3651879144768047	
3	C10H20N3O5	[M - H2O + H]+	C10H18N3O4	0.0	15.983895759813088	12.73495662513683	3.2489391346762573	5	0.33729569093610695	7.095831784533914	7.095831784533914	-73473.53865618845	
3	C10H18N3O4	[M + H]+	C10H18N3O4	0.0	15.983895759813088	12.73495662513683	3.2489391346762573	4	0.33729569093610695	7.095831784533914	7.095831784533914	-1.9711875116101425	
4	C13H20NO2	[M + Na]+	C13H20NO2	0.0	13.575138913126349	12.70462336083874	0.8705155522876085	4	0.42050520059435365	7.5891479556143455	7.5891479556143455	-8.567805476538732	
5	C8H20N3O4	[M + Na]+	C8H20N3O4	0.0	9.360226483554912	7.425211834416326	1.935014649138586	5	0.4472511144130758	8.329448748599631	8.329448748599631	7.842478595058926	
6	C16H22OS	[M - H2O + H]+	C16H20S	0.0	6.683410266974559	6.683410266974559	0.0	3	0.16344725111441308	-8.231418554504401	8.231418554504401	-73468.80898155784	
6	C16H20S	[M + H]+	C16H20S	0.0	6.683410266974559	6.683410266974559	0.0	2	0.16344725111441308	-8.231418554504401	8.231418554504401	2.758487118879476	
