rank	molecularFormula	adduct	precursorFormula	ZodiacScore	SiriusScore	TreeScore	IsotopeScore	numExplainedPeaks	explainedIntensity	medianMassErrorFragmentPeaks(ppm)	medianAbsoluteMassErrorFragmentPeaks(ppm)	massErrorPrecursor(ppm)	lipidClass
1	C12H26O5	[M + Na]+	C12H26O5	0.6185929648241206	18.043608373249604	14.917829319324927	3.1257790539246777	8	0.17413528710172085	0.7185897306202718	4.883435670467364	2.0518564816146703	
2	C15H24NO2	[M + Na]+	C15H24NO2	0.2597989949748744	15.996614961569101	15.996614961569101	0.0	14	0.3206679161697052	0.22944696693070768	7.07943446609441	-7.759241128295413	
3	C12H28NO3	[M + K]+	C12H28NO3	0.0984924623115578	16.242547097659877	16.242547097659877	0.0	9	0.1971375021298347	-2.9963537074547557	6.721619307923506	-8.31621745246199	
4	C10H24N3O4	[M + Na]+	C10H24N3O4	0.02311557788944724	14.49860881491687	11.791210129873832	2.7073986850430396	11	0.21792468904413012	6.344266671297592	6.344266671297592	6.9670916402861085	
