rank	molecularFormula	adduct	precursorFormula	ZodiacScore	SiriusScore	TreeScore	IsotopeScore	numExplainedPeaks	explainedIntensity	medianMassErrorFragmentPeaks(ppm)	medianAbsoluteMassErrorFragmentPeaks(ppm)	massErrorPrecursor(ppm)	lipidClass
1	C10H10O4	[M - H2O + H]+	C10H8O3	0.9999999999999999	6.766960330936701	6.766960330936701	0.0	3	0.05441542288557213	-0.45233135429166116	3.7249373523096354	-101719.80515569395	
1	C10H8O3	[M + H]+	C10H8O3	0.9999999999999999	6.766960330936701	6.766960330936701	0.0	2	0.05441542288557213	-0.45233135429166116	3.7249373523096354	3.0921863261371714	
2	C3H12N3O2S	[M + Na]+	C3H12N3O2S	0.0	1.3770170227770893	1.3770170227770893	0.0	2	0.05441542288557213	1.9135894489057288	3.489674106710445	5.222844268149166	
3	C8H12NO	[M + K]+	C8H12NO	0.0	-0.5653931238099861	-0.5653931238099861	0.0	2	0.05441542288557213	-3.12739151626946	3.990940903578426	0.6831292807855383	
4	C8H8N3O3	[M - H2O + H]+	C8H6N3O2	0.0	-1.5687711677153229	-1.5687711677153229	0.0	3	0.05441542288557213	7.968436127167555	7.968436127167555	-101712.22173401383	
4	C8H6N3O2	[M + H]+	C8H6N3O2	0.0	-1.5687711677153229	-1.5687711677153229	0.0	2	0.05441542288557213	7.968436127167555	7.968436127167555	10.67560800608161	
5	C5H10N3O2S	[M + H]+	C5H10N3O2S	0.0	-1.771133580073756	-1.771133580073756	0.0	4	0.06405472636815919	3.6491240689308655	9.02440949053449	-8.364378440052267	
5	C5H12N3O3S	[M - H2O + H]+	C5H10N3O2S	0.0	-1.771133580073756	-1.771133580073756	0.0	5	0.06405472636815919	3.6491240689308655	9.02440949053449	-101731.26172045998	
6	C11H8N	[M + Na]+	C11H8N	0.0	-3.734396259085532	-3.734396259085532	0.0	1	0.0	1.722874614603922	1.722874614603922	1.5424546631201768	
