rank	molecularFormula	adduct	precursorFormula	ZodiacScore	SiriusScore	TreeScore	IsotopeScore	numExplainedPeaks	explainedIntensity	medianMassErrorFragmentPeaks(ppm)	medianAbsoluteMassErrorFragmentPeaks(ppm)	massErrorPrecursor(ppm)	lipidClass
1	C13H18O2	[M + H]+	C13H18O2	0.9999999999999999	33.9622181313486	33.9622181313486	0.0	7	0.21555845284658842	5.860649819941205	5.860649819941205	2.3372730770974113	
1	C13H20O3	[M - H2O + H]+	C13H18O2	0.9999999999999999	33.9622181313486	33.9622181313486	0.0	8	0.21555845284658842	5.860649819941205	5.860649819941205	-86947.07032405937	
2	C11H18N3O2	[M - H2O + H]+	C11H16N3O	0.0	14.642626669165658	14.642626669165658	0.0	10	0.2646675358539765	-1.2289088015742813	6.123679685552649	-86940.58826308924	
2	C11H16N3O	[M + H]+	C11H16N3O	0.0	14.642626669165658	14.642626669165658	0.0	9	0.2646675358539765	-1.2289088015742813	6.123679685552649	8.819334047376453	
3	C8H22N3O2S	[M - H2O + H]+	C8H20N3OS	0.0	7.12637201848302	7.12637201848302	0.0	7	0.12603215993046502	-6.257532476209731	6.257532476209731	-86956.86302113703	
3	C8H20N3OS	[M + H]+	C8H20N3OS	0.0	7.12637201848302	7.12637201848302	0.0	6	0.12603215993046502	-6.257532476209731	6.257532476209731	-7.455424000288662	
