rank	molecularFormula	adduct	precursorFormula	ZodiacScore	SiriusScore	TreeScore	IsotopeScore	numExplainedPeaks	explainedIntensity	medianMassErrorFragmentPeaks(ppm)	medianAbsoluteMassErrorFragmentPeaks(ppm)	massErrorPrecursor(ppm)	lipidClass
1	C38H76O8	[M + Na]+	C38H76O8	0.9974874371859297	20.310139402543335	16.160255699356256	4.149883703187078	2	0.11605415860735009	3.8295763114599293	3.8295763114599293	0.32926738217220064	
2	C36H74N3O7	[M + Na]+	C36H74N3O7	0.0015075376884422112	12.467838083481553	8.436473700535693	4.031364382945859	2	0.11605415860735009	5.799678296764123	5.799678296764123	2.2935667550518715	
3	C44H72N2O2	[M + Na]+	C44H72N2O2	5.025125628140704E-4	14.078049481535537	13.141795149650513	0.9362543318850243	2	0.11605415860735009	-4.035301869991442	4.035301869991442	-7.512446090606529	
4	C41H74NO5	[M + Na]+	C41H74NO5	5.025125628140704E-4	12.09071049588161	8.72053658917373	3.3701739067078798	2	0.11605415860735009	-0.10286277918235077	0.10286277918235077	-3.591589354300324	
5	C48H70N	[M + Na]+	C48H70N	0.0	8.25958936360271	8.25958936360271	0.0	2	0.11605415860735009	8.514844844106108	8.514844844106108	5.000736224674941	
