rank	molecularFormula	adduct	precursorFormula	ZodiacScore	SiriusScore	TreeScore	IsotopeScore	numExplainedPeaks	explainedIntensity	medianMassErrorFragmentPeaks(ppm)	medianAbsoluteMassErrorFragmentPeaks(ppm)	massErrorPrecursor(ppm)	lipidClass
1	C18H22O	[M + H]+	C18H22O	0.9999999999999999	25.94448610724828	22.842914983430113	3.1015711238181694	5	0.3519083969465649	5.448325735382896	5.448325735382896	2.053624917916343	
1	C18H26O3	[M - H4O2 + H]+	C18H22O	0.9999999999999999	25.94448610724828	22.842914983430113	3.1015711238181694	6	0.3519083969465649	5.448325735382896	5.448325735382896	-141160.47526961632	
1	C18H24O2	[M - H2O + H]+	C18H22O	0.9999999999999999	25.94448610724828	22.842914983430113	3.1015711238181694	6	0.3519083969465649	5.448325735382896	5.448325735382896	-70579.21082234925	
2	C16H20N3	[M + H]+	C16H20N3	0.0	15.44133395487121	13.3431545163396	2.098179438531609	5	0.3519083969465649	5.448325735382896	5.448325735382896	7.315444085522046	
2	C16H22N3O	[M - H2O + H]+	C16H20N3	0.0	15.44133395487121	13.3431545163396	2.098179438531609	6	0.3519083969465649	5.448325735382896	5.448325735382896	-70573.94900318165	
2	C16H24N3O2	[M - H4O2 + H]+	C16H20N3	0.0	15.44133395487121	13.3431545163396	2.098179438531609	6	0.3519083969465649	5.448325735382896	5.448325735382896	-141155.21345044894	
