rank	molecularFormula	adduct	precursorFormula	ZodiacScore	SiriusScore	TreeScore	IsotopeScore	numExplainedPeaks	explainedIntensity	medianMassErrorFragmentPeaks(ppm)	medianAbsoluteMassErrorFragmentPeaks(ppm)	massErrorPrecursor(ppm)	lipidClass
1	C13H8	[M + H]+	C13H8	0.9999999999999999	42.610768241925115	42.610768241925115	0.0	11	0.6770701786036439	-0.9967729536340516	2.143559956597595	2.7257749371082856	
1	C13H10O	[M - H2O + H]+	C13H8	0.9999999999999999	42.610768241925115	42.610768241925115	0.0	12	0.6770701786036439	-0.9967729536340516	2.143559956597595	-109105.70727432218	
2	C8H14S	[M + Na]+	C8H14S	0.0	28.326934592707488	28.326934592707488	0.0	10	0.5540321125744181	-6.757650762066835	7.6343876099065895	-3.12288375033342	
3	C5H12N2O2S	[M + H]+	C5H12N2O2S	0.0	25.840694770808213	25.840694770808213	0.0	10	0.5540321125744181	3.3811111923908266	5.0324228981926895	6.673377230108476	
3	C5H14N2O3S	[M - H2O + H]+	C5H12N2O2S	0.0	25.840694770808213	25.840694770808213	0.0	11	0.5540321125744181	3.3811111923908266	5.0324228981926895	-109101.75967202903	
