rank	molecularFormula	adduct	precursorFormula	ZodiacScore	SiriusScore	TreeScore	IsotopeScore	numExplainedPeaks	explainedIntensity	medianMassErrorFragmentPeaks(ppm)	medianAbsoluteMassErrorFragmentPeaks(ppm)	massErrorPrecursor(ppm)	lipidClass
1	C22H46O6	[M + Na]+	C22H46O6	0.9824120603015077	95.93606416303707	95.93606416303707	0.0	34	0.7576561636263124	0.9815803341915473	5.099581755075315	1.395398987122027	
2	C26H46OS	[M + Na]+	C26H46OS	0.010050251256281409	91.68311927735617	91.68311927735617	0.0	41	0.8390270867882803	-1.1867584295716447	5.898617242706128	7.223462713064569	
3	C21H48N3S2	[M + Na]+	C21H48N3S2	0.0065326633165829154	90.0196114557628	90.0196114557628	0.0	34	0.7576561636263124	1.1010911464952768	5.099581755075315	2.4986711793367484	
4	C20H44N3O5	[M + Na]+	C20H44N3O5	5.025125628140704E-4	88.14370862068775	88.14370862068775	0.0	34	0.7576561636263124	1.1010911464952768	5.099581755075315	4.522871076887497	
5	C25H44NO3	[M + Na]+	C25H44NO3	5.025125628140704E-4	88.10038355390438	88.10038355390438	0.0	34	0.7576561636263124	0.44426994538104586	5.099581755075315	-4.847218701306416	
