rank	molecularFormula	adduct	precursorFormula	ZodiacScore	SiriusScore	TreeScore	IsotopeScore	numExplainedPeaks	explainedIntensity	medianMassErrorFragmentPeaks(ppm)	medianAbsoluteMassErrorFragmentPeaks(ppm)	massErrorPrecursor(ppm)	lipidClass
1	C26H38NO4	[M + Na]+	C26H38NO4	0.9909547738693466	58.374402105688134	58.374402105688134	0.0	30	0.7522825394578532	-2.0544700928421333	4.664602055263957	-3.652098079436222	
2	C27H40O2S	[M + Na]+	C27H40O2S	0.009045226130653266	61.600103298821416	61.600103298821416	0.0	26	0.7081888314813509	0.5117769326035072	4.627715793949284	7.831499132681207	
3	C23H40O7	[M + Na]+	C23H40O7	0.0	63.4752093737636	63.4752093737636	0.0	29	0.7382688088328974	1.2408022896648254	4.9537943449286646	2.2868961349696644	
4	C24H44O2S2	[M + Na]+	C24H44O2S2	0.0	59.414335899614876	59.414335899614876	0.0	29	0.7382688088328974	1.2408022896648254	4.9537943449286646	0.36114766211607063	
5	C18H42N3O6S	[M + Na]+	C18H42N3O6S	0.0	58.45058757711316	58.45058757711316	0.0	26	0.7081888314813509	0.5117769326035072	4.627715793949284	-2.208094746065494	
6	C21H38N3O6	[M + Na]+	C21H38N3O6	0.0	57.05645731928332	57.05645731928332	0.0	29	0.7410998655248076	-0.38103485349482424	4.64615892460662	5.262256724499642	
7	C22H42N3OS2	[M + Na]+	C22H42N3OS2	0.0	54.50018521669444	54.50018521669444	0.0	26	0.7081888314813509	0.5117769326035072	4.627715793949284	3.3365082517720124	
