rank	molecularFormula	adduct	precursorFormula	ZodiacScore	SiriusScore	TreeScore	IsotopeScore	numExplainedPeaks	explainedIntensity	medianMassErrorFragmentPeaks(ppm)	medianAbsoluteMassErrorFragmentPeaks(ppm)	massErrorPrecursor(ppm)	lipidClass
1	C13H16	[M + H]+	C13H16	0.9999999999999999	23.298401541389364	20.526320828987018	2.772080712402345	3	0.35802469135802467	-3.750051389794659	3.750051389794659	3.1402400877260552	
1	C13H18O	[M - H2O + H]+	C13H16	0.9999999999999999	23.298401541389364	20.526320828987018	2.772080712402345	4	0.35802469135802467	-3.750051389794659	3.750051389794659	-104024.18289604661	
