rank	molecularFormula	adduct	precursorFormula	ZodiacScore	SiriusScore	TreeScore	IsotopeScore	numExplainedPeaks	explainedIntensity	medianMassErrorFragmentPeaks(ppm)	medianAbsoluteMassErrorFragmentPeaks(ppm)	massErrorPrecursor(ppm)	lipidClass
1	C34H65NO4	[M - H2O + H]+	C34H63NO3	0.9999999999999999	78.2879056655093	78.2879056655093	0.0	21	0.6296633303002731	3.0434247040867346	8.545042740685933	-33695.614890679164	
2	C37H63N2O	[M - H2O + H]+	C37H61N2	0.0	73.29574803938773	73.29574803938773	0.0	21	0.6296633303002731	3.0434247040867346	8.545042740685933	-33700.62917058548	
