rank	molecularFormula	adduct	precursorFormula	ZodiacScore	SiriusScore	TreeScore	IsotopeScore	numExplainedPeaks	explainedIntensity	medianMassErrorFragmentPeaks(ppm)	medianAbsoluteMassErrorFragmentPeaks(ppm)	massErrorPrecursor(ppm)	lipidClass
1	C28H46O	[M - H2O + H]+	C28H44	0.9984924623115577	53.603854917458925	53.603854917458925	0.0	24	0.7876675603217159	1.1069560654208814	5.088778433948767	-47227.144232367275	
1	C28H44	[M + H]+	C28H44	0.9984924623115577	53.603854917458925	53.603854917458925	0.0	23	0.7876675603217159	1.1069560654208814	5.088778433948767	1.048454813402186	
2	C25H48S	[M + H]+	C25H48S	0.0015075376884422112	46.83039281035254	46.83039281035254	0.0	26	0.8073604679502802	-0.34718139401316495	6.1552734134468885	-7.791483608951896	
2	C25H50OS	[M - H2O + H]+	C25H48S	0.0015075376884422112	46.83039281035254	46.83039281035254	0.0	27	0.8073604679502802	-0.34718139401316495	6.1552734134468885	-47235.98417078962	
3	C26H46	[M + Na]+	C26H46	0.0	11.20959444677623	11.20959444677623	0.0	14	0.2642456738971484	10.054877874846504	10.954291740394375	7.3567687615293815	
