rank	molecularFormula	adduct	precursorFormula	ZodiacScore	SiriusScore	TreeScore	IsotopeScore	numExplainedPeaks	explainedIntensity	medianMassErrorFragmentPeaks(ppm)	medianAbsoluteMassErrorFragmentPeaks(ppm)	massErrorPrecursor(ppm)	lipidClass
1	C18H32O4	[M - H4O2 + H]+	C18H28O2	0.9999999999999999	80.04089215529262	79.42730605702455	0.6135860982680656	18	0.3687895212285457	1.007159019853547	7.383213121529289	-129937.33118072311	
1	C18H30O3	[M - H2O + H]+	C18H28O2	0.9999999999999999	80.04089215529262	79.42730605702455	0.6135860982680656	18	0.3687895212285457	1.007159019853547	7.383213121529289	-64968.03456102019	
1	C18H28O2	[M + H]+	C18H28O2	0.9999999999999999	80.04089215529262	79.42730605702455	0.6135860982680656	17	0.3687895212285457	1.007159019853547	7.383213121529289	1.2620586825182292	
2	C16H28N3O2	[M - H2O + H]+	C16H26N3O	0.0	61.18651628683151	60.4536809480553	0.7328353387762123	17	0.3520776874435412	1.0783740987547676	4.939153350183569	-64963.19111293348	
2	C16H30N3O3	[M - H4O2 + H]+	C16H26N3O	0.0	61.18651628683151	60.4536809480553	0.7328353387762123	17	0.3520776874435412	1.0783740987547676	4.939153350183569	-129932.48773263619	
2	C16H26N3O	[M + H]+	C16H26N3O	0.0	61.18651628683151	60.4536809480553	0.7328353387762123	16	0.3520776874435412	1.0783740987547676	4.939153350183569	6.105506769436838	
