rank	molecularFormula	adduct	precursorFormula	ZodiacScore	SiriusScore	TreeScore	IsotopeScore	numExplainedPeaks	explainedIntensity	medianMassErrorFragmentPeaks(ppm)	medianAbsoluteMassErrorFragmentPeaks(ppm)	massErrorPrecursor(ppm)	lipidClass
1	C33H68N2O7	[M + H]+	C33H68N2O7	0.8693467336683418	11.548921908288797	6.606376222390075	4.942545685898722	3	0.5409252669039146	6.684478707276449	6.684478707276449	3.2288620494269544	
2	C45H64	[M + H]+	C45H64	0.12412060301507538	10.265659819424718	10.265659819424718	0.0	3	0.5480427046263345	7.633371526614785	7.633371526614785	6.2849011604242975	
3	C38H68O5	[M + H]+	C38H68O5	0.005527638190954774	7.709341372131184	5.769589477797761	1.9397518943334224	3	0.5480427046263345	7.633371526614785	7.633371526614785	-3.4147069801183854	
4	C36H66N3O4	[M + H]+	C36H66N3O4	0.0010050251256281408	5.374057793294309	1.8585816324131939	3.515476160881115	4	0.8113879003558719	1.3005118084919811	6.2157148420983965	-1.197270732792335	
5	C41H66NO2	[M + H]+	C41H66NO2	0.0	-2.2408197798764693	-2.2408197798764693	0.0	3	0.5480427046263345	7.633371526614785	7.633371526614785	-7.840839761962168	
