rank	molecularFormula	adduct	precursorFormula	ZodiacScore	SiriusScore	TreeScore	IsotopeScore	numExplainedPeaks	explainedIntensity	medianMassErrorFragmentPeaks(ppm)	medianAbsoluteMassErrorFragmentPeaks(ppm)	massErrorPrecursor(ppm)	lipidClass
1	C20H30O3	[M - H2O + H]+	C20H28O2	0.9999999999999999	131.00725231700395	131.00725231700395	0.0	44	0.9117002121476834	1.6176567877041663	2.6340210195828893	-59790.09456566658	
1	C20H28O2	[M + H]+	C20H28O2	0.9999999999999999	131.00725231700395	131.00725231700395	0.0	43	0.9117002121476834	1.6176567877041663	2.6340210195828893	2.5662239523831016	
2	C18H26N3O	[M + H]+	C18H26N3O	0.0	92.12896878168374	92.12896878168374	0.0	41	0.906512399051575	1.6222994023098256	2.761521800313966	7.023754872079527	
2	C18H28N3O2	[M - H2O + H]+	C18H26N3O	0.0	92.12896878168374	92.12896878168374	0.0	42	0.906512399051575	1.6222994023098256	2.761521800313966	-59785.637034747066	
3	C17H32O2S	[M + H]+	C17H32O2S	0.0	89.82895775095805	89.82895775095805	0.0	37	0.8776072772003637	1.6222994023098256	2.697616303720564	-8.625469174241548	
3	C17H34O3S	[M - H2O + H]+	C17H32O2S	0.0	89.82895775095805	89.82895775095805	0.0	38	0.8776072772003637	1.6222994023098256	2.697616303720564	-59801.2862587932	
4	C15H30N3OS	[M + H]+	C15H30N3OS	0.0	87.65529092185037	87.65529092185037	0.0	39	0.8962348243096288	1.4913949022990258	2.761521800313966	-4.167938254733835	
4	C15H32N3O2S	[M - H2O + H]+	C15H30N3OS	0.0	87.65529092185037	87.65529092185037	0.0	40	0.8962348243096288	1.4913949022990258	2.761521800313966	-59796.82872787369	
