rank	molecularFormula	adduct	precursorFormula	ZodiacScore	SiriusScore	TreeScore	IsotopeScore	numExplainedPeaks	explainedIntensity	medianMassErrorFragmentPeaks(ppm)	medianAbsoluteMassErrorFragmentPeaks(ppm)	massErrorPrecursor(ppm)	lipidClass
1	C26H56N3O6	[M + Na]+	C26H56N3O6	0.9999999999999999	67.89916013394401	67.89916013394401	0.0	33	0.764122956510762	2.294378586484465	3.857248545689726	3.297699627590196	
2	C28H58O7	[M + Na]+	C28H58O7	0.0	62.90764911739208	62.90764911739208	0.0	31	0.736729154831787	1.173426377276832	4.503591259560716	0.7615001191222177	
3	C34H54N2O	[M + Na]+	C34H54N2O	0.0	59.00290500124092	59.00290500124092	0.0	29	0.7230322539922996	0.39847504914649334	3.7082138142180017	-9.363305767451005	
4	C31H56NO4	[M + Na]+	C31H56NO4	0.0	57.05407477438378	57.05407477438378	0.0	31	0.736729154831787	0.39847504914649334	4.320037699414332	-4.300902824271765	
5	C32H58O2S	[M + Na]+	C32H58O2S	0.0	56.16461298545324	56.16461298545324	0.0	27	0.6946916619327149	1.6176567877041663	3.857248545689726	5.487723705513424	
6	C27H60N3OS2	[M + Na]+	C27H60N3OS2	0.0	51.6824630639819	51.6824630639819	0.0	23	0.6422394748469358	1.6176567877041663	3.255687263620687	1.6561902431285809	
7	C30H56N3OS	[M + Na]+	C30H56N3OS	0.0	49.2612096535797	49.2612096535797	0.0	26	0.6832670580066909	1.395541582490499	3.782731179953864	8.023923213981403	
