rank	formulaRank	ConfidenceScore	CSI:FingerIDScore	molecularFormula	adduct	InChIkey2D	InChI	name	smiles	xlogp	pubchemids	links	dbflags
1	1	N/A	-323.8268119014952	C20H24O5	[M + H]+	ROGUIJKVZZROIQ	InChI=1S/C20H24O5/c1-23-19-9-13(3-5-17(19)21)7-15-11-25-12-16(15)8-14-4-6-18(22)20(10-14)24-2/h3-6,9-10,15-16,21-22H,7-8,11-12H2,1-2H3	3,4-Divanilyltetrahydrofuran	COC1=C(C=CC(=C1)CC2COCC2CC3=CC(=C(C=C3)O)OC)O	3.5	182210;9906140;10043119;9974771	COCONUT:(CNP0287210);Natural Products:(UNPD46095 UNPD85705 UNPD187727);PubChem:(182210 9906140 10043119 9974771);PNC:(LTS0075117 LTS0255421);SuperNatural:(SN00301714 SN00013818 SN00327113);ZINC bio:(ZINC05999108);MeSH:(182210);PubMed;KEGG Mine	77312598086
1	1	0.030485249984226234	-252.7239717348168	C20H26O6	[M - H2O + H]+	PUETUDUXMCLALY	InChI=1S/C20H26O6/c1-25-19-9-13(3-5-17(19)23)7-15(11-21)16(12-22)8-14-4-6-18(24)20(10-14)26-2/h3-6,9-10,15-16,21-24H,7-8,11-12H2,1-2H3	ACMC-20fagw	COC1=C(C=CC(=C1)CC(CO)C(CC2=CC(=C(C=C2)O)OC)CO)O	2.5	65373;586372;6336781;11552274;11646293;13391412;71752174;71752175;102217105;131699063;132472223	HMDB:(13692);PNC:(LTS0201516 LTS0086727 LTS0111810);SuperNatural:(SN00020915 SN00020916 SN00002700);ZINC bio:(ZINC02020114 ZINC14694365 ZINC14694366);additional;MeSH:(65373);Plantcyc:(CPD-8909 CPD-8910);PubMed;NORMAN:(NS00028683);COCONUT:(CNP0275039 CNP0283362);KNApSAcK:(604);Natural Products:(UNPD154569 UNPD24219 UNPD160285);PubChem:(65373 586372 6336781 11552274 11646293 13391412 71752174 71752175 102217105 131699063 132472223);CHEBI:(67247 65004);PubChem class - bio and metabolites;KEGG:(C18167 C20456);Training Set;PubChem class - drug;Biocyc:(CPD-8909 CPD-8910)	68773931390
2	1	N/A	-299.54054459685875	C20H26O6	[M - H2O + H]+	UAGBDLXEDIGWJU	InChI=1S/C20H26O6/c1-24-19-12-15(5-7-17(19)23)10-16(13-22)26-18-8-6-14(4-3-9-21)11-20(18)25-2/h5-8,11-12,16,21-23H,3-4,9-10,13H2,1-2H3	Ligraminol E	COC1=C(C=CC(=C1)CCCO)OC(CC2=CC(=C(C=C2)O)OC)CO	2.79999995	56600272;76373116;124544852	COCONUT:(CNP0131814);Natural Products:(UNPD203980);PubChem:(56600272 76373116 124544852);PNC:(LTS0238492);PubMed;CHEBI:(69667)	68721606754