rank	molecularFormula	adduct	precursorFormula	ZodiacScore	SiriusScore	TreeScore	IsotopeScore	numExplainedPeaks	explainedIntensity	medianMassErrorFragmentPeaks(ppm)	medianAbsoluteMassErrorFragmentPeaks(ppm)	massErrorPrecursor(ppm)	lipidClass
1	C14H14O	[M + H]+	C14H14O	0.9994974874371858	35.5393725086815	35.5393725086815	0.0	8	0.43564775613886547	9.412792808696075	9.412792808696075	1.7386701659121757	
1	C14H16O2	[M - H2O + H]+	C14H14O	0.9994974874371858	35.5393725086815	35.5393725086815	0.0	9	0.43564775613886547	9.412792808696075	9.412792808696075	-90452.66262264401	
2	C9H20OS	[M + Na]+	C9H20OS	5.025125628140704E-4	28.75960295605416	28.75960295605416	0.0	13	0.5863674851820493	-5.228681618423352	8.069065620739897	-3.1100560520155605	
3	C12H14N3O	[M - H2O + H]+	C12H12N3	0.0	23.12757692304838	23.12757692304838	0.0	8	0.4212531752751907	10.809093888538838	10.809093888538838	-90445.91926509376	
3	C12H12N3	[M + H]+	C12H12N3	0.0	23.12757692304838	23.12757692304838	0.0	7	0.4212531752751907	10.809093888538838	10.809093888538838	8.48202771616408	
4	C9H16N3S	[M + H]+	C9H16N3S	0.0	19.47771488311183	19.47771488311183	0.0	7	0.3450465707027943	-10.111837070716911	10.111837070716911	-8.448777634548486	
4	C9H18N3OS	[M - H2O + H]+	C9H16N3S	0.0	19.47771488311183	19.47771488311183	0.0	8	0.3450465707027943	-10.111837070716911	10.111837070716911	-90462.85007044447	
5	C7H18N3S	[M + Na]+	C7H18N3S	0.0	12.212407003425305	12.212407003425305	0.0	7	0.44496189669771397	3.695023604722372	6.0809638605348	3.6333014982363427	
