rank	molecularFormula	adduct	precursorFormula	ZodiacScore	SiriusScore	TreeScore	IsotopeScore	numExplainedPeaks	explainedIntensity	medianMassErrorFragmentPeaks(ppm)	medianAbsoluteMassErrorFragmentPeaks(ppm)	massErrorPrecursor(ppm)	lipidClass
1	C33H68O12	[M + Na]+	C33H68O12	0.9819095477386937	6.854409050808239	3.0400416016869736	3.8143674491212654	1	0.0	1.3270572468787099	1.3270572468787099	0.9776968033118594	
2	C31H66N3O11	[M + Na]+	C31H66N3O11	0.01407035175879397	2.540250611513937	-1.889964979856511	4.430215591370448	9	0.18649885583524026	-5.364661419269226	6.6062472126903256	2.9537985572197765	
3	C46H60N2O	[M + Na]+	C46H60N2O	0.003517587939698493	0.8197468924282463	0.8197468924282463	0.0	1	0.0	2.082179099233829	2.082179099233829	1.732818919477034	
4	C39H64N2O6	[M + Na]+	C39H64N2O6	5.025125628140704E-4	0.3300032646206017	0.3300032646206017	0.0	1	0.0	-6.5617699591194985	6.5617699591194985	-6.911133158734178	
5	C36H66NO9	[M + Na]+	C36H66NO9	0.0	-3.8197210862501985	-3.8364400859039005	0.01671899965370205	1	0.0	-2.6173563560367348	2.6173563560367348	-2.9667181776275	
6	C43H62NO4	[M + Na]+	C43H62NO4	0.0	-4.208960541603899	-4.208960541603899	0.0	1	0.0	6.026592702316592	6.026592702316592	5.677233900583713	
