rank	molecularFormula	adduct	precursorFormula	ZodiacScore	SiriusScore	TreeScore	IsotopeScore	numExplainedPeaks	explainedIntensity	medianMassErrorFragmentPeaks(ppm)	medianAbsoluteMassErrorFragmentPeaks(ppm)	massErrorPrecursor(ppm)	lipidClass
1	C10H8O3	[M + H]+	C10H8O3	0.985427135678392	3.5	3.5	0.0	1	0.0	NaN	NaN	1.5996314343022158	
2	C3H12N3O2S	[M + Na]+	C3H12N3O2S	0.01306532663316583	-1.006539510209402	-1.006539510209402	0.0	1	0.0	NaN	NaN	3.7302925564479783	
3	C8H12NO	[M + K]+	C8H12NO	5.025125628140704E-4	-3.605170185988091	-3.605170185988091	0.0	1	0.0	NaN	NaN	-0.8094292067104134	
4	C8H6N3O2	[M + H]+	C8H6N3O2	5.025125628140704E-4	-3.605170185988091	-3.605170185988091	0.0	1	0.0	NaN	NaN	9.18306443295478	
5	C11H8N	[M + Na]+	C11H8N	5.025125628140704E-4	-3.605170185988091	-3.605170185988091	0.0	1	0.0	NaN	NaN	0.04989745821849418	
6	C5H10N3O2S	[M + H]+	C5H10N3O2S	0.0	-5.214608098422191	-5.214608098422191	0.0	1	0.0	NaN	NaN	-9.856950431491883	
