rank	molecularFormula	adduct	precursorFormula	ZodiacScore	SiriusScore	TreeScore	IsotopeScore	numExplainedPeaks	explainedIntensity	medianMassErrorFragmentPeaks(ppm)	medianAbsoluteMassErrorFragmentPeaks(ppm)	massErrorPrecursor(ppm)	lipidClass
1	C13H8	[M + H]+	C13H8	0.9999999999999999	45.62648206969606	45.62648206969606	0.0	9	0.8006872852233679	2.211228849315078	2.564312959208505	2.5595367284594355	
1	C13H10O	[M - H2O + H]+	C13H8	0.9999999999999999	45.62648206969606	45.62648206969606	0.0	10	0.8006872852233679	2.211228849315078	2.564312959208505	-109105.89165057075	
2	C5H12N2O2S	[M + H]+	C5H12N2O2S	0.0	26.197347000326452	26.197347000326452	0.0	8	0.6559278350515465	5.207966736936302	6.896080527907255	6.507139677703748	
2	C5H14N2O3S	[M - H2O + H]+	C5H12N2O2S	0.0	26.197347000326452	26.197347000326452	0.0	9	0.6559278350515465	5.207966736936302	6.896080527907255	-109101.94404762133	
3	C8H14S	[M + Na]+	C8H14S	0.0	22.014855770421477	22.014855770421477	0.0	6	0.554553264604811	-4.365745073339269	4.365745073339269	-3.2891229312554637	
