rank	molecularFormula	adduct	precursorFormula	ZodiacScore	SiriusScore	TreeScore	IsotopeScore	numExplainedPeaks	explainedIntensity	medianMassErrorFragmentPeaks(ppm)	medianAbsoluteMassErrorFragmentPeaks(ppm)	massErrorPrecursor(ppm)	lipidClass
1	C19H28O	[M - H2O + H]+	C19H26	0.9999999999999999	49.7904138226391	49.7904138226391	0.0	12	0.4580039525691699	-2.8186888352645636	3.709859087794702	-70570.07317508361	
1	C19H26	[M + H]+	C19H26	0.9999999999999999	49.7904138226391	49.7904138226391	0.0	11	0.4580039525691699	-2.8186888352645636	3.709859087794702	1.1894552326285568	
