rank	formulaRank	ConfidenceScore	CSI:FingerIDScore	molecularFormula	adduct	InChIkey2D	InChI	name	smiles	xlogp	pubchemids	links	dbflags
1	1	0.02791035030195981	-219.056158358156	C19H28O	[M - H2O + H]+	SOJWLJKPIIODOH	InChI=1S/C19H28O/c1-13(2)14-6-8-16-15(12-14)7-9-17-18(16,3)10-5-11-19(17,4)20/h6,8,12-13,17,20H,5,7,9-11H2,1-4H3	AmbscL07/052	CC(C)C1=CC2=C(C=C1)C3(CCCC(C3CC2)(C)O)C	4.9000001	5320204;14320344;15605917;26183495;26183496;40522879;51411773;51411774;129447914	COCONUT:(CNP0220127);Natural Products:(UNPD132497 UNPD161652 UNPD152611 UNPD106115);PubChem:(5320204 14320344 15605917 26183495 26183496 40522879 51411773 51411774 129447914);PNC:(LTS0121349 LTS0118921);SuperNatural:(SN00345215 SN00287317 SN00302497 SN00157454);ZINC bio:(ZINC05294955 ZINC05294961 ZINC14614507 ZINC14614508)	68722663426