rank	molecularFormula	adduct	precursorFormula	ZodiacScore	SiriusScore	TreeScore	IsotopeScore	numExplainedPeaks	explainedIntensity	medianMassErrorFragmentPeaks(ppm)	medianAbsoluteMassErrorFragmentPeaks(ppm)	massErrorPrecursor(ppm)	lipidClass
1	C9H4O2	[M + H]+	C9H4O2	0.9809045226130653	3.5	3.5	0.0	1	0.0	NaN	NaN	3.2045871474925414	
2	C4H10O2S	[M + Na]+	C4H10O2S	0.016080402010050253	-0.6094379124341003	-0.6094379124341003	0.0	1	0.0	NaN	NaN	-3.45229431459069	
3	C7H8N	[M + K]+	C7H8N	0.0020100502512562816	-3.605170185988091	-3.605170185988091	0.0	1	0.0	NaN	NaN	0.2635451446636505	
4	C7H2N3O	[M + H]+	C7H2N3O	0.0010050251256281408	-3.605170185988091	-3.605170185988091	0.0	1	0.0	NaN	NaN	12.462633456886865	
5	C4H6N3OS	[M + H]+	C4H6N3OS	0.0	-5.214608098422191	-5.214608098422191	0.0	1	0.0	NaN	NaN	-10.781897005001923	
6	C2H8N3OS	[M + Na]+	C2H8N3OS	0.0	-5.214608098422191	-5.214608098422191	0.0	1	0.0	NaN	NaN	5.805751994803633	
