rank	molecularFormula	adduct	precursorFormula	ZodiacScore	SiriusScore	TreeScore	IsotopeScore	numExplainedPeaks	explainedIntensity	medianMassErrorFragmentPeaks(ppm)	medianAbsoluteMassErrorFragmentPeaks(ppm)	massErrorPrecursor(ppm)	lipidClass
1	C7H4O2	[M + H]+	C7H4O2	0.9999999999999999	3.5	3.5	0.0	1	0.0	NaN	NaN	3.3920278102258203	
2	C5H2N3O	[M + H]+	C5H2N3O	0.0	-3.605170185988091	-3.605170185988091	0.0	1	0.0	NaN	NaN	14.485947758096188	
3	C5H8N	[M + K]+	C5H8N	0.0	-4.605170185988091	-4.605170185988091	0.0	1	0.0	NaN	NaN	-0.132223792361228	
4	C2H6N3OS	[M + H]+	C2H6N3OS	0.0	-5.214608098422191	-5.214608098422191	0.0	1	0.0	NaN	NaN	-13.36798076561909	
