rank	molecularFormula	adduct	precursorFormula	ZodiacScore	SiriusScore	TreeScore	IsotopeScore	numExplainedPeaks	explainedIntensity	medianMassErrorFragmentPeaks(ppm)	medianAbsoluteMassErrorFragmentPeaks(ppm)	massErrorPrecursor(ppm)	lipidClass
1	C20H30O3	[M - H4O2 + H]+	C20H26O	0.9999999999999999	114.68690113736582	111.59577998550967	3.091121151856156	21	0.6550995243966886	4.6708736710912975	5.39121721834525	-127187.94673821966	
1	C20H28O2	[M - H2O + H]+	C20H26O	0.9999999999999999	114.68690113736582	111.59577998550967	3.091121151856156	21	0.6550995243966886	4.6708736710912975	5.39121721834525	-63592.74341346413	
1	C20H26O	[M + H]+	C20H26O	0.9999999999999999	114.68690113736582	111.59577998550967	3.091121151856156	20	0.6550995243966886	4.6708736710912975	5.39121721834525	2.459911291593783	
2	C18H26N3O	[M - H2O + H]+	C18H24N3	0.0	93.96551068556035	91.93387903121656	2.0316316543437796	21	0.6550995243966884	5.103794294589365	6.022923348410611	-63588.00240375791	
2	C18H24N3	[M + H]+	C18H24N3	0.0	93.96551068556035	91.93387903121656	2.0316316543437796	20	0.6550995243966884	5.103794294589365	6.022923348410611	7.200920997615999	
2	C18H28N3O2	[M - H4O2 + H]+	C18H24N3	0.0	93.96551068556035	91.93387903121656	2.0316316543437796	21	0.6550995243966884	5.103794294589365	6.022923348410611	-127183.20572851365	
