rank	molecularFormula	adduct	precursorFormula	ZodiacScore	SiriusScore	TreeScore	IsotopeScore	numExplainedPeaks	explainedIntensity	medianMassErrorFragmentPeaks(ppm)	medianAbsoluteMassErrorFragmentPeaks(ppm)	massErrorPrecursor(ppm)	lipidClass
1	C20H28O3	[M + K]+	C20H28O3	0.9999999999999999	38.883970067122014	33.2487851148362	5.63518495228581	6	0.22764673614920464	-1.1007351370208984	2.228470181916884	1.0167688288257613	
2	C18H26N3O2	[M + K]+	C18H26N3O2	0.0	25.25334049818161	21.05521073498389	4.198129763197721	7	0.26769061985737796	-1.3218208310072828	1.8856883534552757	4.797195005679467	
3	C23H26N	[M + K]+	C23H26N	0.0	24.560355094111515	20.595302014392903	3.965053079718611	7	0.26769061985737796	-1.3218208310072828	1.8856883534552757	-6.529183507616756	
