rank	molecularFormula	adduct	precursorFormula	ZodiacScore	SiriusScore	TreeScore	IsotopeScore	numExplainedPeaks	explainedIntensity	medianMassErrorFragmentPeaks(ppm)	medianAbsoluteMassErrorFragmentPeaks(ppm)	massErrorPrecursor(ppm)	lipidClass
1	C20H30O2	[M + H]+	C20H30O2	0.9999999999999999	77.36226965088139	77.36226965088139	0.0	24	0.746144685918428	2.882958712200107	4.420558227826959	0.7699190350344841	
1	C20H32O3	[M - H2O + H]+	C20H30O2	0.9999999999999999	77.36226965088139	77.36226965088139	0.0	25	0.746144685918428	2.882958712200107	4.420558227826959	-59394.542355122176	
2	C18H32O2	[M + Na]+	C18H32O2	0.0	56.78284475401049	56.78284475401049	0.0	27	0.7603155701101516	3.696191402426839	4.238709442924077	8.703406546491562	
3	C18H30N3O2	[M - H2O + H]+	C18H28N3O	0.0	53.963182033317	53.963182033317	0.0	23	0.7272104793093183	3.3483828256841113	4.725766943859602	-59390.114446455125	
3	C18H28N3O	[M + H]+	C18H28N3O	0.0	53.963182033317	53.963182033317	0.0	22	0.7272104793093183	3.3483828256841113	4.725766943859602	5.197827702264203	
4	C15H34N3O2S	[M - H2O + H]+	C15H32N3OS	0.0	50.07113243650139	50.07113243650139	0.0	27	0.7188746650788925	3.3483828256841113	4.725766943859602	-59401.23176586132	
4	C15H32N3OS	[M + H]+	C15H32N3OS	0.0	50.07113243650139	50.07113243650139	0.0	26	0.7188746650788925	3.3483828256841113	4.725766943859602	-5.91949170372917	
5	C18H34N	[M + K]+	C18H34N	0.0	47.912681770085086	47.912681770085086	0.0	24	0.7300982435248586	2.716940401372252	4.034551433193808	-0.6367130923794919	
