rank	molecularFormula	adduct	precursorFormula	ZodiacScore	SiriusScore	TreeScore	IsotopeScore	numExplainedPeaks	explainedIntensity	medianMassErrorFragmentPeaks(ppm)	medianAbsoluteMassErrorFragmentPeaks(ppm)	massErrorPrecursor(ppm)	lipidClass
1	C17H35NO	[M + H]+	C17H35NO	0.9999999999999999	12.145830940400767	7.563923013181368	4.581907927219399	2	0.3676190476190476	12.957191096846541	12.957191096846541	2.6088316283431565	
1	C17H37NO2	[M - H2O + H]+	C17H35NO	0.9999999999999999	12.145830940400767	7.563923013181368	4.581907927219399	3	0.3676190476190476	12.957191096846541	12.957191096846541	-66634.11947094124	
