rank	molecularFormula	adduct	precursorFormula	ZodiacScore	SiriusScore	TreeScore	IsotopeScore	numExplainedPeaks	explainedIntensity	medianMassErrorFragmentPeaks(ppm)	medianAbsoluteMassErrorFragmentPeaks(ppm)	massErrorPrecursor(ppm)	lipidClass
1	C18H30O2	[M - H4O2 + H]+	C18H26	0.9999999999999999	59.67941696902703	57.62221381963788	2.057203149389156	16	0.5199746353836396	-1.1007351370208984	5.843413617980919	-148103.85572815264	
1	C18H28O	[M - H2O + H]+	C18H26	0.9999999999999999	59.67941696902703	57.62221381963788	2.057203149389156	16	0.5199746353836396	-1.1007351370208984	5.843413617980919	-74050.7050401725	
1	C18H26	[M + H]+	C18H26	0.9999999999999999	59.67941696902703	57.62221381963788	2.057203149389156	15	0.5199746353836396	-1.1007351370208984	5.843413617980919	2.4456478074181343	
