rank	molecularFormula	adduct	precursorFormula	ZodiacScore	SiriusScore	TreeScore	IsotopeScore	numExplainedPeaks	explainedIntensity	medianMassErrorFragmentPeaks(ppm)	medianAbsoluteMassErrorFragmentPeaks(ppm)	massErrorPrecursor(ppm)	lipidClass
1	C26H42OS	[M + Na]+	C26H42OS	0.8170854271356784	110.31397403571972	110.31397403571972	0.0	32	0.7285413878799465	1.7969741930664704	3.381345837653558	8.54561526183636	
2	C23H46OS2	[M + Na]+	C23H46OS2	0.18291457286432164	109.11110020404179	109.11110020404179	0.0	31	0.7142037851271268	1.961072501247785	3.41859746703292	0.618930051075657	
3	C20H40N3O5	[M + Na]+	C20H40N3O5	0.0	96.61830230423021	96.61830230423021	0.0	31	0.6581915503727777	1.9788978582547643	5.7047921611334615	5.819428163494082	
4	C21H44N3S2	[M + Na]+	C21H44N3S2	0.0	95.22070191495345	95.22070191495345	0.0	35	0.7616134582297838	1.1200053409527186	3.9486967919799683	3.77604345799291	
5	C22H42O6	[M + Na]+	C22H42O6	0.0	93.79055735102875	93.79055735102875	0.0	27	0.6061938443892182	2.6851016250997426	4.476367210095182	2.66231475644317	
6	C25H40NO3	[M + Na]+	C25H40NO3	0.0	89.20891077165625	89.20891077165625	0.0	29	0.6379277384821258	1.961072501247785	4.718360534158114	-3.639468739475594	
