rank	molecularFormula	adduct	precursorFormula	ZodiacScore	SiriusScore	TreeScore	IsotopeScore	numExplainedPeaks	explainedIntensity	medianMassErrorFragmentPeaks(ppm)	medianAbsoluteMassErrorFragmentPeaks(ppm)	massErrorPrecursor(ppm)	lipidClass
1	C18H34O5	[M - H4O2 + H]+	C18H30O3	0.72964824120603	107.67320031558526	107.67320031558526	0.0	21	0.6027654089524256	-0.5437598305672977	5.40392692705415	-122010.39300027899	
2	C16H32N3O4	[M - H4O2 + H]+	C16H28N3O2	0.2703517587939699	106.24387975202158	106.24387975202158	0.0	27	0.6976798687602531	0.8848091640181186	5.40392692705415	-122005.84503061775	
3	C21H32NO2	[M - H4O2 + H]+	C21H28N	0.0	93.73967906140157	93.73967906140157	0.0	19	0.5732364659011013	0.1740323113164121	5.394805311730982	-122019.47101441969	
