rank	molecularFormula	adduct	precursorFormula	ZodiacScore	SiriusScore	TreeScore	IsotopeScore	numExplainedPeaks	explainedIntensity	medianMassErrorFragmentPeaks(ppm)	medianAbsoluteMassErrorFragmentPeaks(ppm)	massErrorPrecursor(ppm)	lipidClass
1	C33H62O7	[M + Na]+	C33H62O7	0.9698492462311559	18.59306133820572	18.59306133820572	0.0	12	0.1723157664552811	4.653987863220307	4.653987863220307	1.402033745481629	
2	C31H60N3O6	[M + Na]+	C31H60N3O6	0.030150753768844227	15.686005922556197	15.686005922556197	0.0	16	0.3310736934178878	7.756060108697002	7.756060108697002	3.6645790561111555	
3	C36H60NO4	[M + Na]+	C36H60NO4	0.0	10.609560573003286	10.609560573003286	0.0	12	0.17428383993002416	4.653987863220307	4.679661910272917	-3.114139371563953	
4	C33H64NO4S	[M + Na]+	C33H64NO4S	0.0	5.915611748326089	5.915611748326089	0.0	14	0.3675923901158979	2.510472723432905	6.0905457425126555	-8.794798296242544	
5	C32H64N3OS2	[M + Na]+	C32H64N3OS2	0.0	4.174216287074977	4.174216287074977	0.0	9	0.21605073256068238	6.203658320157349	6.203658320157349	2.2001874150878247	
6	C39H58N2O	[M + Na]+	C39H58N2O	0.0	0.18972771660961152	0.18972771660961152	0.0	1	0.0	-7.6421864846881205	7.6421864846881205	-7.630312488992681	
7	C34H66O2S2	[M + Na]+	C34H66O2S2	0.0	-0.6763670755895114	-0.6763670755895114	0.0	1	0.0	-0.07423180137596766	0.07423180137596766	-0.062357895541702194	
8	C37H62O2S	[M + Na]+	C37H62O2S	0.0	-1.1627516343158666	-1.1627516343158666	0.0	1	0.0	5.6064271907542285	5.6064271907542285	5.618301029136888	
9	C35H60N3OS	[M + Na]+	C35H60N3OS	0.0	-6.055462061755598	-6.055462061755598	0.0	1	0.0	7.86897252805743	7.86897252805743	7.880846339574843	
