rank	molecularFormula	adduct	precursorFormula	ZodiacScore	SiriusScore	TreeScore	IsotopeScore	numExplainedPeaks	explainedIntensity	medianMassErrorFragmentPeaks(ppm)	medianAbsoluteMassErrorFragmentPeaks(ppm)	massErrorPrecursor(ppm)	lipidClass
1	C20H28O4	[M - H4O2 + H]+	C20H24O2	0.9999999999999999	120.9855441888011	117.93526575967368	3.0502784291274136	29	0.7167294413057123	-0.4886841218605372	5.700268524272487	-121205.26801369312	
1	C20H26O3	[M - H2O + H]+	C20H24O2	0.9999999999999999	120.9855441888011	117.93526575967368	3.0502784291274136	29	0.7167294413057123	-0.4886841218605372	5.700268524272487	-60601.503878938456	
1	C20H24O2	[M + H]+	C20H24O2	0.9999999999999999	120.9855441888011	117.93526575967368	3.0502784291274136	28	0.7167294413057123	-0.4886841218605372	5.700268524272487	2.260255816019516	
2	C18H22N3O	[M + H]+	C18H22N3O	0.0	93.8693223120883	91.74199834626438	2.1273239658239187	27	0.7063193136639462	-0.7902626981865006	5.673001815778718	6.778254328097086	
2	C18H26N3O3	[M - H4O2 + H]+	C18H22N3O	0.0	93.8693223120883	91.74199834626438	2.1273239658239187	28	0.7063193136639462	-0.7902626981865006	5.673001815778718	-121200.75001518104	
2	C18H24N3O2	[M - H2O + H]+	C18H22N3O	0.0	93.8693223120883	91.74199834626438	2.1273239658239187	28	0.7063193136639462	-0.7902626981865006	5.673001815778718	-60596.98588042657	
