rank	molecularFormula	adduct	precursorFormula	ZodiacScore	SiriusScore	TreeScore	IsotopeScore	numExplainedPeaks	explainedIntensity	medianMassErrorFragmentPeaks(ppm)	medianAbsoluteMassErrorFragmentPeaks(ppm)	massErrorPrecursor(ppm)	lipidClass
1	C29H48O2	[M - H2O + H]+	C29H46O	0.9999999999999999	114.37919575260217	111.61522526685422	2.763970485747948	22	0.541452552243919	2.5706137775998372	4.902445109338424	-43780.741927030074	
1	C29H46O	[M + H]+	C29H46O	0.9999999999999999	114.37919575260217	111.61522526685422	2.763970485747948	21	0.541452552243919	2.5706137775998372	4.902445109338424	1.9211345135804447	
2	C27H48O	[M + Na]+	C27H48O	0.0	82.28001709683554	79.46244759698243	2.817569499853106	21	0.5301473107228502	-0.9845492402882347	7.045677291703695	7.769225841289813	
3	C27H46N3O	[M - H2O + H]+	C27H44N3	0.0	79.34800682422065	76.70950030600147	2.6385065182191703	21	0.5327166837958203	-1.3379727827143442	8.521859223643373	-43777.47793824339	
3	C27H44N3	[M + H]+	C27H44N3	0.0	79.34800682422065	76.70950030600147	2.6385065182191703	20	0.5327166837958203	-1.3379727827143442	8.521859223643373	5.185123300129011	
