rank	formulaRank	ConfidenceScore	CSI:FingerIDScore	molecularFormula	adduct	InChIkey2D	InChI	name	smiles	xlogp	pubchemids	links	dbflags
1	3	0.04004519048090273	-180.91975458908607	C19H28O3	[M + H]+	NBGCWDAYASHSEK	InChI=1S/C19H28O3/c1-13(12-20)6-8-15-14(2)7-9-16-18(15,3)10-5-11-19(16,4)17(21)22/h6,12,15-16H,2,5,7-11H2,1,3-4H3,(H,21,22)	(1S,4aR,5S,8aR)-1,4a-dimethyl-6-methylidene-5-[(E)-3-methyl-4-oxobut-2-enyl]-3,4,5,7,8,8a-hexahydro-2H-naphthalene-1-carboxylic acid	CC(=CCC1C(=C)CCC2C1(CCCC2(C)C(=O)O)C)C=O	3.9000001	44592589;91885095;91895343;101155075;129317160;132587045;133561832	COCONUT:(CNP0257995);KNApSAcK:(23425);Natural Products:(UNPD106949 UNPD122966 UNPD137136);PubChem:(44592589 91885095 91895343 101155075 129317160 132587045 133561832);PNC:(LTS0155854 LTS0057750 LTS0015954);SuperNatural:(SN00327900 SN00344271 SN00357937);CHEBI:(69972);PubMed	68722655346
2	3	N/A	-273.036770429824	C19H28O3	[M + H]+	UCZOWTWXCJXISA	InChI=1S/C19H28O3/c1-17(2,21)12-6-7-14-13(10-12)15(20)11-16-18(14,3)8-5-9-19(16,4)22/h6-7,10,15-16,20-22H,5,8-9,11H2,1-4H3	(1R,4aS,9S,10aR)-7-(2-hydroxypropan-2-yl)-1,4a-dimethyl-2,3,4,9,10,10a-hexahydrophenanthrene-1,9-diol	CC12CCCC(C1CC(C3=C2C=CC(=C3)C(C)(C)O)O)(C)O	2.4000001	3009625;101105394	COCONUT:(CNP0278377);Natural Products:(UNPD1905);PubChem:(3009625 101105394);PNC:(LTS0180245 LTS0249399);SuperNatural:(SN00230961);PubMed	68722655298
1	3	N/A	-217.13026737646882	C19H30O4	[M - H2O + H]+	VDPJWHMYWDZZGX	InChI=1S/C19H30O4/c1-13-8-9-16-18(2,10-5-11-19(16,3)17(22)23)15(13)7-4-6-14(21)12-20/h15-16,20H,1,4-12H2,2-3H3,(H,22,23)	null	CC12CCCC(C1CCC(=C)C2CCCC(=O)CO)(C)C(=O)O	3.73272085	""	COCONUT:(CNP0318182);Natural Products:(UNPD78279);PNC:(LTS0022905);SuperNatural:(SN00229531)	68722655232