rank	formulaRank	ConfidenceScore	CSI:FingerIDScore	molecularFormula	adduct	InChIkey2D	InChI	name	smiles	xlogp	pubchemids	links	dbflags
1	1	N/A	-392.1582230341624	C28H24O9	[M - H2O + H]+	LCRLZIMLAUAPJF	InChI=1S/C28H24O9/c29-13-8-16-23-15(11-1-3-17(31)19(33)5-11)7-14(30)10-22-25(23)26(24(16)21(35)9-13)27(36)28(37-22)12-2-4-18(32)20(34)6-12/h1-6,8-10,15,23,25-29,31-36H,7H2	jezonocinol C	C1C(C2C3C(C(C(OC3=CC1=O)C4=CC(=C(C=C4)O)O)O)C5=C2C=C(C=C5O)O)C6=CC(=C(C=C6)O)O	1.89999998	23634535	COCONUT:(CNP0288873);Natural Products:(UNPD40160);PubChem:(23634535);PNC:(LTS0050666 LTS0044129);SuperNatural:(SN00270962);PubMed	68722655298
1	1	0.30017122082424524	-120.10119856357441	C28H22O8	[M + H]+	MTYSFTYBAMMIGE	InChI=1S/C28H22O8/c29-18-9-17(10-19(30)12-18)27-26-15(3-1-14-2-5-21(32)23(34)7-14)8-20(31)13-25(26)36-28(27)16-4-6-22(33)24(35)11-16/h1-13,27-35H	Scirpusin B	C1=CC(=C(C=C1C=CC2=C3C(C(OC3=CC(=C2)O)C4=CC(=C(C=C4)O)O)C5=CC(=CC(=C5)O)O)O)O	4.69999981	155287;5279247;5458999;21633205;101816924;101884335;101884336	COCONUT:(CNP0235206);KNApSAcK:(15870);Natural Products:(UNPD228575 UNPD106490 UNPD60008 UNPD226752 UNPD189752);PubChem:(155287 5279247 5458999 21633205 101816924 101884335 101884336);PNC:(LTS0216705 LTS0008585);SuperNatural:(SN00278285 SN00232116 SN00261025);MeSH:(5458999);PubMed	68722655318
2	1	N/A	-164.81264703750992	C28H22O8	[M + H]+	PKWWKWRCCYGTHQ	InChI=1S/C28H22O8/c29-19-7-16(8-20(30)13-19)2-1-15-3-6-25-26(9-15)36-27(17-4-5-23(33)24(34)12-17)28(35-25)18-10-21(31)14-22(32)11-18/h1-14,27-34H	cassigarol E	C1=CC2=C(C=C1C=CC3=CC(=CC(=C3)O)O)OC(C(O2)C4=CC(=CC(=C4)O)O)C5=CC(=C(C=C5)O)O	4.80000019	5315729;5315730;5315731;10368132;102188455	COCONUT:(CNP0283264);KNApSAcK:(31657);Natural Products:(UNPD187196 UNPD152920 UNPD17745 UNPD224686);PubChem:(5315729 5315730 5315731 10368132 102188455);PNC:(LTS0078661);SuperNatural:(SN00300477 SN00296611 SN00402550);PubMed	68722655314
3	1	N/A	-305.3264060137764	C28H22O8	[M + H]+	CHMRNIGJIJLNNX	InChI=1S/C28H22O8/c29-17-8-16(9-18(30)12-17)25-24(14-4-6-20(32)22(34)10-14)27-23(35)11-15(26(25)28(27)36)3-1-13-2-5-19(31)21(33)7-13/h1-12,24-27,29-34H	jezonodione	C1=CC(=C(C=C1C=CC2=CC(=O)C3C(C(C2C3=O)C4=CC(=CC(=C4)O)O)C5=CC(=C(C=C5)O)O)O)O	3.20000005	46226501	COCONUT:(CNP0285027);Natural Products:(UNPD212020 UNPD154392);PubChem:(46226501);PNC:(LTS0141055 LTS0150998);SuperNatural:(SN00227272);PubMed	68722655298