rank	molecularFormula	adduct	precursorFormula	ZodiacScore	SiriusScore	TreeScore	IsotopeScore	numExplainedPeaks	explainedIntensity	medianMassErrorFragmentPeaks(ppm)	medianAbsoluteMassErrorFragmentPeaks(ppm)	massErrorPrecursor(ppm)	lipidClass
1	C28H48O3	[M - H2O + H]+	C28H46O2	0.9999999999999999	90.6659691687886	90.6659691687886	0.0	36	0.8224049551473731	1.5681953140349065	3.5825212830707147	-43359.49662772249	
1	C28H46O2	[M + H]+	C28H46O2	0.9999999999999999	90.6659691687886	90.6659691687886	0.0	35	0.8224049551473731	1.5681953140349065	3.5825212830707147	2.0577554664791196	
2	C26H44N3O	[M + H]+	C26H44N3O	0.0	80.796795560776	80.796795560776	0.0	38	0.8499572832123027	1.8184664102398553	3.7383469576561357	5.290350685301036	
2	C26H46N3O2	[M - H2O + H]+	C26H44N3O	0.0	80.796795560776	80.796795560776	0.0	39	0.8499572832123027	1.8184664102398553	3.7383469576561357	-43356.26403250381	
3	C25H50O2S	[M + H]+	C25H50O2S	0.0	80.23035979472064	80.23035979472064	0.0	38	0.8499572832123027	1.6453292088629188	3.7383469576561357	-6.058444812109827	
3	C25H52O3S	[M - H2O + H]+	C25H50O2S	0.0	80.23035979472064	80.23035979472064	0.0	39	0.8499572832123027	1.6453292088629188	3.7383469576561357	-43367.61282800108	
4	C23H48N3OS	[M + H]+	C23H48N3OS	0.0	76.78830045935425	76.78830045935425	0.0	38	0.8499572832123027	1.6453292088629188	3.6567603700366718	-2.8258495931510574	
4	C23H50N3O2S	[M - H2O + H]+	C23H48N3OS	0.0	76.78830045935425	76.78830045935425	0.0	39	0.8499572832123027	1.6453292088629188	3.6567603700366718	-43364.380232782394	
