rank	molecularFormula	adduct	precursorFormula	ZodiacScore	SiriusScore	TreeScore	IsotopeScore	numExplainedPeaks	explainedIntensity	medianMassErrorFragmentPeaks(ppm)	medianAbsoluteMassErrorFragmentPeaks(ppm)	massErrorPrecursor(ppm)	lipidClass
1	C12H12O	[M - H2O + H]+	C12H10	0.9999999999999999	49.92516470602633	49.92516470602633	0.0	11	0.7789757412398921	-7.184873202681041	8.21230578026209	-116130.89260945578	
1	C12H10	[M + H]+	C12H10	0.9999999999999999	49.92516470602633	49.92516470602633	0.0	10	0.7789757412398921	-7.184873202681041	8.21230578026209	1.9875038574321207	
2	C7H16S	[M + Na]+	C7H16S	0.0	25.596444273030947	25.596444273030947	0.0	7	0.527403414195867	0.43546285990617406	10.107786906545916	-4.237693949832755	
