rank	molecularFormula	adduct	precursorFormula	ZodiacScore	SiriusScore	TreeScore	IsotopeScore	numExplainedPeaks	explainedIntensity	medianMassErrorFragmentPeaks(ppm)	medianAbsoluteMassErrorFragmentPeaks(ppm)	massErrorPrecursor(ppm)	lipidClass
1	C29H48N3O6	[M + Na]+	C29H48N3O6	0.9999999999999999	92.06156855990366	88.09284561568778	3.9687229442158785	32	0.7125898156825994	2.3410777257469015	4.571326657795158	3.752565392937955	
2	C34H48NO4	[M + Na]+	C34H48NO4	0.0	64.07625733340383	62.90750493049283	1.1687524029110046	25	0.6390711236072062	2.963474459739475	5.287194484088254	-3.4651462582757198	
3	C31H50O7	[M + Na]+	C31H50O7	0.0	61.722523444333746	57.84503096148374	3.877492482850012	19	0.5280641466208477	3.076913429946037	4.546580896737437	1.3434965073097165	
4	C37H46N2O	[M + Na]+	C37H46N2O	0.0	37.19098547372502	37.19098547372502	0.0	21	0.4011246485473289	1.115568029276057	5.287194484088254	-8.273789023861156	
