rank	molecularFormula	adduct	precursorFormula	ZodiacScore	SiriusScore	TreeScore	IsotopeScore	numExplainedPeaks	explainedIntensity	medianMassErrorFragmentPeaks(ppm)	medianAbsoluteMassErrorFragmentPeaks(ppm)	massErrorPrecursor(ppm)	lipidClass
1	C15H28N3O3	[M + Na]+	C15H28N3O3	0.9979899497487437	64.93269913460874	62.501669063392505	2.4310300712162363	22	0.5575549842902028	3.501745779431096	5.018281883817615	5.4746686116454875	
2	C17H30O4	[M + Na]+	C17H30O4	0.0020100502512562816	58.005314676532166	54.80603500674906	3.1992796697831025	17	0.4675806912310768	1.462807945035997	3.9453644030047514	1.2945095601894188	
3	C17H32NO2	[M + K]+	C17H32NO2	0.0	41.756382088778594	41.756382088778594	0.0	14	0.39845758354755784	0.05671957099003741	4.457787900408007	-7.523013244261928	
4	C20H28NO	[M + Na]+	C20H28NO	0.0	36.62687171349135	36.56682303910346	0.06004867438788475	13	0.3953156241073979	0.3450177417983114	3.9453644030047514	-7.049333034108776	
5	C18H34S	[M + K]+	C18H34S	0.0	-1.5770099402685505	-1.5770099402685505	0.0	1	0.0	8.778878941736874	8.778878941736874	8.610581788175029	
