rank	molecularFormula	adduct	precursorFormula	ZodiacScore	SiriusScore	TreeScore	IsotopeScore	numExplainedPeaks	explainedIntensity	medianMassErrorFragmentPeaks(ppm)	medianAbsoluteMassErrorFragmentPeaks(ppm)	massErrorPrecursor(ppm)	lipidClass
1	C27H58N3O5	[M + Na]+	C27H58N3O5	0.38492462311557796	30.068031759609465	25.705530321962463	4.3625014376469995	16	0.5737996443390634	-3.8344525002054706	5.18022575670201	3.674371259147843	
2	C31H62O8	[M - H4O2 + H]+	C31H58O6	0.3396984924623116	29.641277856897506	25.691376840665768	3.9499010162317374	10	0.34558387670420865	-4.011971462559507	4.423496582592054	-68299.15125330604	
3	C29H60O6	[M + Na]+	C29H60O6	0.2477386934673367	29.648619388180713	24.691204919223445	4.957414468957268	9	0.34558387670420865	-3.891692778099279	4.423496582592054	1.1286551634077466	
4	C29H60N3O7	[M - H4O2 + H]+	C29H56N3O5	0.027135678391959798	27.077296689215075	22.371409001362046	4.705887687853027	14	0.47836395969176043	-1.4662538914554095	4.423496582592054	-68296.60553720988	
5	C38H58O3	[M - H4O2 + H]+	C38H54O	5.025125628140704E-4	22.469944350425656	22.469944350425656	0.0	8	0.27504445761707175	-3.891692778099279	7.123619428037623	-68288.01566886812	
6	C32H58NO3	[M + Na]+	C32H58NO3	0.0	15.515744531464158	12.511690420762942	3.004054110701216	9	0.34558387670420865	-4.423496582592054	4.532208802963932	-3.9527434473166854	
7	C34H60NO5	[M - H4O2 + H]+	C34H56NO3	0.0	13.492506767023485	13.057201135088253	0.4353056319352331	9	0.3058684054534677	-6.005692804155093	8.34063102163467	-68304.23265191633	
8	C36H56N3O2	[M - H4O2 + H]+	C36H52N3	0.0	-4.703051206553169	-4.703051206553169	0.0	2	0.0	9.66933699914172	9.66933699914172	-68285.46995277193	
