rank	molecularFormula	adduct	precursorFormula	ZodiacScore	SiriusScore	TreeScore	IsotopeScore	numExplainedPeaks	explainedIntensity	medianMassErrorFragmentPeaks(ppm)	medianAbsoluteMassErrorFragmentPeaks(ppm)	massErrorPrecursor(ppm)	lipidClass
1	C26H50O4	[M + H]+	C26H50O4	0.9999999999999999	55.85260091916297	55.85260091916297	0.0	13	0.48368522072936665	0.9674511299391778	3.9853545501162633	1.039569036149931	
1	C26H52O5	[M - H2O + H]+	C26H50O4	0.9999999999999999	55.85260091916297	55.85260091916297	0.0	14	0.48368522072936665	0.9674511299391778	3.9853545501162633	-42140.90058686894	
2	C24H50N3O4	[M - H2O + H]+	C24H48N3O3	0.0	43.5272781715985	43.5272781715985	0.0	16	0.5030535683126854	7.392967471878469	7.392967471878469	-42137.75891364732	
2	C24H48N3O3	[M + H]+	C24H48N3O3	0.0	43.5272781715985	43.5272781715985	0.0	15	0.5030535683126854	7.392967471878469	7.392967471878469	4.181242257916927	
3	C29H50NO2	[M - H2O + H]+	C29H48NO	0.0	39.12341291932329	39.12341291932329	0.0	12	0.457511778049206	-3.9853545501162633	4.041839346583436	-42147.17155084975	
3	C29H48NO	[M + H]+	C29H48NO	0.0	39.12341291932329	39.12341291932329	0.0	11	0.457511778049206	-3.9853545501162633	4.041839346583436	-5.231394944518352	
4	C27H50NO	[M + Na]+	C27H50NO	0.0	38.76376471795247	38.76376471795247	0.0	12	0.47670563601465715	2.337398073548986	3.568288967275069	0.39754348739409473	
