rank	molecularFormula	adduct	precursorFormula	ZodiacScore	SiriusScore	TreeScore	IsotopeScore	numExplainedPeaks	explainedIntensity	medianMassErrorFragmentPeaks(ppm)	medianAbsoluteMassErrorFragmentPeaks(ppm)	massErrorPrecursor(ppm)	lipidClass
1	C18H26N3O4	[M + H]+	C18H26N3O4	0.9999999999999999	123.18735215873508	121.26731324728343	1.920038911451654	32	0.6819389110225762	2.028419967311021	4.433941106675414	5.173717962898906	
1	C18H30N3O6	[M - H4O2 + H]+	C18H26N3O4	0.9999999999999999	123.18735215873508	121.26731324728343	1.920038911451654	33	0.6819389110225762	2.028419967311021	4.433941106675414	-103147.6998934264	
1	C18H28N3O5	[M - H2O + H]+	C18H26N3O4	0.9999999999999999	123.18735215873508	121.26731324728343	1.920038911451654	33	0.6819389110225762	2.028419967311021	4.433941106675414	-51571.26308773166	
2	C20H28O5	[M + H]+	C20H28O5	0.0	114.38023781313467	111.08398716082915	3.2962506523055115	23	0.4958499335989375	1.5828436320935224	1.8427855455627804	1.3287049003704299	
2	C20H32O7	[M - H4O2 + H]+	C20H28O5	0.0	114.38023781313467	111.08398716082915	3.2962506523055115	24	0.4958499335989375	1.5828436320935224	1.8427855455627804	-103151.54490648893	
2	C20H30O6	[M - H2O + H]+	C20H28O5	0.0	114.38023781313467	111.08398716082915	3.2962506523055115	24	0.4958499335989375	1.5828436320935224	1.8427855455627804	-51575.10810079435	
3	C23H26NO2	[M + H]+	C23H26NO2	0.0	103.34685254954769	101.26418444092518	2.0826681086225154	26	0.5322045152722441	1.7826243246268556	4.433941106675414	-6.346166647309456	
3	C23H30NO4	[M - H4O2 + H]+	C23H26NO2	0.0	103.34685254954769	101.26418444092518	2.0826681086225154	27	0.5322045152722441	1.7826243246268556	4.433941106675414	-103159.21977803661	
3	C23H28NO3	[M - H2O + H]+	C23H26NO2	0.0	103.34685254954769	101.26418444092518	2.0826681086225154	27	0.5322045152722441	1.7826243246268556	4.433941106675414	-51582.78297234187	
