rank	molecularFormula	adduct	precursorFormula	ZodiacScore	SiriusScore	TreeScore	IsotopeScore	numExplainedPeaks	explainedIntensity	medianMassErrorFragmentPeaks(ppm)	medianAbsoluteMassErrorFragmentPeaks(ppm)	massErrorPrecursor(ppm)	lipidClass
1	C14H22O2	[M + Na]+	C14H22O2	0.9999999999999999	31.10182720298692	28.398266126157615	2.703561076829307	8	0.6685621445978878	10.129659403958565	10.129659403958565	3.6032267878084916	
2	C9H24N3OS	[M + Na]+	C9H24N3OS	0.0	23.69141473353162	23.69141473353162	0.0	10	0.6799350121852152	8.042632551149456	8.042632551149456	-4.671000243285446	
3	C12H20N3O	[M + Na]+	C12H20N3O	0.0	16.536573182760687	15.924319316705233	0.612253866055454	8	0.6685621445978878	10.129659403958565	10.129659403958565	9.080169827391074	
