rank	molecularFormula	adduct	precursorFormula	ZodiacScore	SiriusScore	TreeScore	IsotopeScore	numExplainedPeaks	explainedIntensity	medianMassErrorFragmentPeaks(ppm)	medianAbsoluteMassErrorFragmentPeaks(ppm)	massErrorPrecursor(ppm)	lipidClass
1	C28H55NO4	[M + H]+	C28H55NO4	0.9999999999999999	43.11702107650113	43.11702107650113	0.0	13	0.6667599328483491	3.4740021389151736	3.4740021389151736	1.7710918476615465	
2	C31H53N2O	[M + H]+	C31H53N2O	0.0	3.4067277779196017	3.4067277779196017	0.0	5	0.2940682708449916	3.041810792661379	3.041810792661379	-3.9260916392520357	
