rank	molecularFormula	adduct	precursorFormula	ZodiacScore	SiriusScore	TreeScore	IsotopeScore	numExplainedPeaks	explainedIntensity	medianMassErrorFragmentPeaks(ppm)	medianAbsoluteMassErrorFragmentPeaks(ppm)	massErrorPrecursor(ppm)	lipidClass
1	C18H32N3O2	[M + Na]+	C18H32N3O2	0.9964824120603014	96.81659615127138	94.76488347107536	2.051712680196017	31	0.6762452107279692	3.4307336723755535	6.2087995361322585	5.637831257157455	
2	C20H34O3	[M + Na]+	C20H34O3	0.0035175879396984926	89.08990487384857	86.78775033526239	2.3021545385861826	21	0.5623342175066312	4.4183008458683775	8.154423992830724	1.748706036632376	
3	C23H32N	[M + Na]+	C23H32N	0.0	77.9910202571674	77.9910202571674	0.0	20	0.5515767757147065	5.651083320748533	8.510964854602573	-6.014215965183614	
