rank	molecularFormula	adduct	precursorFormula	ZodiacScore	SiriusScore	TreeScore	IsotopeScore	numExplainedPeaks	explainedIntensity	medianMassErrorFragmentPeaks(ppm)	medianAbsoluteMassErrorFragmentPeaks(ppm)	massErrorPrecursor(ppm)	lipidClass
1	C19H28O3	[M - H2O + H]+	C19H26O2	0.9999999999999999	107.73639603453279	107.73639603453279	0.0	37	0.907077786430328	3.4252652903932104	3.7202605958806645	-62708.15969925921	
1	C19H26O2	[M + H]+	C19H26O2	0.9999999999999999	107.73639603453279	107.73639603453279	0.0	36	0.907077786430328	3.4252652903932104	3.7202605958806645	2.445257460571163	
2	C17H26N3O2	[M - H2O + H]+	C17H24N3O	0.0	76.48878318381269	76.48878318381269	0.0	37	0.907077786430328	3.6057036080407996	3.9117985053041098	-62703.48463618484	
2	C17H24N3O	[M + H]+	C17H24N3O	0.0	76.48878318381269	76.48878318381269	0.0	36	0.907077786430328	3.6057036080407996	3.9117985053041098	7.120320535134628	
3	C16H30O2S	[M + H]+	C16H30O2S	0.0	71.74554277785309	71.74554277785309	0.0	36	0.9131778346373959	3.1228033448558845	3.929559300817224	-9.292601955684818	
3	C16H32O3S	[M - H2O + H]+	C16H30O2S	0.0	71.74554277785309	71.74554277785309	0.0	37	0.9131778346373959	3.1228033448558845	3.929559300817224	-62719.89755867546	
4	C14H30N3O2S	[M - H2O + H]+	C14H28N3OS	0.0	70.10902316315945	70.10902316315945	0.0	37	0.9131778346373959	3.1228033448558845	3.929559300817224	-62715.222495600705	
4	C14H28N3OS	[M + H]+	C14H28N3OS	0.0	70.10902316315945	70.10902316315945	0.0	36	0.9131778346373959	3.1228033448558845	3.929559300817224	-4.617538880923432	
