rank	molecularFormula	adduct	precursorFormula	ZodiacScore	SiriusScore	TreeScore	IsotopeScore	numExplainedPeaks	explainedIntensity	medianMassErrorFragmentPeaks(ppm)	medianAbsoluteMassErrorFragmentPeaks(ppm)	massErrorPrecursor(ppm)	lipidClass
1	C9H8O3	[M - H2O + H]+	C9H6O2	0.9999999999999999	14.762380995688712	11.937756052272677	2.8246249434160347	3	0.08963282937365011	2.516854447125217	2.516854447125217	-122479.70167714327	
1	C9H10O4	[M - H4O2 + H]+	C9H6O2	0.9999999999999999	14.762380995688712	11.937756052272677	2.8246249434160347	3	0.08963282937365011	2.516854447125217	2.516854447125217	-244963.3571116379	
1	C9H6O2	[M + H]+	C9H6O2	0.9999999999999999	14.762380995688712	11.937756052272677	2.8246249434160347	2	0.08963282937365011	2.516854447125217	2.516854447125217	3.9537573509547634	
2	C7H8N3O3	[M - H4O2 + H]+	C7H4N3O	0.0	3.820373723320874	2.3254237820497803	1.4949499412710936	3	0.08963282937365011	12.721614803435603	12.721614803435603	-244954.22597958846	
2	C7H6N3O2	[M - H2O + H]+	C7H4N3O	0.0	3.820373723320874	2.3254237820497803	1.4949499412710936	3	0.08963282937365011	12.721614803435603	12.721614803435603	-122470.57054509404	
2	C7H4N3O	[M + H]+	C7H4N3O	0.0	3.820373723320874	2.3254237820497803	1.4949499412710936	2	0.08963282937365011	12.721614803435603	12.721614803435603	13.084889400383341	
3	C4H10N3O2S	[M - H2O + H]+	C4H8N3OS	0.0	1.455651537276168	0.4634555382996428	0.9921959989765252	3	0.08963282937365011	-12.899866773928657	12.899866773928657	-122493.4964270762	
3	C4H8N3OS	[M + H]+	C4H8N3OS	0.0	1.455651537276168	0.4634555382996428	0.9921959989765252	2	0.08963282937365011	-12.899866773928657	12.899866773928657	-9.840992581768598	
3	C4H12N3O3S	[M - H4O2 + H]+	C4H8N3OS	0.0	1.455651537276168	0.4634555382996428	0.9921959989765252	3	0.08963282937365011	-12.899866773928657	12.899866773928657	-244977.1518615706	
