rank	molecularFormula	adduct	precursorFormula	ZodiacScore	SiriusScore	TreeScore	IsotopeScore	numExplainedPeaks	explainedIntensity	medianMassErrorFragmentPeaks(ppm)	medianAbsoluteMassErrorFragmentPeaks(ppm)	massErrorPrecursor(ppm)	lipidClass
1	C18H28O3	[M + H]+	C18H28O3	0.9999999999999999	160.36795537239095	156.7095765176719	3.6583788547190412	27	0.6294322607091618	0.8258395443745954	4.0171422110394825	0.4825174897693464	
1	C18H30O4	[M - H2O + H]+	C18H28O3	0.9999999999999999	160.36795537239095	156.7095765176719	3.6583788547190412	28	0.6294322607091618	0.8258395443745954	4.0171422110394825	-61424.731912919124	
2	C16H28N3O3	[M - H2O + H]+	C16H26N3O2	0.0	151.94744153023603	149.22003371514336	2.7274078150926853	34	0.6836441893830703	0.8258395443745954	3.692920927273314	-61420.152675451565	
2	C16H26N3O2	[M + H]+	C16H26N3O2	0.0	151.94744153023603	149.22003371514336	2.7274078150926853	33	0.6836441893830703	0.8258395443745954	3.692920927273314	5.061754957128808	
3	C21H28NO	[M - H2O + H]+	C21H26N	0.0	105.82486370886679	104.59738476835435	1.227478940512436	23	0.5767575322812053	0.6149182560085551	4.263530171918868	-61433.8723394342	
3	C21H26N	[M + H]+	C21H26N	0.0	105.82486370886679	104.59738476835435	1.227478940512436	22	0.5767575322812053	0.6149182560085551	4.263530171918868	-8.657909025503784	
