rank	molecularFormula	adduct	precursorFormula	ZodiacScore	SiriusScore	TreeScore	IsotopeScore	numExplainedPeaks	explainedIntensity	medianMassErrorFragmentPeaks(ppm)	medianAbsoluteMassErrorFragmentPeaks(ppm)	massErrorPrecursor(ppm)	lipidClass
1	C12H16O	[M - H2O + H]+	C12H14	0.9999999999999999	17.970968791772485	17.970968791772485	0.0	8	0.8979591836734694	-1.390651733810068	7.292398849663342	-113187.75853054954	
1	C12H14	[M + H]+	C12H14	0.9999999999999999	17.970968791772485	17.970968791772485	0.0	7	0.8979591836734694	-1.390651733810068	7.292398849663342	2.753400707501702	
