rank	molecularFormula	adduct	precursorFormula	ZodiacScore	SiriusScore	TreeScore	IsotopeScore	numExplainedPeaks	explainedIntensity	medianMassErrorFragmentPeaks(ppm)	medianAbsoluteMassErrorFragmentPeaks(ppm)	massErrorPrecursor(ppm)	lipidClass
1	C16H24O	[M - H2O + H]+	C16H22	0.9999999999999999	17.021308402648234	17.021308402648234	0.0	4	0.15789473684210528	10.169791612039262	10.169791612039262	-83699.02065265774	
1	C16H22	[M + H]+	C16H22	0.9999999999999999	17.021308402648234	17.021308402648234	0.0	3	0.15789473684210528	10.169791612039262	10.169791612039262	1.1036770201402675	
