rank	molecularFormula	adduct	precursorFormula	ZodiacScore	SiriusScore	TreeScore	IsotopeScore	numExplainedPeaks	explainedIntensity	medianMassErrorFragmentPeaks(ppm)	medianAbsoluteMassErrorFragmentPeaks(ppm)	massErrorPrecursor(ppm)	lipidClass
1	C16H33NO3	[M + H]+	C16H33NO3	0.9999999999999999	105.18882939058936	105.18882939058936	0.0	28	0.6230529595015574	1.111274446041712	5.640211155759123	1.8309013546833959	
2	C19H31N2	[M + H]+	C19H31N2	0.0	80.51423356721494	80.51423356721494	0.0	20	0.5091588785046726	-4.162433890189417	6.22622843251199	-7.466723004380181	
