rank	molecularFormula	adduct	precursorFormula	ZodiacScore	SiriusScore	TreeScore	IsotopeScore	numExplainedPeaks	explainedIntensity	medianMassErrorFragmentPeaks(ppm)	medianAbsoluteMassErrorFragmentPeaks(ppm)	massErrorPrecursor(ppm)	lipidClass
1	C20H32O2	[M - H2O + H]+	C20H30O	0.9999999999999999	84.6027188846111	84.6027188846111	0.0	28	0.8097428958051424	1.2322594385334809	3.9853545501162633	-62701.33680937588	
1	C20H30O	[M + H]+	C20H30O	0.9999999999999999	84.6027188846111	84.6027188846111	0.0	27	0.8097428958051424	1.2322594385334809	3.9853545501162633	1.3904701640759436	
2	C18H30N3O	[M - H2O + H]+	C18H28N3	0.0	75.68928784028246	75.68928784028246	0.0	28	0.8097428958051424	1.2322594385334809	4.054313843249539	-62696.662333580585	
2	C18H28N3	[M + H]+	C18H28N3	0.0	75.68928784028246	75.68928784028246	0.0	27	0.8097428958051424	1.2322594385334809	4.054313843249539	6.064945959181121	
3	C15H32N3S	[M + H]+	C15H32N3S	0.0	72.47366109268313	72.47366109268313	0.0	27	0.8097428958051424	0.15216518373081248	4.054313843249539	-5.671438952407911	
3	C15H34N3OS	[M - H2O + H]+	C15H32N3S	0.0	72.47366109268313	72.47366109268313	0.0	28	0.8097428958051424	0.15216518373081248	4.054313843249539	-62708.39871849237	
