rank	molecularFormula	adduct	precursorFormula	ZodiacScore	SiriusScore	TreeScore	IsotopeScore	numExplainedPeaks	explainedIntensity	medianMassErrorFragmentPeaks(ppm)	medianAbsoluteMassErrorFragmentPeaks(ppm)	massErrorPrecursor(ppm)	lipidClass
1	C13H16O4	[M - H2O + H]+	C13H14O3	0.9999999999999999	49.06262545504124	46.805266969011086	2.2573584860301534	12	0.35032346598706127	-0.012789659431957767	3.62798006423695	-82199.68240226853	
1	C13H14O3	[M + H]+	C13H14O3	0.9999999999999999	49.06262545504124	46.805266969011086	2.2573584860301534	11	0.35032346598706127	-0.012789659431957767	3.62798006423695	2.0460938514034286	
2	C14H14N	[M + Na]+	C14H14N	0.0	30.3631673983441	29.04911501908475	1.3140523792593515	11	0.3336600666535972	2.5540055455881974	6.771197777891132	0.7937639951583646	
3	C11H18NO	[M + K]+	C11H18NO	0.0	26.98808426599817	26.98808426599817	0.0	11	0.34679474612821004	1.4597273688403223	6.093750906731817	0.09934775639363386	
4	C11H14N3O3	[M - H2O + H]+	C11H12N3O2	0.0	26.465681920452212	25.048245593566506	1.4174363268857046	12	0.3381689864732404	-0.012789659431957767	7.293349252169464	-82193.55427982699	
4	C11H12N3O2	[M + H]+	C11H12N3O2	0.0	26.465681920452212	25.048245593566506	1.4174363268857046	11	0.3381689864732404	-0.012789659431957767	7.293349252169464	8.174216292808548	
5	C8H16N3O2S	[M + H]+	C8H16N3O2S	0.0	20.389407920719645	20.389407920719645	0.0	12	0.23622819055087232	-2.518030883575372	6.456151676786942	-7.211894772751661	
5	C8H18N3O3S	[M - H2O + H]+	C8H16N3O2S	0.0	20.389407920719645	20.389407920719645	0.0	13	0.23622819055087232	-2.518030883575372	6.456151676786942	-82208.94039089256	
6	C6H18N3O2S	[M + Na]+	C6H18N3O2S	0.0	16.639239360755063	16.639239360755063	0.0	8	0.16996667320133302	0.4659461129877932	3.0292637141663974	3.7678671221596733	
