rank	molecularFormula	adduct	precursorFormula	ZodiacScore	SiriusScore	TreeScore	IsotopeScore	numExplainedPeaks	explainedIntensity	medianMassErrorFragmentPeaks(ppm)	medianAbsoluteMassErrorFragmentPeaks(ppm)	massErrorPrecursor(ppm)	lipidClass
1	C19H28O4	[M - H2O + H]+	C19H26O3	0.9999999999999999	102.17756660507708	102.17756660507708	0.0	23	0.71062302367319	0.610807333052036	6.609915389470398	-59401.38494529718	
1	C19H26O3	[M + H]+	C19H26O3	0.9999999999999999	102.17756660507708	102.17756660507708	0.0	22	0.71062302367319	0.610807333052036	6.609915389470398	1.039173807262151	
2	C17H24N3O2	[M + H]+	C17H24N3O2	0.0	79.92038460108569	79.92038460108569	0.0	26	0.740022220323049	-0.3507098396961681	6.116437893476036	5.467612660924769	
2	C17H26N3O3	[M - H2O + H]+	C17H24N3O2	0.0	79.92038460108569	79.92038460108569	0.0	27	0.740022220323049	-0.3507098396961681	6.116437893476036	-59396.956506443326	
3	C14H30N3O3S	[M - H2O + H]+	C14H28N3O2S	0.0	79.30699366421872	79.30699366421872	0.0	30	0.7639517989915389	-4.489565017782637	5.769250568875139	-59408.075157009116	
3	C14H28N3O2S	[M + H]+	C14H28N3O2S	0.0	79.30699366421872	79.30699366421872	0.0	29	0.7639517989915389	-4.489565017782637	5.769250568875139	-5.651037904865817	
4	C22H24N	[M + H]+	C22H24N	0.0	66.64585849511802	66.64585849511802	0.0	18	0.636697718143748	-0.3507098396961681	6.660706757053704	-7.800249832111672	
4	C22H26NO	[M - H2O + H]+	C22H24N	0.0	66.64585849511802	66.64585849511802	0.0	19	0.636697718143748	-0.3507098396961681	6.660706757053704	-59410.22436893636	
