rank	molecularFormula	adduct	precursorFormula	ZodiacScore	SiriusScore	TreeScore	IsotopeScore	numExplainedPeaks	explainedIntensity	medianMassErrorFragmentPeaks(ppm)	medianAbsoluteMassErrorFragmentPeaks(ppm)	massErrorPrecursor(ppm)	lipidClass
1	C29H48O2	[M + H]+	C29H48O2	0.9999999999999999	115.02417515576852	109.32206399179606	5.702111163972468	23	0.6532199270959904	0.6818591515335433	3.747042223080269	0.21453593089934844	
1	C29H50O3	[M - H2O + H]+	C29H48O2	0.9999999999999999	115.02417515576852	109.32206399179606	5.702111163972468	24	0.6532199270959904	0.6818591515335433	3.747042223080269	-41946.00262434887	
2	C27H46N3O	[M + H]+	C27H46N3O	0.0	104.60910013560783	99.31020335775595	5.298896777851878	23	0.6532199270959904	1.5067299422484663	3.8089398017093137	3.341618042433516	
2	C27H48N3O2	[M - H2O + H]+	C27H46N3O	0.0	104.60910013560783	99.31020335775595	5.298896777851878	24	0.6532199270959904	1.5067299422484663	3.8089398017093137	-41942.87554223747	
