rank	molecularFormula	adduct	precursorFormula	ZodiacScore	SiriusScore	TreeScore	IsotopeScore	numExplainedPeaks	explainedIntensity	medianMassErrorFragmentPeaks(ppm)	medianAbsoluteMassErrorFragmentPeaks(ppm)	massErrorPrecursor(ppm)	lipidClass
1	C19H28O	[M - H2O + H]+	C19H26	0.9999999999999999	104.34291225046596	104.34291225046596	0.0	23	0.607689517591585	5.765059645582715	7.356111418500882	-70569.55535589137	
1	C19H26	[M + H]+	C19H26	0.9999999999999999	104.34291225046596	104.34291225046596	0.0	22	0.607689517591585	5.765059645582715	7.356111418500882	1.673140130331133	
