rank	molecularFormula	adduct	precursorFormula	ZodiacScore	SiriusScore	TreeScore	IsotopeScore	numExplainedPeaks	explainedIntensity	medianMassErrorFragmentPeaks(ppm)	medianAbsoluteMassErrorFragmentPeaks(ppm)	massErrorPrecursor(ppm)	lipidClass
1	C23H48O11	[M + Na]+	C23H48O11	0.9969849246231154	14.180354490193706	8.950198952233396	5.230155537960309	10	0.21936405859235428	-4.760879931887621	8.089340183667495	1.6137488853070687	
2	C21H46N3O10	[M + Na]+	C21H46N3O10	0.003015075376884423	9.842362599614074	5.291588258504326	4.550774341109747	15	0.3276170060735975	-0.3814295328785966	3.2547743617718194	4.179502834208324	
3	C26H46NO8	[M + Na]+	C26H46NO8	0.0	3.40908593528012	-0.37881377277244477	3.787899708052565	5	0.10253662022150763	4.014063597554409	4.014063597554409	-3.507646454718181	
4	C29H44N2O5	[M + Na]+	C29H44N2O5	0.0	0.7733711684627425	0.7733711684627425	0.0	5	0.09932118613790633	-7.344031554751282	7.344031554751282	-8.629041794526186	
5	C36H40N2	[M + Na]+	C36H40N2	0.0	0.6405727811787374	0.6405727811787374	0.0	1	0.0	3.879188927638561	3.879188927638561	2.5941931097109867	
6	C33H42NO3	[M + Na]+	C33H42NO3	0.0	-4.19269533854251	-4.19269533854251	0.0	6	0.13790639514112177	-0.8839549774991555	7.423031416049572	7.715588449736237	
