rank	molecularFormula	adduct	precursorFormula	ZodiacScore	SiriusScore	TreeScore	IsotopeScore	numExplainedPeaks	explainedIntensity	medianMassErrorFragmentPeaks(ppm)	medianAbsoluteMassErrorFragmentPeaks(ppm)	massErrorPrecursor(ppm)	lipidClass
1	C30H54O7	[M + H3N + H]+	C30H57NO7	0.9999999999999999	34.197900847164405	34.197900847164405	0.0	19	0.5665171898355755	-0.7300679218191308	6.53644428188991	-0.04621316209235747	
2	C33H52NO4	[M + H3N + H]+	C33H55N2O4	0.0	26.95430644170758	26.95430644170758	0.0	22	0.5904334828101645	-3.9782401264354394	8.006379812531389	-4.969015935487502	
3	C25H54N2O9	[M + H3N + H]+	C25H57N3O9	0.0	19.51704922785735	19.51704922785735	0.0	19	0.4873775120411895	-0.7300679218191308	7.246317138719945	7.3428512096592256	
4	C36H50N2O	[M + H3N + H]+	C36H53N3O	0.0	17.226353049463878	17.226353049463878	0.0	13	0.3995183524331507	-0.7300679218191308	5.522230672211609	-9.891818709091469	
5	C31H58O2S2	[M + H3N + H]+	C31H61NO2S2	0.0	16.824136705506675	16.824136705506675	0.0	22	0.4866301278857333	-0.48127654513024015	6.488000817856193	-1.6424564955496934	
6	C34H54O2S	[M + H3N + H]+	C34H57NO2S	0.0	15.970102195596233	15.970102195596233	0.0	22	0.4866301278857333	0.5445003857259024	6.488000817856193	4.549680693042124	
