rank	formulaRank	ConfidenceScore	CSI:FingerIDScore	molecularFormula	adduct	InChIkey2D	InChI	name	smiles	xlogp	pubchemids	links	dbflags
1	1	0.06202956241122148	-237.12572653300086	C31H48O4	[M - H2O + H]+	BGBKLMBLKNDJMK	InChI=1S/C31H48O4/c1-18(15-20-16-19(2)27(33)35-20)21-9-14-31(7)26-22(10-13-30(21,31)6)29(5)12-11-25(34-8)28(3,4)24(29)17-23(26)32/h10,16,18,20-21,23-26,32H,9,11-15,17H2,1-8H3	null	CC1=CC(OC1=O)CC(C)C2CCC3(C2(CC=C4C3C(CC5C4(CCC(C5(C)C)OC)C)O)C)C	6.69999981	14706996	COCONUT:(CNP0117255);Natural Products:(UNPD166185);PubChem:(14706996);PNC:(LTS0037468);SuperNatural:(SN00231035)	68722655234
2	1	N/A	-242.498153281734	C31H48O4	[M - H2O + H]+	ABPDEYSUVLXYCB	InChI=1S/C31H48O4/c1-19-16-30(34-24(19)32)17-20(2)31(35-30)15-12-26(5)22-9-8-21-25(3,4)23(33-7)10-11-28(21)18-29(22,28)14-13-27(26,31)6/h19-23H,8-18H2,1-7H3	null	CC1CC2(CC(C3(O2)CCC4(C3(CCC56C4CCC7C5(C6)CCC(C7(C)C)OC)C)C)C)OC1=O	7.4000001	21574276;59223565	COCONUT:(CNP0255314);Natural Products:(UNPD95080 UNPD166012 UNPD13412);PubChem:(21574276 59223565);PNC:(LTS0115734 LTS0002171);SuperNatural:(SN00308795 SN00328864 SN00316762);MeSH:(21574276);PubMed	68722655302
3	1	N/A	-330.1735244097027	C31H48O4	[M - H2O + H]+	IIPIWCJQGIFRHH	InChI=1S/C31H48O4/c1-19(2)23-9-10-26-25(29(23,5)14-13-27(32)34-8)12-16-30(6)24(11-15-31(26,30)7)20(3)17-22-18-21(4)28(33)35-22/h10,20-25H,1,9,11-18H2,2-8H3	Methyl abiesolidate	CC1CC(OC1=O)CC(C)C2CCC3(C2(CCC4C3=CCC(C4(C)CCC(=O)OC)C(=C)C)C)C	8.0	637031;14778379;91456359;101218464	COCONUT:(CNP0319582);Natural Products:(UNPD80175);PubChem:(637031 14778379 91456359 101218464);PNC:(LTS0022895);SuperNatural:(SN00377340);PubMed	68722655298