rank	molecularFormula	adduct	precursorFormula	ZodiacScore	SiriusScore	TreeScore	IsotopeScore	numExplainedPeaks	explainedIntensity	medianMassErrorFragmentPeaks(ppm)	medianAbsoluteMassErrorFragmentPeaks(ppm)	massErrorPrecursor(ppm)	lipidClass
1	C9H8O3	[M + H]+	C9H8O3	0.9999999999999999	15.86171620293371	15.86171620293371	0.0	3	0.09920391916717697	3.510534109196632	9.561946496719528	3.424616401431717	
1	C9H10O4	[M - H2O + H]+	C9H8O3	0.9999999999999999	15.86171620293371	15.86171620293371	0.0	4	0.09920391916717697	3.510534109196632	9.561946496719528	-109115.0171620575	
2	C4H10N3O2S	[M + H]+	C4H10N3O2S	0.0	9.143874577831355	9.143874577831355	0.0	4	0.12431108389467235	-0.7600428007794346	6.902950287322895	-8.864873262014791	
2	C4H12N3O3S	[M - H2O + H]+	C4H10N3O2S	0.0	9.143874577831355	9.143874577831355	0.0	5	0.12431108389467235	-0.7600428007794346	6.902950287322895	-109127.30665172076	
3	C10H8N	[M + Na]+	C10H8N	0.0	4.433670511044763	4.433670511044763	0.0	3	0.09920391916717697	7.588504264239797	7.588504264239797	1.7622148314628678	
4	C7H12NO	[M + K]+	C7H12NO	0.0	4.230434220012215	4.230434220012215	0.0	2	0.0569503980404164	3.7102817860659134	3.7102817860659134	0.840414045689338	
5	C7H6N3O2	[M + H]+	C7H6N3O2	0.0	-4.694258882310979	-4.694258882310979	0.0	1	0.0	11.64529145085869	11.64529145085869	11.559374442015931	
