rank	molecularFormula	adduct	precursorFormula	ZodiacScore	SiriusScore	TreeScore	IsotopeScore	numExplainedPeaks	explainedIntensity	medianMassErrorFragmentPeaks(ppm)	medianAbsoluteMassErrorFragmentPeaks(ppm)	massErrorPrecursor(ppm)	lipidClass
1	C20H30O2	[M + Na]+	C20H30O2	0.9999999999999999	73.60866024721463	72.15940748120147	1.4492527660131649	13	0.59245122985581	1.569264855576861	2.7737321931162597	0.6374280545679502	
2	C17H34O3	[M + K]+	C17H34O3	0.0	60.053334521970484	60.053334521970484	0.0	13	0.5640373197625105	1.731845746868414	4.136837896117722	0.16958842851502076	
3	C17H32N2O6	[M - H4O2 + H]+	C17H28N2O4	0.0	59.914112909056165	59.914112909056165	0.0	16	0.6509754028837997	2.4657551576950487	6.140179156266514	-110755.69959227373	
4	C22H32O4	[M - H4O2 + H]+	C22H28O2	0.0	57.40811652613107	55.770344863893264	1.6377716622378062	11	0.4817642069550467	1.364422715525255	5.429657185956559	-110768.06917014725	
5	C18H28N3O	[M + Na]+	C18H28N3O	0.0	55.276193504838176	55.276193504838176	0.0	13	0.59245122985581	1.569264855576861	2.7737321931162597	4.766044799697899	
6	C15H32N3O2	[M + K]+	C15H32N3O2	0.0	54.59940267893511	54.59940267893511	0.0	14	0.6149279050042409	6.497533184493021	6.497533184493021	4.29820517364497	
7	C15H32N3OS	[M + Na]+	C15H32N3OS	0.0	53.822033198648704	53.822033198648704	0.0	16	0.7094995759117896	2.099268778211573	2.8322415371785246	-5.599830946618875	
8	C20H30N3O3	[M - H4O2 + H]+	C20H26N3O	0.0	40.396960070633575	39.06260790205025	1.334352168583321	12	0.5046649703138253	-1.246305755121377	5.003516790434702	-110763.94055340212	
9	C20H32N	[M + K]+	C20H32N	0.0	31.540819881656578	31.540819881656578	0.0	9	0.4592875318066158	-1.6064768396937943	5.003516790434702	-8.07137270005239	
