rank	molecularFormula	adduct	precursorFormula	ZodiacScore	SiriusScore	TreeScore	IsotopeScore	numExplainedPeaks	explainedIntensity	medianMassErrorFragmentPeaks(ppm)	medianAbsoluteMassErrorFragmentPeaks(ppm)	massErrorPrecursor(ppm)	lipidClass
1	C8H18O5	[M + Na]+	C8H18O5	0.814070351758794	6.395045500515929	3.4411576556944796	2.953887844821449	1	0.0	0.7168146881442985	0.7168146881442985	1.924564831173628	
2	C8H14N3O4	[M + H]+	C8H14N3O4	0.17085427135678394	4.837173166683231	2.8175298393087056	2.019643327374525	4	0.11753246753246752	0.8469488878742493	3.887498926905898	-2.9717005492242814	
2	C8H16N3O5	[M - H2O + H]+	C8H14N3O4	0.17085427135678394	4.837173166683231	2.8175298393087056	2.019643327374525	5	0.11753246753246752	0.8469488878742493	3.887498926905898	-82960.80096882135	
3	C14H16S	[M + H]+	C14H16S	0.014572864321608042	2.291319215610206	2.291319215610206	0.0	2	0.04805194805194805	-2.391191850595002	3.5520870011540118	2.3686447572497134	
3	C14H18OS	[M - H2O + H]+	C14H16S	0.014572864321608042	2.291319215610206	2.291319215610206	0.0	3	0.04805194805194805	-2.391191850595002	3.5520870011540118	-82955.46062351474	
4	C6H16N3O4	[M + Na]+	C6H16N3O4	5.025125628140704E-4	-1.4001207822815047	-3.003621881138142	1.6035010988566372	3	0.07727272727272727	3.5955412480815907	5.556504726255102	8.109054434259168	
