rank	molecularFormula	adduct	precursorFormula	ZodiacScore	SiriusScore	TreeScore	IsotopeScore	numExplainedPeaks	explainedIntensity	medianMassErrorFragmentPeaks(ppm)	medianAbsoluteMassErrorFragmentPeaks(ppm)	massErrorPrecursor(ppm)	lipidClass
1	C34H73NO	[M - H2O + H]+	C34H71N	0.9999999999999999	6.319158325568067	6.319158325568067	0.0	6	0.12711198428290765	2.9333567401166407	2.9333567401166407	-36417.18225851085	
1	C34H71N	[M + H]+	C34H71N	0.9999999999999999	6.319158325568067	6.319158325568067	0.0	5	0.12711198428290765	2.9333567401166407	2.9333567401166407	-0.2591706402940273	
