rank	molecularFormula	adduct	precursorFormula	ZodiacScore	SiriusScore	TreeScore	IsotopeScore	numExplainedPeaks	explainedIntensity	medianMassErrorFragmentPeaks(ppm)	medianAbsoluteMassErrorFragmentPeaks(ppm)	massErrorPrecursor(ppm)	lipidClass
1	C20H28O4	[M - H2O + H]+	C20H26O3	0.9999999999999999	126.28199783728516	126.28199783728516	0.0	43	0.8824243896514029	0.9005357345305562	3.1235134830966658	-57138.48547186261	
2	C15H30N3O3S	[M - H2O + H]+	C15H28N3O2S	0.0	91.42229151917306	91.42229151917306	0.0	45	0.9016044079811844	1.033998792636571	3.288867293662361	-57144.92096818444	
3	C17H32O4S	[M - H2O + H]+	C17H30O3S	0.0	91.1511185856027	91.1511185856027	0.0	39	0.8224550865143602	0.9005357345305562	3.1235134830966658	-57149.18080377465	
4	C18H26N3O3	[M - H2O + H]+	C18H24N3O2	0.0	88.84516260166886	88.84516260166886	0.0	43	0.8824243896514028	0.9005357345305562	3.33546734681299	-57134.22563627257	
5	C23H26NO	[M - H2O + H]+	C23H24N	0.0	74.34753395828524	74.34753395828524	0.0	33	0.7950045824453696	1.632150005195034	3.5797205311971156	-57146.9883535002	
