rank	molecularFormula	adduct	precursorFormula	ZodiacScore	SiriusScore	TreeScore	IsotopeScore	numExplainedPeaks	explainedIntensity	medianMassErrorFragmentPeaks(ppm)	medianAbsoluteMassErrorFragmentPeaks(ppm)	massErrorPrecursor(ppm)	lipidClass
1	C20H26O2	[M + Na]+	C20H26O2	0.9999999999999999	101.98581410308546	101.98581410308546	0.0	34	0.7876327921427141	-1.5286290158412847	4.263530171918868	2.7386918264225915	
2	C17H30O2S	[M + Na]+	C17H30O2S	0.0	80.98096753901906	80.98096753901906	0.0	34	0.7876327921427141	-1.5286290158412847	4.263530171918868	-7.757268443646966	
3	C18H24N3O	[M + Na]+	C18H24N3O	0.0	79.64947891508375	79.64947891508375	0.0	37	0.8084452462083249	-1.2391209490147974	4.699660486054871	6.919119837234375	
4	C15H28N3OS	[M + Na]+	C15H28N3OS	0.0	78.53845298782936	78.53845298782936	0.0	37	0.8084452462083249	-1.2391209490147974	4.699660486054871	-3.576840432658201	
