rank	molecularFormula	adduct	precursorFormula	ZodiacScore	SiriusScore	TreeScore	IsotopeScore	numExplainedPeaks	explainedIntensity	medianMassErrorFragmentPeaks(ppm)	medianAbsoluteMassErrorFragmentPeaks(ppm)	massErrorPrecursor(ppm)	lipidClass
1	C10H22O6	[M + Na]+	C10H22O6	0.7165829145728644	13.591057594987085	10.857216138969303	2.7338414560177813	8	0.1409102597068655	0.7228613039079621	5.378275193318368	0.39607752358224035	
2	C8H20N3O5	[M + Na]+	C8H20N3O5	0.28341708542713573	12.987261692203525	11.055218447198738	1.9320432450047862	13	0.2450501414245307	2.1948868380065054	3.9855059269917237	5.5378806513501395	
3	C9H24N3S2	[M + Na]+	C9H24N3S2	0.0	1.5778991710976198	1.5778991710976198	0.0	5	0.0928259192594497	2.7362957130197505	2.7362957130197505	2.2099413234457295	
