rank	molecularFormula	adduct	precursorFormula	ZodiacScore	SiriusScore	TreeScore	IsotopeScore	numExplainedPeaks	explainedIntensity	medianMassErrorFragmentPeaks(ppm)	medianAbsoluteMassErrorFragmentPeaks(ppm)	massErrorPrecursor(ppm)	lipidClass
1	C18H32O	[M + H]+	C18H32O	0.9999999999999999	38.51465401801373	38.51465401801373	0.0	11	0.29050715214564377	1.5067299422484663	5.5933085043424535	3.0282301290722375	
2	C16H30N3	[M + H]+	C16H30N3	0.0	23.76652870677379	23.76652870677379	0.0	11	0.29050715214564377	1.5067299422484663	6.624275332513058	8.090121978591037	
3	C13H31N2S	[M + H3N + H]+	C13H34N3S	0.0	12.053197655168667	12.053197655168667	0.0	10	0.2356306892067621	0.11921280841871768	6.367883916389873	-4.61896321744242	
