rank	molecularFormula	adduct	precursorFormula	ZodiacScore	SiriusScore	TreeScore	IsotopeScore	numExplainedPeaks	explainedIntensity	medianMassErrorFragmentPeaks(ppm)	medianAbsoluteMassErrorFragmentPeaks(ppm)	massErrorPrecursor(ppm)	lipidClass
1	C22H30O3	[M + H]+	C22H30O3	0.9999999999999999	62.68651467037783	62.68651467037783	0.0	19	0.6560431793356036	3.4108350523179136	4.983328896026065	1.2719869853837535	
2	C19H34O3S	[M + H]+	C19H34O3S	0.0	50.440261902464016	50.440261902464016	0.0	23	0.7503052110775555	0.8469793180376005	5.491807926468904	-8.549868400325446	
3	C14H31NO5S	[M + H3N + H]+	C14H34N2O5S	0.0	42.04234584943256	42.04234584943256	0.0	24	0.75673070744715	3.050774574772177	4.706892748233992	3.1705311133553833	
4	C17H32N3O2S	[M + H]+	C17H32N3O2S	0.0	41.888411894324975	41.888411894324975	0.0	24	0.7567307074471501	1.900438048820223	4.822068463980517	-4.63792910987277	
5	C20H28N3O2	[M + H]+	C20H28N3O2	0.0	39.32208794583148	39.32208794583148	0.0	19	0.6560431793356036	3.610056828959698	5.161047578486651	5.183926275836428	
6	C25H28N	[M + H]+	C25H28N	0.0	31.853030652134095	31.853030652134095	0.0	14	0.6111932146758337	3.8081157495036875	6.36880313043102	-6.5364732378444	
