rank	formulaRank	ConfidenceScore	CSI:FingerIDScore	molecularFormula	adduct	InChIkey2D	InChI	name	smiles	xlogp	pubchemids	links	dbflags
1	1	0.2454504620276508	-315.0765496354482	C30H36O10	[M + Na]+	HWOVOVPIJPKUFP	InChI=1S/C30H36O10/c1-36-25-12-18(5-7-22(25)33)29(35)28(15-32)40-24-9-4-17(11-27(24)38-3)10-20-16-39-30(21(20)14-31)19-6-8-23(34)26(13-19)37-2/h4-9,11-13,20-21,28-35H,10,14-16H2,1-3H3	null	COC1=C(C=CC(=C1)CC2COC(C2CO)C3=CC(=C(C=C3)O)OC)OC(CO)C(C4=CC(=C(C=C4)O)OC)O	2.5999999	101928787	COCONUT:(CNP0158473);KNApSAcK:(42485);Natural Products:(UNPD173816 UNPD87517);PubChem:(101928787);PNC:(LTS0184505 LTS0006233);SuperNatural:(SN00241146 SN00260926)	68722655250
2	1	N/A	-524.8132082050454	C30H36O10	[M + Na]+	SZQZJNSCXOAEEV	InChI=1S/C30H36O10/c1-36-24-14-19(7-8-21(24)34)28-20(16-32)30(11-10-22(35)26(15-30)38-3)29(40-28)27(17-33)39-23-9-6-18(5-4-12-31)13-25(23)37-2/h6-11,13-15,20,27-29,31-34H,4-5,12,16-17H2,1-3H3	null	COC1=C(C=CC(=C1)CCCO)OC(CO)C2C3(C=CC(=O)C(=C3)OC)C(C(O2)C4=CC(=C(C=C4)O)OC)CO	2.4000001	102322684;138112792	COCONUT:(CNP0252711);Natural Products:(UNPD142717);PubChem:(102322684 138112792);PNC:(LTS0210262 LTS0189599);SuperNatural:(SN00228870)	68722655234