rank	molecularFormula	adduct	precursorFormula	ZodiacScore	SiriusScore	TreeScore	IsotopeScore	numExplainedPeaks	explainedIntensity	medianMassErrorFragmentPeaks(ppm)	medianAbsoluteMassErrorFragmentPeaks(ppm)	massErrorPrecursor(ppm)	lipidClass
1	C16H35NO2	[M - H2O + H]+	C16H33NO	0.9999999999999999	32.26019947749314	32.26019947749314	0.0	15	0.46042609559554054	1.5795797431683933	6.943568618781207	-70279.48048186771	
1	C16H33NO	[M + H]+	C16H33NO	0.9999999999999999	32.26019947749314	32.26019947749314	0.0	14	0.46042609559554054	1.5795797431683933	6.943568618781207	1.8217583379279074	
