rank	molecularFormula	adduct	precursorFormula	ZodiacScore	SiriusScore	TreeScore	IsotopeScore	numExplainedPeaks	explainedIntensity	medianMassErrorFragmentPeaks(ppm)	medianAbsoluteMassErrorFragmentPeaks(ppm)	massErrorPrecursor(ppm)	lipidClass
1	C19H34O4	[M + Na]+	C19H34O4	0.9994974874371858	12.660818257435746	9.00054704887058	3.6602712085651663	3	0.23560209424083767	3.819584647502266	3.819584647502266	0.28229834764909306	
2	C17H32N3O3	[M + Na]+	C17H32N3O3	5.025125628140704E-4	4.98054521859801	2.4247368430886107	2.5558083755093994	5	0.3232984293193717	0.4806402195489332	2.7839292100388526	4.126941321763206	
3	C22H32NO	[M + Na]+	C22H32NO	0.0	1.9627138337927241	0.461464678783444	1.5012491550092801	3	0.25916230366492143	-0.9268817512799583	4.10682392527468	-7.391834481365765	
