rank	molecularFormula	adduct	precursorFormula	ZodiacScore	SiriusScore	TreeScore	IsotopeScore	numExplainedPeaks	explainedIntensity	medianMassErrorFragmentPeaks(ppm)	medianAbsoluteMassErrorFragmentPeaks(ppm)	massErrorPrecursor(ppm)	lipidClass
1	C9H10O3	[M + H]+	C9H10O3	0.9959798994974873	3.5	3.5	0.0	1	0.0	NaN	NaN	3.402064800422054	
2	C10H10N	[M + Na]+	C10H10N	0.0020100502512562816	-3.605170185988091	-3.605170185988091	0.0	1	0.0	NaN	NaN	1.7597195434664976	
3	C7H14NO	[M + K]+	C7H14NO	0.0010050251256281408	-3.605170185988091	-3.605170185988091	0.0	1	0.0	NaN	NaN	0.8490399725843369	
4	C7H8N3O2	[M + H]+	C7H8N3O2	0.0010050251256281408	-3.605170185988091	-3.605170185988091	0.0	1	0.0	NaN	NaN	11.438679734974185	
5	C4H12N3O2S	[M + H]+	C4H12N3O2S	0.0	-5.214608098422191	-5.214608098422191	0.0	1	0.0	NaN	NaN	-8.739156324353425	
