rank	formulaRank	ConfidenceScore	CSI:FingerIDScore	molecularFormula	adduct	InChIkey2D	InChI	name	smiles	xlogp	pubchemids	links	dbflags
1	1	N/A	-190.99688677756853	C17H26O4	[M - H2O + H]+	FRQOREGPSMRWBY	InChI=1S/C17H26O4/c1-4-6-7-8-10-13(3)17(19)21-15-11-12-16(18)20-14(15)9-5-2/h5,9,11-15H,4,6-8,10H2,1-3H3	null	CCCCCCC(C)C(=O)OC1C=CC(=O)OC1C=CC	4.5999999	10565749	COCONUT:(CNP0327908);Natural Products:(UNPD134316);PubChem:(10565749);PNC:(LTS0170457 LTS0267022);SuperNatural:(SN00345195)	68722655234
1	1	0.13265405982646164	-138.16019576797228	C17H24O3	[M + H]+	DXXGHDAWCPTRPU	InChI=1S/C17H24O3/c1-16-8-3-9-17(2,15(19)20)14(16)7-4-11-10-12(18)5-6-13(11)16/h10,13-14H,3-9H2,1-2H3,(H,19,20)	(1R,4aR,4bR,10aR)-1,4a-dimethyl-7-oxo-3,4,4b,5,6,9,10,10a-octahydro-2H-phenanthrene-1-carboxylic acid	CC12CCCC(C1CCC3=CC(=O)CCC23)(C)C(=O)O	2.79999995	14705600;14705601;11425873;26183540;38351209;45359578;51655404;56632604;90468204;133562816	COCONUT:(CNP0136246 CNP0253954);Natural Products:(UNPD196139 UNPD55107 UNPD207293);PubChem:(14705600 14705601 11425873 26183540 38351209 45359578 51655404 56632604 90468204 133562816);PNC:(LTS0220927);SuperNatural:(SN00402565 SN00028886 SN00020786 SN00028887 SN00238812);ZINC bio:(ZINC14620030 ZINC31158990 ZINC31158994);Training Set;PubMed	68722679874