rank	molecularFormula	adduct	precursorFormula	ZodiacScore	SiriusScore	TreeScore	IsotopeScore	numExplainedPeaks	explainedIntensity	medianMassErrorFragmentPeaks(ppm)	medianAbsoluteMassErrorFragmentPeaks(ppm)	massErrorPrecursor(ppm)	lipidClass
1	C23H42N3O4	[M + Na]+	C23H42N3O4	0.5412060301507537	35.578248794122466	30.418352818070304	5.159895976052162	22	0.4021129797326433	3.2791788383982077	5.386752408817081	3.963806217530663	
2	C25H44O5	[M + Na]+	C25H44O5	0.45778894472361814	35.586408452815675	29.520233656125914	6.0661747966897615	9	0.18456231134109524	1.3520682908590003	7.012542048018085	0.9621106915066561	
3	C28H42NO2	[M + Na]+	C28H42NO2	0.0010050251256281408	28.93509930564754	24.007725809537256	4.927373496110283	8	0.1705476498490729	0.20972659817995654	6.620449136964908	-5.029449600444639	
