rank	molecularFormula	adduct	precursorFormula	ZodiacScore	SiriusScore	TreeScore	IsotopeScore	numExplainedPeaks	explainedIntensity	medianMassErrorFragmentPeaks(ppm)	medianAbsoluteMassErrorFragmentPeaks(ppm)	massErrorPrecursor(ppm)	lipidClass
1	C13H26O5	[M + K]+	C13H26O5	0.9999999999999999	69.85224020768798	69.85224020768798	0.0	20	0.4615384615384614	-3.1726852871469147	7.112343579474886	2.1510708112877412	
2	C11H24N3O4	[M + K]+	C11H24N3O4	0.0	63.3357756700378	63.3357756700378	0.0	24	0.5207801676995988	1.3980340931027417	6.351098473765334	6.609714105237751	
3	C16H24NO2	[M + K]+	C16H24NO2	0.0	61.74879303819677	61.74879303819677	0.0	19	0.44841414509660943	-4.7969938904995475	7.701149326082151	-6.748642661548541	
4	C14H30S2	[M + K]+	C14H30S2	0.0	-0.706834935878889	-0.706834935878889	0.0	1	0.0	-1.1657637932866198	1.1657637932866198	-0.7347056368422064	
