rank	molecularFormula	adduct	precursorFormula	ZodiacScore	SiriusScore	TreeScore	IsotopeScore	numExplainedPeaks	explainedIntensity	medianMassErrorFragmentPeaks(ppm)	medianAbsoluteMassErrorFragmentPeaks(ppm)	massErrorPrecursor(ppm)	lipidClass
1	C24H42N3O9	[M + Na]+	C24H42N3O9	0.9683417085427137	29.675338028253034	24.30462982206664	5.370708206186393	15	0.4634146341463415	-2.169806086228875	6.668815984937768	5.048911617694295	
2	C26H44O10	[M + Na]+	C26H44O10	0.031658291457286436	26.23288224945962	19.926415780680404	6.306466468779216	10	0.3239760699493788	0.9752647156680856	6.605286760415529	2.559158761326795	
3	C21H44N2O12	[M + Na]+	C21H44N2O12	0.0	21.541205015486767	18.775947411410264	2.765257604076503	12	0.38794293603313396	-0.3413098145316619	6.5360059778194	10.018604320252736	
4	C29H42NO7	[M + Na]+	C29H42NO7	0.0	19.823676391048682	14.416087630694154	5.407588760354528	13	0.3966866083755178	-3.612913155674367	9.694142115018888	-2.4105339412316464	
5	C32H40N2O4	[M + Na]+	C32H40N2O4	0.0	18.173724336366117	16.12412453978151	2.0495997965846073	11	0.3391624482282559	-6.260171823677433	8.582611833462801	-7.3802266435792765	
