rank	molecularFormula	adduct	precursorFormula	ZodiacScore	SiriusScore	TreeScore	IsotopeScore	numExplainedPeaks	explainedIntensity	medianMassErrorFragmentPeaks(ppm)	medianAbsoluteMassErrorFragmentPeaks(ppm)	massErrorPrecursor(ppm)	lipidClass
1	C20H28O4	[M - H2O + H]+	C20H26O3	0.9999999999999999	70.3987861591535	70.3987861591535	0.0	15	0.4975342465753426	-2.698908088685151	5.041042243845153	-57143.75192576075	
2	C15H30N3O3S	[M - H2O + H]+	C15H28N3O2S	0.0	65.49784674224992	65.49784674224992	0.0	21	0.6375342465753426	-2.927953545893193	5.041042243845153	-57150.18745414294	
3	C18H26N3O3	[M - H2O + H]+	C18H24N3O2	0.0	62.70390149959921	62.70390149959921	0.0	16	0.5301369863013701	-2.633986814416536	5.488835373742274	-57139.492068949054	
4	C16H32N2OS2	[M - H2O + H]+	C16H30N2S2	0.0	47.25317688113766	47.25317688113766	0.0	16	0.5358904109589043	3.2660425488545006	5.488835373742274	-57133.74626043475	
