rank	molecularFormula	adduct	precursorFormula	ZodiacScore	SiriusScore	TreeScore	IsotopeScore	numExplainedPeaks	explainedIntensity	medianMassErrorFragmentPeaks(ppm)	medianAbsoluteMassErrorFragmentPeaks(ppm)	massErrorPrecursor(ppm)	lipidClass
1	C20H30O3	[M - H4O2 + H]+	C20H26O	0.9999999999999999	68.00067668605098	65.07322772823011	2.927448957820878	27	0.712602373391275	-1.1328780477368248	6.080758852972663	-127188.0098139436	
1	C20H28O2	[M - H2O + H]+	C20H26O	0.9999999999999999	68.00067668605098	65.07322772823011	2.927448957820878	27	0.712602373391275	-1.1328780477368248	6.080758852972663	-63592.80293049715	
1	C20H26O	[M + H]+	C20H26O	0.9999999999999999	68.00067668605098	65.07322772823011	2.927448957820878	26	0.712602373391275	-1.1328780477368248	6.080758852972663	2.4039529494706633	
2	C18H26N3O	[M - H2O + H]+	C18H24N3	0.0	46.81576431704865	44.84922305629776	1.9665412607508856	26	0.7049139227812132	-0.30811519343504423	6.169635003760282	-63588.06192052563	
2	C18H24N3	[M + H]+	C18H24N3	0.0	46.81576431704865	44.84922305629776	1.9665412607508856	25	0.7049139227812132	-0.30811519343504423	6.169635003760282	7.144962920792575	
2	C18H28N3O2	[M - H4O2 + H]+	C18H24N3	0.0	46.81576431704865	44.84922305629776	1.9665412607508856	26	0.7049139227812132	-0.30811519343504423	6.169635003760282	-127183.26880397226	
