rank	molecularFormula	adduct	precursorFormula	ZodiacScore	SiriusScore	TreeScore	IsotopeScore	numExplainedPeaks	explainedIntensity	medianMassErrorFragmentPeaks(ppm)	medianAbsoluteMassErrorFragmentPeaks(ppm)	massErrorPrecursor(ppm)	lipidClass
1	C16H26O8	[M + Na]+	C16H26O8	0.9040201005025126	25.76619698049821	20.43087922478144	5.335317755716772	8	0.24603294544355442	7.4303994114773815	7.4303994114773815	2.398078742629603	
2	C16H28NO6	[M + K]+	C16H28NO6	0.08442211055276382	25.293649630007693	25.293649630007693	0.0	14	0.33867311470454875	9.105968714561357	9.105968714561357	-5.274146509910806	
3	C19H24NO5	[M + Na]+	C19H24NO5	0.011557788944723618	22.78893297548141	20.289702681945975	2.499230293535433	17	0.39126492368142646	-0.009771524111189043	5.880979295279102	-4.861992058996534	
4	C11H28N3O8	[M + K]+	C11H28N3O8	0.0	13.638893596221116	13.638893596221116	0.0	16	0.29409097778449445	7.099902945565928	7.099902945565928	5.623127454493059	
5	C14H24N3O7	[M + Na]+	C14H24N3O7	0.0	13.575668955365686	9.079208479543883	4.496460475821803	17	0.29832250264470295	5.934964115488546	7.61077836936358	6.035281905407332	
