rank	molecularFormula	adduct	precursorFormula	ZodiacScore	SiriusScore	TreeScore	IsotopeScore	numExplainedPeaks	explainedIntensity	medianMassErrorFragmentPeaks(ppm)	medianAbsoluteMassErrorFragmentPeaks(ppm)	massErrorPrecursor(ppm)	lipidClass
1	C12H26O3	[M + K]+	C12H26O3	0.7381909547738694	3.5	3.5	0.0	1	0.0	NaN	NaN	0.8028950615008973	
2	C10H24N3O2	[M + K]+	C10H24N3O2	0.26180904522613063	1.9358690188115615	1.9358690188115615	0.0	4	0.40638297872340423	-3.0113270036655724	3.0113270036655724	6.024267250829015	
