rank	formulaRank	ConfidenceScore	CSI:FingerIDScore	molecularFormula	adduct	InChIkey2D	InChI	name	smiles	xlogp	pubchemids	links	dbflags
1	1	0.02649177392054154	-302.69038612666264	C18H30O	[M + H3N + H]+	LAEIZWJAQRGPDA	InChI=1S/C18H30O/c1-13-7-8-15-17(4)11-6-10-16(2,3)14(17)9-12-18(15,5)19-13/h7,14-15H,6,8-12H2,1-5H3	Sclareoloxide	CC1=CCC2C3(CCCC(C3CCC2(O1)C)(C)C)C	5.69999981	530432;2755052;7057249;7057250;11065258;11173067;15600011;11846910;101275957;134971319	COCONUT:(CNP0250549);Natural Products:(UNPD24702);PubChem:(530432 2755052 7057249 7057250 11065258 11173067 15600011 11846910 101275957 134971319);PNC:(LTS0107264);SuperNatural:(SN00263052 SN00127626 SN00127627);ZINC bio:(ZINC03851394 ZINC03851396);MeSH:(7057250);PubMed	68722663494