rank	molecularFormula	adduct	precursorFormula	ZodiacScore	SiriusScore	TreeScore	IsotopeScore	numExplainedPeaks	explainedIntensity	medianMassErrorFragmentPeaks(ppm)	medianAbsoluteMassErrorFragmentPeaks(ppm)	massErrorPrecursor(ppm)	lipidClass
1	C24H24O10	[M + Na]+	C24H24O10	0.991959798994975	17.740117698990794	11.568909677235272	6.171208021755521	3	0.28691275167785235	-0.9685684176852458	5.994830492956743	0.62465568285578	
2	C22H22N3O9	[M + Na]+	C22H22N3O9	0.008040201005025126	12.544982990821392	7.104112579815142	5.44087041100625	6	0.5704697986577182	2.940005117036177	2.940005117036177	3.336455722751791	
3	C19H24N2O12	[M + Na]+	C19H24N2O12	0.0	9.527729833886704	6.861688301575893	2.6660415323108113	3	0.28691275167785235	5.582298032090264	5.582298032090264	8.749367624670962	
4	C27H22NO7	[M + Na]+	C27H22NO7	0.0	7.428132033986824	3.154835127788144	4.27329690619868	2	0.1493288590604027	3.998508904211625	3.998508904211625	-4.788256219063391	
