rank	molecularFormula	adduct	precursorFormula	ZodiacScore	SiriusScore	TreeScore	IsotopeScore	numExplainedPeaks	explainedIntensity	medianMassErrorFragmentPeaks(ppm)	medianAbsoluteMassErrorFragmentPeaks(ppm)	massErrorPrecursor(ppm)	lipidClass
1	C23H42O7	[M - H2O + H]+	C23H40O6	0.9949748743718593	59.609303638996366	56.266322623137974	3.342981015858389	22	0.7328990228013029	-0.2513893354496915	6.393930400159899	-43577.02620852457	
2	C27H42O2S	[M - H2O + H]+	C27H40OS	0.0050251256281407045	53.24554661838951	53.24554661838951	0.0	27	0.8060636431971938	1.2779691361275227	4.980265215296651	-43570.97211142613	
3	C24H46O2S2	[M - H2O + H]+	C24H44OS2	0.0	50.65368803949042	50.65368803949042	0.0	22	0.7276371836632424	0.9808975305336565	4.6570503020273515	-43579.128914209155	
4	C21H40N3O6	[M - H2O + H]+	C21H38N3O5	0.0	50.348550346328715	47.90434370547538	2.4442066408533396	24	0.7722375344525182	-0.18455098951936516	3.508388751199803	-43573.77744176517	
5	C26H40NO4	[M - H2O + H]+	C26H38NO3	0.0	49.021580037558365	46.208330409116165	2.8132496284421986	20	0.6835379604109245	0.9808975305336565	6.1306410139394725	-43583.51093748654	
6	C22H44N3OS2	[M - H2O + H]+	C22H42N3S2	0.0	44.8644995300199	44.8644995300199	0.0	25	0.7206213981458282	1.2779691361275227	4.980265215296651	-43575.88014744975	
