rank	molecularFormula	adduct	precursorFormula	ZodiacScore	SiriusScore	TreeScore	IsotopeScore	numExplainedPeaks	explainedIntensity	medianMassErrorFragmentPeaks(ppm)	medianAbsoluteMassErrorFragmentPeaks(ppm)	massErrorPrecursor(ppm)	lipidClass
1	C34H66N2O3S	[M - H2O + H]+	C34H64N2O2S	0.6954773869346734	9.588027105530019	9.588027105530019	0.0	9	0.1426864244741874	2.7479087934961104	2.7479087934961104	-31842.408897410107	
2	C35H66O6	[M - H2O + H]+	C35H64O5	0.18442211055276383	9.031462873319354	9.031462873319354	0.0	5	0.0607074569789675	-4.150198833873758	4.150198833873758	-31853.94751064494	
3	C42H62O	[M - H2O + H]+	C42H60	0.0899497487437186	8.390811012580077	8.390811012580077	0.0	3	0.033460803059273424	7.379575720392441	7.379575720392441	-31843.561248513306	
4	C33H64N3O5	[M - H2O + H]+	C33H62N3O4	0.01909547738693467	6.66895623210035	6.66895623210035	0.0	6	0.08365200764818356	-1.6073343842969288	1.6073343842969288	-31851.573097803546	
5	C39H66OS	[M - H2O + H]+	C39H64S	0.01105527638190955	5.91166170705299	5.91166170705299	0.0	5	0.07743785850860421	0.017193089079783175	0.7616910011268867	-31849.522777520524	
6	C36H70OS2	[M - H2O + H]+	C36H68S2	0.0	0.3871866979517433	0.3871866979517433	0.0	4	0.059990439770554495	-0.40859983779802134	1.0803959862961858	-31855.484306527735	
7	C38H64NO3	[M - H2O + H]+	C38H62NO2	0.0	-4.564519516782129	-4.564519516782129	0.0	2	0.0	-8.721214900552361	8.721214900552361	-31858.68697791376	
