rank	molecularFormula	adduct	precursorFormula	ZodiacScore	SiriusScore	TreeScore	IsotopeScore	numExplainedPeaks	explainedIntensity	medianMassErrorFragmentPeaks(ppm)	medianAbsoluteMassErrorFragmentPeaks(ppm)	massErrorPrecursor(ppm)	lipidClass
1	C20H30O4	[M + Na]+	C20H30O4	0.9999999999999999	93.99172457370821	93.99172457370821	0.0	23	0.5413896493286406	7.424318365881976	8.573771479600344	2.4566671690276443	
2	C17H34O4S	[M + Na]+	C17H34O4S	0.0	89.66226724611892	89.66226724611892	0.0	29	0.6314691695997918	-0.1273320973149594	7.002342049156402	-6.980862110581622	
3	C15H32N3O3S	[M + Na]+	C15H32N3O3S	0.0	83.37408886896809	83.37408886896809	0.0	31	0.6608004171555212	6.275387667328798	7.02702043249893	-3.221995771802268	
4	C18H28N3O3	[M + Na]+	C18H28N3O3	0.0	75.24536342332182	75.24536342332182	0.0	24	0.5559900925563813	5.806327681709855	6.340819439735993	6.215533507966132	
5	C23H28NO	[M + Na]+	C23H28NO	0.0	68.21191109333859	68.21191109333859	0.0	19	0.49797940294616105	3.2450324407703857	6.275387667328798	-5.046250466171885	
