rank	molecularFormula	adduct	precursorFormula	ZodiacScore	SiriusScore	TreeScore	IsotopeScore	numExplainedPeaks	explainedIntensity	medianMassErrorFragmentPeaks(ppm)	medianAbsoluteMassErrorFragmentPeaks(ppm)	massErrorPrecursor(ppm)	lipidClass
1	C28H56O10	[M - H4O2 + H]+	C28H52O8	0.550251256281407	112.70868483749524	107.73533016697789	4.973354670517357	29	0.6830007244945003	0.34973474065255594	4.560468498319013	-69627.3421589972	
2	C26H54O8	[M + Na]+	C26H54O8	0.4462311557788945	112.25495901405769	105.95461815746613	6.300340856591561	28	0.6830007244945003	0.861648408235443	4.560468498319013	0.6526843347563409	
3	C26H54N3O9	[M - H4O2 + H]+	C26H50N3O7	0.003517587939698493	107.4645389028027	101.4958440173189	5.968694885483793	29	0.6830007244945003	0.34973474065255594	4.560468498319013	-69624.74695576467	
4	C24H52N3O7	[M + Na]+	C24H52N3O7	0.0	104.11768442668506	98.47562064917207	5.642063777512995	28	0.6830007244945003	1.6681175307968532	4.560468498319013	3.2478875672954723	
5	C29H52NO5	[M + Na]+	C29H52NO5	0.0	101.55692136374256	97.51266764146311	4.04425372227945	29	0.699334782322334	0.9296467806623562	4.6031518999439465	-4.527493502341432	
6	C31H54NO7	[M - H4O2 + H]+	C31H50NO5	0.0	99.6677496067919	98.57751613706614	1.0902334697257539	30	0.699334782322334	0.9296467806623562	5.145785689944198	-69632.5223368343	
