rank	molecularFormula	adduct	precursorFormula	ZodiacScore	SiriusScore	TreeScore	IsotopeScore	numExplainedPeaks	explainedIntensity	medianMassErrorFragmentPeaks(ppm)	medianAbsoluteMassErrorFragmentPeaks(ppm)	massErrorPrecursor(ppm)	lipidClass
1	C20H22O3	[M + H]+	C20H22O3	0.9999999999999999	88.61169061356787	88.61169061356787	0.0	35	0.7761879945041927	-1.6386311467732069	5.487050655674128	2.1253549580216884	
2	C12H26N2O5S	[M + H]+	C12H26N2O5S	0.0	69.7126247744085	69.7126247744085	0.0	45	0.8626522006917132	-0.14783809196965128	4.785076888926591	4.219524775039965	
3	C17H26O3S	[M + H]+	C17H26O3S	0.0	65.431011528275	65.431011528275	0.0	34	0.7691997915383519	-1.452588392266206	5.331100298957427	-8.708542865488884	
4	C18H20N3O2	[M + H]+	C18H20N3O2	0.0	63.86661731493894	63.86661731493894	0.0	38	0.820557161131378	-1.2289088015742813	5.331100298957427	6.440379859142294	
5	C15H24N3O2S	[M + H]+	C15H24N3O2S	0.0	45.76150995255788	45.76150995255788	0.0	32	0.7540863220732454	-1.2289088015742813	5.331100298957427	-4.393517964368279	
6	C23H20N	[M + H]+	C23H20N	0.0	45.52715075460189	45.52715075460189	0.0	30	0.7416260008527973	-1.2289088015742813	5.64300101239083	-6.487687781386556	
7	C13H30N2S3	[M + H]+	C13H30N2S3	0.0	21.03460817709702	21.03460817709702	0.0	26	0.5707348273084758	-0.9967729536340516	5.852474857392596	1.4267027409983963	
