rank	molecularFormula	adduct	precursorFormula	ZodiacScore	SiriusScore	TreeScore	IsotopeScore	numExplainedPeaks	explainedIntensity	medianMassErrorFragmentPeaks(ppm)	medianAbsoluteMassErrorFragmentPeaks(ppm)	massErrorPrecursor(ppm)	lipidClass
1	C31H46O4	[M - H4O2 + H]+	C31H42O2	0.9778894472361811	42.06715183699826	37.94068270751664	4.126469129481621	9	0.5807814149947204	3.7094380498939206	6.2265775141519315	-80530.61093642427	
2	C29H44O2	[M + Na]+	C29H44O2	0.013065326633165831	37.43552105789532	31.2805084238337	6.1550126340616185	8	0.5807814149947204	3.7094380498939206	6.2265775141519315	0.6460904544975101	
3	C26H46N2O6	[M - H4O2 + H]+	C26H42N2O4	0.0065326633165829154	39.396694975801736	33.59513255655051	5.801562419251223	13	0.8405491024287223	-6.218800867003129	6.595183245601213	-80521.61798448276	
4	C24H44N2O4	[M + Na]+	C24H44N2O4	0.0025125628140703522	38.069315405556566	34.16419097385859	3.9051244316979745	11	0.7571277719112989	3.9466303840925847	5.939929918996656	9.63904239587921	
5	C23H48NO9	[M - H4O2 + H]+	C23H44NO7	0.0	33.234705916731315	29.955958789347402	3.2787471273839133	11	0.7001055966209082	3.7094380498939206	6.2265775141519315	-80515.62662664222	
6	C29H44N3O3	[M - H4O2 + H]+	C29H40N3O	0.0	32.49555120442084	26.88606690511149	5.609484299309351	9	0.5807814149947204	3.7094380498939206	6.2265775141519315	-80527.60934232357	
7	C27H42N3O	[M + Na]+	C27H42N3O	0.0	31.437439119743694	25.521256620175915	5.916182499567777	8	0.5807814149947204	3.7094380498939206	6.2265775141519315	3.6476845551993504	
