rank	formulaRank	ConfidenceScore	CSI:FingerIDScore	molecularFormula	adduct	InChIkey2D	InChI	name	smiles	xlogp	pubchemids	links	dbflags
1	1	0.06297705531612496	-174.97398192943066	C31H46O4	[M - H4O2 + H]+	BJEOOTAJBFPONF	InChI=1S/C31H46O4/c1-19(17-21(32)18-20(2)27(34)35-8)22-11-15-31(7)24-9-10-25-28(3,4)26(33)13-14-29(25,5)23(24)12-16-30(22,31)6/h9,18-19,22-23,25H,10-17H2,1-8H3	methyl (E,6R)-2-methyl-4-oxo-6-[(5R,9S,10R,13R,14R,17R)-4,4,10,13,14-pentamethyl-3-oxo-1,2,5,6,9,11,12,15,16,17-decahydrocyclopenta[a]phenanthren-17-yl]hept-2-enoate	CC(CC(=O)C=C(C)C(=O)OC)C1CCC2(C1(CCC3C2=CCC4C3(CCC(=O)C4(C)C)C)C)C	6.5	13820723	COCONUT:(CNP0182824);Natural Products:(UNPD71811);PubChem:(13820723);PNC:(LTS0123410 LTS0054755);SuperNatural:(SN00236429)	68722655234
2	1	N/A	-193.0978517221622	C31H46O4	[M - H4O2 + H]+	FZAFSGBCIKDMLL	InChI=1S/C31H46O4/c1-19(27(33)34)17-21(32)18-20(2)30(6)15-12-24-22-9-10-25-28(3,4)26(35-8)13-14-29(25,5)23(22)11-16-31(24,30)7/h9,12,17,20,23,25-26H,10-11,13-16,18H2,1-8H3,(H,33,34)	null	CC(CC(=O)C=C(C)C(=O)O)C1(CC=C2C1(CCC3C2=CCC4C3(CCC(C4(C)C)OC)C)C)C	6.51338911	""	COCONUT:(CNP0298985);Natural Products:(UNPD63099);PNC:(LTS0196737);SuperNatural:(SN00235030)	68722655232
3	1	N/A	-207.94652559864394	C31H46O4	[M - H4O2 + H]+	UQIDCFKBXJICNK	InChI=1S/C31H46O4/c1-19(17-21(32)18-20(2)27(34)35-8)22-11-15-31(7)24-9-10-25-28(3,4)26(33)13-14-29(25,5)23(24)12-16-30(22,31)6/h9,19,22-23,25H,2,10-18H2,1,3-8H3	Methyl ester of (9b)-3,23-dioxo-7,25(27)-lanostadien-26-oic acid	CC(CC(=O)CC(=C)C(=O)OC)C1CCC2(C1(CCC3C2=CCC4C3(CCC(=O)C4(C)C)C)C)C	6.4000001	629798;13820730	COCONUT:(CNP0185638);Natural Products:(UNPD172926);PubChem:(629798 13820730);PNC:(LTS0000138);SuperNatural:(SN00340213)	68722655234
1	4	N/A	-235.16469001102595	C29H44O2	[M + Na]+	SKHNEXWRHKHJFZ	InChI=1S/C29H44O2/c1-9-20-17-27(6)22-13-15-28(7)21(18(2)16-19(3)30)12-14-29(28,8)23(22)10-11-24(27)26(4,5)25(20)31/h9-10,18,21-22,24H,11-17H2,1-8H3	(2E,5R,9S,10R,13R,14R,17R)-2-ethylidene-4,4,10,13,14-pentamethyl-17-[(2R)-4-oxopentan-2-yl]-5,6,9,11,12,15,16,17-octahydro-1H-cyclopenta[a]phenanthren-3-one	CC=C1CC2(C3CCC4(C(CCC4(C3=CCC2C(C1=O)(C)C)C)C(C)CC(=O)C)C)C	6.80000019	21574782;21574783	COCONUT:(CNP0260017);Natural Products:(UNPD192078);PubChem:(21574782 21574783);PNC:(LTS0133482 LTS0087433);SuperNatural:(SN00307515)	68722655234