rank	molecularFormula	adduct	precursorFormula	ZodiacScore	SiriusScore	TreeScore	IsotopeScore	numExplainedPeaks	explainedIntensity	medianMassErrorFragmentPeaks(ppm)	medianAbsoluteMassErrorFragmentPeaks(ppm)	massErrorPrecursor(ppm)	lipidClass
1	C11H18O2	[M + H]+	C11H18O2	0.9095477386934674	3.2588516936999414	3.2588516936999414	0.0	1	0.0	2.968965615966419	2.968965615966419	2.7476295639681685	
2	C9H22N	[M + K]+	C9H22N	0.08944723618090453	0.9521453548562228	0.9521453548562228	0.0	1	0.0	0.6399304868593017	0.6399304868593017	0.4185939193600804	
3	C9H16N3O	[M + H]+	C9H16N3O	0.0010050251256281408	-4.667717084184158	-4.667717084184158	0.0	1	0.0	10.300487933818323	10.300487933818323	10.079153504555096	
