rank	molecularFormula	adduct	precursorFormula	ZodiacScore	SiriusScore	TreeScore	IsotopeScore	numExplainedPeaks	explainedIntensity	medianMassErrorFragmentPeaks(ppm)	medianAbsoluteMassErrorFragmentPeaks(ppm)	massErrorPrecursor(ppm)	lipidClass
1	C20H30O3	[M + Na]+	C20H30O3	0.9999999999999999	97.36562098945285	93.93634389496759	3.429277094485256	30	0.69670300801261	2.795690274382628	3.637427277309718	0.6019097688471109	
2	C22H32O5	[M - H4O2 + H]+	C22H28O3	0.0	93.1677827999391	91.76897958465389	1.3988032152852143	27	0.6236700380927359	-0.9870751388881609	4.621997832507368	-105575.57986557996	
3	C17H32N2O7	[M - H4O2 + H]+	C17H28N2O5	0.0	86.0380647270468	83.45393000161195	2.5841347254348523	33	0.7383423092079336	3.3173691846601443	5.729682576258583	-105563.79013866009	
4	C18H28N3O2	[M + Na]+	C18H28N3O2	0.0	83.35186903342442	80.73173918537434	2.620129848050084	31	0.7250755287009062	2.9385469668934494	4.30100367723137	4.536988595101195	
5	C20H30N3O4	[M - H4O2 + H]+	C20H26N3O2	0.0	77.6457784870718	74.85473998163025	2.7910385054415463	28	0.6386444240115592	-1.318916472542592	3.696191402426839	-105571.6447867537	
6	C23H28N	[M + Na]+	C23H28N	0.0	56.61659219920193	56.418410969336925	0.19818122986500653	24	0.6316826481019309	2.6854294576847426	3.9985975398291047	-7.252738324762938	
