rank	molecularFormula	adduct	precursorFormula	ZodiacScore	SiriusScore	TreeScore	IsotopeScore	numExplainedPeaks	explainedIntensity	medianMassErrorFragmentPeaks(ppm)	medianAbsoluteMassErrorFragmentPeaks(ppm)	massErrorPrecursor(ppm)	lipidClass
1	C30H44O2	[M + Na]+	C30H44O2	0.9994974874371858	9.12664119683323	3.5	5.62664119683323	1	0.0	NaN	NaN	2.5108452429775223	
2	C28H42N3O	[M + Na]+	C28H42N3O	5.025125628140704E-4	1.5408906479540363	-3.605170185988091	5.146060833942127	1	0.0	NaN	NaN	5.434016087210649	
3	C21H46N3O6	[M + Na]+	C21H46N3O6	0.0	-1.2861685116271317	-3.7504831941130314	2.4643146824858997	1	0.0	NaN	NaN	-7.352647678167583	
