rank	molecularFormula	adduct	precursorFormula	ZodiacScore	SiriusScore	TreeScore	IsotopeScore	numExplainedPeaks	explainedIntensity	medianMassErrorFragmentPeaks(ppm)	medianAbsoluteMassErrorFragmentPeaks(ppm)	massErrorPrecursor(ppm)	lipidClass
1	C19H28O4	[M - H4O2 + H]+	C19H24O2	0.9999999999999999	123.6749959042958	120.5296922241582	3.1453036801376064	24	0.5912662975531345	0.9754160432826102	6.942723041110426	-126307.19686711696	
1	C19H26O3	[M - H2O + H]+	C19H24O2	0.9999999999999999	123.6749959042958	120.5296922241582	3.1453036801376064	24	0.5912662975531345	0.9754160432826102	6.942723041110426	-63153.25092418729	
1	C19H24O2	[M + H]+	C19H24O2	0.9999999999999999	123.6749959042958	120.5296922241582	3.1453036801376064	23	0.5912662975531345	0.9754160432826102	6.942723041110426	0.6950187422038018	
2	C17H22N3O	[M + H]+	C17H22N3O	0.0	97.89086175379249	94.83875942087113	3.0521023329213577	22	0.5849258796213609	1.4670786314374982	6.180208352820745	5.403132798742325	
2	C17H26N3O3	[M - H4O2 + H]+	C17H22N3O	0.0	97.89086175379249	94.83875942087113	3.0521023329213577	23	0.5849258796213609	1.4670786314374982	6.180208352820745	-126302.48875306043	
2	C17H24N3O2	[M - H2O + H]+	C17H22N3O	0.0	97.89086175379249	94.83875942087113	3.0521023329213577	23	0.5849258796213609	1.4670786314374982	6.180208352820745	-63148.542810130944	
