rank	molecularFormula	adduct	precursorFormula	ZodiacScore	SiriusScore	TreeScore	IsotopeScore	numExplainedPeaks	explainedIntensity	medianMassErrorFragmentPeaks(ppm)	medianAbsoluteMassErrorFragmentPeaks(ppm)	massErrorPrecursor(ppm)	lipidClass
1	C18H28O3	[M + H]+	C18H28O3	0.9999999999999999	94.4309928888599	94.4309928888599	0.0	38	0.8644754615038273	0.5586266490578095	4.469890847505051	1.373105382811583	
1	C18H30O4	[M - H2O + H]+	C18H28O3	0.9999999999999999	94.4309928888599	94.4309928888599	0.0	39	0.8644754615038273	0.5586266490578095	4.469890847505051	-61423.78662044738	
2	C21H28NO	[M - H2O + H]+	C21H26N	0.0	76.88857841927762	76.88857841927762	0.0	36	0.840203020752323	0.5352017908306583	4.676900590737276	-61432.927038822105	
2	C21H26N	[M + H]+	C21H26N	0.0	76.88857841927762	76.88857841927762	0.0	35	0.840203020752323	0.5352017908306583	4.676900590737276	-7.767312992104428	
3	C16H28N3O3	[M - H2O + H]+	C16H26N3O2	0.0	70.14808789810003	70.14808789810003	0.0	37	0.8506405795915031	3.7094380498939206	4.987510863256124	-61419.20738705805	
3	C16H26N3O2	[M + H]+	C16H26N3O2	0.0	70.14808789810003	70.14808789810003	0.0	36	0.8506405795915031	3.7094380498939206	4.987510863256124	5.952338771955628	
4	C13H30N3O2S	[M + H]+	C13H30N3O2S	0.0	68.35520040133103	68.35520040133103	0.0	32	0.8219065940812905	0.5586266490578095	5.416796980988976	-5.544917393188214	
4	C13H32N3O3S	[M - H2O + H]+	C13H30N3O2S	0.0	68.35520040133103	68.35520040133103	0.0	33	0.8219065940812905	0.5586266490578095	5.416796980988976	-61430.70464322357	
