rank	molecularFormula	adduct	precursorFormula	ZodiacScore	SiriusScore	TreeScore	IsotopeScore	numExplainedPeaks	explainedIntensity	medianMassErrorFragmentPeaks(ppm)	medianAbsoluteMassErrorFragmentPeaks(ppm)	massErrorPrecursor(ppm)	lipidClass
1	C20H36O6	[M + Na]+	C20H36O6	0.9030150753768844	4.499485679818706	4.317526895964395	0.18195878385431086	3	0.10923623445825931	0.9959630322199713	4.652058009894608	0.8448889451584795	
2	C21H40O2S	[M + K]+	C21H40O2S	0.042713567839195984	1.9473567358493085	1.9473567358493085	0.0	4	0.16074600355239785	-1.1654325966448291	7.022117116736157	6.790510793567872	
3	C18H34N3O5	[M + Na]+	C18H34N3O5	0.04120603015075377	1.292452622093374	0.9746172569070071	0.317835365186367	4	0.15541740674955595	2.4450783773605433	4.965503220760093	4.242018471934027	
4	C21H40OS2	[M + Na]+	C21H40OS2	0.007035175879396987	0.3365766264663417	0.3365766264663417	0.0	3	0.1003552397868561	2.5282948746183216	3.1197261674962578	-1.353841864577531	
5	C24H36OS	[M + Na]+	C24H36OS	0.005527638190954774	-0.4553077770654921	-0.4553077770654921	0.0	3	0.1003552397868561	2.5282948746183216	3.1197261674962578	7.175460985419859	
6	C20H38NO4	[M + K]+	C20H38NO4	5.025125628140704E-4	-3.605170185988091	-3.605170185988091	0.0	1	0.0	NaN	NaN	-6.320930992734789	
7	C23H34NO3	[M + Na]+	C23H34NO3	0.0	-3.605170185988091	-3.605170185988091	0.0	1	0.0	NaN	NaN	-5.9359808008828026	
8	C19H38N3S2	[M + Na]+	C19H38N3S2	0.0	-5.583383833153632	-5.583383833153632	0.0	1	0.0	NaN	NaN	2.0432876621980163	
