rank	molecularFormula	adduct	precursorFormula	ZodiacScore	SiriusScore	TreeScore	IsotopeScore	numExplainedPeaks	explainedIntensity	medianMassErrorFragmentPeaks(ppm)	medianAbsoluteMassErrorFragmentPeaks(ppm)	massErrorPrecursor(ppm)	lipidClass
1	C24H38O	[M - H2O + H]+	C24H36	0.9733668341708545	92.38545612843129	92.38545612843129	0.0	22	0.6635195960039519	-0.25854444107282726	6.797277579834549	-55365.94902876675	
1	C24H36	[M + H]+	C24H36	0.9733668341708545	92.38545612843129	92.38545612843129	0.0	21	0.6635195960039519	-0.25854444107282726	6.797277579834549	1.8401724279596847	
2	C21H40S	[M + H]+	C21H40S	0.02663316582914573	84.19649443656988	84.19649443656988	0.0	25	0.7327917444285869	-3.051514966879974	6.797277579834549	-8.523295222863533	
2	C21H42OS	[M - H2O + H]+	C21H40S	0.02663316582914573	84.19649443656988	84.19649443656988	0.0	26	0.7327917444285869	-3.051514966879974	6.797277579834549	-55376.31249641757	
