rank	molecularFormula	adduct	precursorFormula	ZodiacScore	SiriusScore	TreeScore	IsotopeScore	numExplainedPeaks	explainedIntensity	medianMassErrorFragmentPeaks(ppm)	medianAbsoluteMassErrorFragmentPeaks(ppm)	massErrorPrecursor(ppm)	lipidClass
1	C16H30NO3S	[M + H]+	C16H30NO3S	0.9999999999999999	85.37383677939256	85.37383677939256	0.0	37	0.833108080435762	2.174374129531297	4.621340151926859	5.276007793928141	
1	C16H32NO4S	[M - H2O + H]+	C16H30NO3S	0.9999999999999999	85.37383677939256	85.37383677939256	0.0	38	0.833108080435762	2.174374129531297	4.621340151926859	-56773.91962818465	
2	C19H30N2OS	[M - H2O + H]+	C19H28N2S	0.0	85.36788882590976	85.36788882590976	0.0	32	0.7900369960819649	1.75344920177251	4.621340151926859	-56782.36870028147	
2	C19H28N2S	[M + H]+	C19H28N2S	0.0	85.36788882590976	85.36788882590976	0.0	31	0.7900369960819649	1.75344920177251	4.621340151926859	-3.1730643028888106	
3	C22H24N2	[M + H]+	C22H24N2	0.0	85.12556638260959	85.12556638260959	0.0	31	0.7900369960819649	1.75344920177251	4.621340151926859	7.454583390702103	
3	C22H26N2O	[M - H2O + H]+	C22H24N2	0.0	85.12556638260959	85.12556638260959	0.0	32	0.7900369960819649	1.75344920177251	4.621340151926859	-56771.74105258788	
4	C17H30N2S	[M + Na]+	C17H30N2S	0.0	78.3791812236618	78.3791812236618	0.0	31	0.7900369960819649	1.75344920177251	4.621340151926859	4.410986057832393	
5	C13H30N2O5	[M + Na]+	C13H30N2O5	0.0	76.38305443782332	76.38305443782332	0.0	34	0.7909243559814884	3.0937826731674765	4.626026337692886	-3.47700789965987	
