rank	molecularFormula	adduct	precursorFormula	ZodiacScore	SiriusScore	TreeScore	IsotopeScore	numExplainedPeaks	explainedIntensity	medianMassErrorFragmentPeaks(ppm)	medianAbsoluteMassErrorFragmentPeaks(ppm)	massErrorPrecursor(ppm)	lipidClass
1	C41H84O13	[M + Na]+	C41H84O13	0.9974874371859297	38.88579403251287	30.93252354251623	7.9532704899966395	26	0.5672363196961849	-2.153322461551904	3.4898880483759545	-0.0244947919708507	
2	C39H82N3O12	[M + Na]+	C39H82N3O12	0.0025125628140703522	33.21839364749664	24.74797977997393	8.470413867522707	27	0.5812187122389089	-1.7452253209455704	4.2821512729270665	1.6381062448638062	
3	C44H82NO10	[M + Na]+	C44H82NO10	0.0	26.228858428150012	21.29010931796101	4.9387491101890015	25	0.5199378560331432	-6.4085042986223355	7.003345825071977	-3.343143958128608	
