rank	molecularFormula	adduct	precursorFormula	ZodiacScore	SiriusScore	TreeScore	IsotopeScore	numExplainedPeaks	explainedIntensity	medianMassErrorFragmentPeaks(ppm)	medianAbsoluteMassErrorFragmentPeaks(ppm)	massErrorPrecursor(ppm)	lipidClass
1	C20H28O2	[M + H]+	C20H28O2	0.9999999999999999	115.31099271613364	115.31099271613364	0.0	35	0.8976919790788699	2.666344085601118	4.114181423819975	2.0856633830428692	
2	C18H26N3O	[M + H]+	C18H26N3O	0.0	76.984352856797	76.984352856797	0.0	31	0.8810890071699902	3.5008211573786854	4.114181423819975	6.543196444858388	
3	C17H32O2S	[M + H]+	C17H32O2S	0.0	75.63268590205719	75.63268590205719	0.0	28	0.8652018796688644	2.32316663971088	4.0029371009596275	-9.106035121882003	
4	C15H30N3OS	[M + H]+	C15H30N3OS	0.0	72.64860604958655	72.64860604958655	0.0	28	0.8652018796688644	2.32316663971088	4.0029371009596275	-4.648502060255196	
