rank	formulaRank	ConfidenceScore	CSI:FingerIDScore	molecularFormula	adduct	InChIkey2D	InChI	name	smiles	xlogp	pubchemids	links	dbflags
1	1	0.13072692808948888	-115.64985592815515	C20H28O2	[M + H]+	NFWKVWVWBFBAOV	InChI=1S/C20H28O2/c1-13(2)14-6-8-16-15(12-14)7-9-17-19(16,3)10-5-11-20(17,4)18(21)22/h6,8,12-13,17H,5,7,9-11H2,1-4H3,(H,21,22)	Oprea1_166992	CC(C)C1=CC2=C(C=C1)C3(CCCC(C3CC2)(C)C(=O)O)C	5.5999999	510087;15618;21235;94391;1761728;1761729;1201531;7075028;7075029;7075030;7154523;7154524;5316430;6552012;6570088;10733171;6989758;6989759;12302256;10017708;19019009;25203731;71235038;122490669	HMDB:(61925);PubChem class - food;PNC:(LTS0267608 LTS0034017);SuperNatural:(SN00303715 SN00314666 SN00357126 SN00006728 SN00009678 SN00308720 SN00350079 SN00006727 SN00238891 SN00002038);ZINC bio:(ZINC01506211 ZINC02106696 ZINC04023706 ZINC04023707 ZINC04256342 ZINC05447546);additional;MeSH:(15618 94391 1201531 5316430 7075030 10017708);Plantcyc:(CPD-8725);PubMed;NORMAN:(NS00010328);COCONUT:(CNP0086007 CNP0192451);KNApSAcK:(42455);Natural Products:(UNPD90867 UNPD18524 UNPD185121 UNPD75531 UNPD126127 UNPD21395);PubChem:(510087 15618 21235 94391 1761728 1761729 1201531 7075028 7075029 7075030 7154523 7154524 5316430 6552012 6570088 10733171 6989758 6989759 12302256 10017708 19019009 25203731 71235038 122490669);CHEBI:(58621 29571);PubChem class - bio and metabolites;KEGG:(C12078);PubChem class - safety and toxic;YMDB:(2310);Training Set;Biocyc:(CPD-8725)	68941769086
2	1	N/A	-185.3944977443818	C20H28O2	[M + H]+	PRZSMDYEVUSNJM	InChI=1S/C20H28O2/c1-13(2)14-6-7-16-15(10-14)17(22)11-18-19(3,12-21)8-5-9-20(16,18)4/h6-7,10,13,18,21H,5,8-9,11-12H2,1-4H3	7-oxodehydroabietinol	CC(C)C1=CC2=C(C=C1)C3(CCCC(C3CC2=O)(C)CO)C	4.5999999	10870318;15715176;85296036	COCONUT:(CNP0292054);Natural Products:(UNPD14289);PubChem:(10870318 15715176 85296036);PNC:(LTS0127150 LTS0151331);SuperNatural:(SN00398501);PubMed	68722655298
3	1	N/A	-230.45886493576185	C20H28O2	[M + H]+	IQHBZJPFGJKKJI	InChI=1S/C20H28O2/c1-18(2,22)15-7-8-16-14(12-15)6-9-17-19(3,13-21)10-5-11-20(16,17)4/h6-9,12,17,21-22H,5,10-11,13H2,1-4H3	null	CC1(CCCC2(C1C=CC3=C2C=CC(=C3)C(C)(C)O)C)CO	4.0	46909882	COCONUT:(CNP0242290);Natural Products:(UNPD199734);PubChem:(46909882);PNC:(LTS0057168);SuperNatural:(SN00162415)	68722655234