rank	molecularFormula	adduct	precursorFormula	ZodiacScore	SiriusScore	TreeScore	IsotopeScore	numExplainedPeaks	explainedIntensity	medianMassErrorFragmentPeaks(ppm)	medianAbsoluteMassErrorFragmentPeaks(ppm)	massErrorPrecursor(ppm)	lipidClass
1	C19H26O	[M - H2O + H]+	C19H24	0.9999999999999999	55.38907280729854	55.38907280729854	0.0	21	0.7474928902858852	1.070358475423045	2.358475134128417	-71131.93825326263	
1	C19H24	[M + H]+	C19H24	0.9999999999999999	55.38907280729854	55.38907280729854	0.0	20	0.7474928902858852	1.070358475423045	2.358475134128417	1.1359835594351726	
2	C14H30S	[M + Na]+	C14H30S	0.0	19.649854223374646	19.649854223374646	0.0	16	0.5528613481015815	-4.842247045635924	5.77373935698175	-2.67704042938702	
