rank	molecularFormula	adduct	precursorFormula	ZodiacScore	SiriusScore	TreeScore	IsotopeScore	numExplainedPeaks	explainedIntensity	medianMassErrorFragmentPeaks(ppm)	medianAbsoluteMassErrorFragmentPeaks(ppm)	massErrorPrecursor(ppm)	lipidClass
1	C26H56N3O6	[M + Na]+	C26H56N3O6	0.9999999999999999	117.26610109062122	111.63735455095302	5.628746539668195	30	0.7053425518541798	0.16395271844810771	3.7333307356688623	3.558416041330563	
2	C28H58O7	[M + Na]+	C28H58O7	0.0	100.88683598027976	95.32065955746833	5.566176422811426	23	0.6145820238843495	0.1804596537004917	2.761521800313966	1.022217194093606	
3	C31H56NO4	[M + Na]+	C31H56NO4	0.0	97.82701802277079	95.04996179061267	2.7770562321581203	29	0.6917661847894406	-0.010981726548178796	3.749703023767648	-4.040184429444484	
4	C34H54N2O	[M + Na]+	C34H54N2O	0.0	92.76917493580933	92.76917493580933	0.0	26	0.6491514770584538	0.06823202832377245	3.0756681517283377	-9.102586052767832	
