rank	molecularFormula	adduct	precursorFormula	ZodiacScore	SiriusScore	TreeScore	IsotopeScore	numExplainedPeaks	explainedIntensity	medianMassErrorFragmentPeaks(ppm)	medianAbsoluteMassErrorFragmentPeaks(ppm)	massErrorPrecursor(ppm)	lipidClass
1	C32H66O9	[M + Na]+	C32H66O9	0.9999999999999999	111.9205511707841	105.91138700081655	6.009164169967553	37	0.7105446033429649	-0.23157859981823659	4.088119034647079	1.0365484895939523	
2	C30H64N3O8	[M + Na]+	C30H64N3O8	0.0	103.83255587509781	97.85253435726463	5.980021517833178	37	0.7105446033429649	-0.23157859981823659	4.088119034647079	3.2110744768577253	
3	C35H64NO6	[M + Na]+	C35H64NO6	0.0	102.305036573162	98.68177027168606	3.6232663014759314	37	0.7105446033429649	-1.6763116317261335	4.088119034647079	-3.3039328970587216	
