rank	molecularFormula	adduct	precursorFormula	ZodiacScore	SiriusScore	TreeScore	IsotopeScore	numExplainedPeaks	explainedIntensity	medianMassErrorFragmentPeaks(ppm)	medianAbsoluteMassErrorFragmentPeaks(ppm)	massErrorPrecursor(ppm)	lipidClass
1	C7H4N3O2	[M - H2O + H]+	C7H2N3O	0.5497487437185931	0.9337426610295738	0.9337426610295738	0.0	3	0.08119658119658119	6.390344064332406	6.390344064332406	-124173.83315144312	
1	C7H2N3O	[M + H]+	C7H2N3O	0.5497487437185931	0.9337426610295738	0.9337426610295738	0.0	2	0.08119658119658119	6.390344064332406	6.390344064332406	12.256947810196575	
2	C9H4O2	[M + H]+	C9H4O2	0.4130653266331658	3.5	3.5	0.0	1	0.0	NaN	NaN	2.9988995965312766	
3	C2H8N3OS	[M + Na]+	C2H8N3OS	0.031155778894472363	-0.5548718224818092	-0.5548718224818092	0.0	2	0.08119658119658119	-2.0043483865105887	2.0043483865105887	5.60006497887131	
4	C4H10O2S	[M + Na]+	C4H10O2S	0.005025125628140705	-0.6094379124341003	-0.6094379124341003	0.0	1	0.0	NaN	NaN	-3.6579832347939876	
5	C7H8N	[M + K]+	C7H8N	5.025125628140704E-4	-3.605170185988091	-3.605170185988091	0.0	1	0.0	NaN	NaN	0.057856988764720355	
6	C4H6N3OS	[M + H]+	C4H6N3OS	5.025125628140704E-4	-5.214608098422191	-5.214608098422191	0.0	1	0.0	NaN	NaN	-10.98758743281808	
