rank	molecularFormula	adduct	precursorFormula	ZodiacScore	SiriusScore	TreeScore	IsotopeScore	numExplainedPeaks	explainedIntensity	medianMassErrorFragmentPeaks(ppm)	medianAbsoluteMassErrorFragmentPeaks(ppm)	massErrorPrecursor(ppm)	lipidClass
1	C25H53N	[M + H]+	C25H53N	0.9999999999999999	41.66311299431609	41.66311299431609	0.0	11	0.37545530961053514	5.852474857392596	5.852474857392596	1.9344549664364143	
1	C25H55NO	[M - H2O + H]+	C25H53N	0.9999999999999999	41.66311299431609	41.66311299431609	0.0	12	0.37545530961053514	5.852474857392596	5.852474857392596	-48883.25539907338	
