rank	molecularFormula	adduct	precursorFormula	ZodiacScore	SiriusScore	TreeScore	IsotopeScore	numExplainedPeaks	explainedIntensity	medianMassErrorFragmentPeaks(ppm)	medianAbsoluteMassErrorFragmentPeaks(ppm)	massErrorPrecursor(ppm)	lipidClass
1	C7H6O2	[M + H]+	C7H6O2	0.9999999999999999	11.089343271483157	11.089343271483157	0.0	2	0.06030150753768845	5.109157553079575	5.109157553079575	4.576713527365049	
1	C7H8O3	[M - H2O + H]+	C7H6O2	0.9999999999999999	11.089343271483157	11.089343271483157	0.0	3	0.06030150753768845	5.109157553079575	5.109157553079575	-146369.68025806587	
2	C5H4N3O	[M + H]+	C5H4N3O	0.0	1.6436393384994004	1.6436393384994004	0.0	2	0.06030150753768845	16.956901774354645	16.956901774354645	15.488885149801805	
2	C5H6N3O2	[M - H2O + H]+	C5H4N3O	0.0	1.6436393384994004	1.6436393384994004	0.0	3	0.06030150753768845	16.956901774354645	16.956901774354645	-146358.76808644368	
3	C2H10N3O2S	[M - H2O + H]+	C2H8N3OS	0.0	0.0969450182538738	0.0969450182538738	0.0	3	0.06030150753768845	-12.78968214338537	12.78968214338537	-146386.1656925051	
3	C2H8N3OS	[M + H]+	C2H8N3OS	0.0	0.0969450182538738	0.0969450182538738	0.0	2	0.06030150753768845	-12.78968214338537	12.78968214338537	-11.908720911609619	
4	C5H10N	[M + K]+	C5H10N	0.0	-4.6531852705477545	-4.6531852705477545	0.0	1	0.0	0.9555877256785978	0.9555877256785978	1.1101986697866821	
