rank	molecularFormula	adduct	precursorFormula	ZodiacScore	SiriusScore	TreeScore	IsotopeScore	numExplainedPeaks	explainedIntensity	medianMassErrorFragmentPeaks(ppm)	medianAbsoluteMassErrorFragmentPeaks(ppm)	massErrorPrecursor(ppm)	lipidClass
1	C18H30O5	[M - H4O2 + H]+	C18H26O3	0.9999999999999999	77.86013699786432	77.86013699786432	0.0	24	0.6251810282404053	1.0531469160372149	8.054041827054613	-123699.92243426933	
2	C13H32N3O4S	[M - H4O2 + H]+	C13H28N3O2S	0.0	61.78379127197104	61.78379127197104	0.0	28	0.7204923968139029	-1.470422427428202	4.398704341973923	-123706.88834725128	
3	C16H28N3O4	[M - H4O2 + H]+	C16H24N3O2	0.0	51.608652818977	51.608652818977	0.0	24	0.6251810282404053	1.2466769081253173	8.054041827054613	-123695.31150100911	
4	C21H28NO2	[M - H4O2 + H]+	C21H24N	0.0	35.64406411926744	35.64406411926744	0.0	19	0.5682476466328745	1.149911912081266	8.235908768951187	-123709.12612744584	
