rank	molecularFormula	adduct	precursorFormula	ZodiacScore	SiriusScore	TreeScore	IsotopeScore	numExplainedPeaks	explainedIntensity	medianMassErrorFragmentPeaks(ppm)	medianAbsoluteMassErrorFragmentPeaks(ppm)	massErrorPrecursor(ppm)	lipidClass
1	C30H62N3O11	[M + Na]+	C30H62N3O11	0.9989949748743718	16.717270877342656	16.717270877342656	0.0	15	0.4211254612546123	2.8993686552009668	3.701252365093305	-5.177757334529795	
2	C39H60O7	[M + Na]+	C39H60O7	5.025125628140704E-4	10.112201390790437	6.823548123706653	3.288653267083785	2	0.024446494464944644	3.988895031278605	3.988895031278605	1.6512728099932081	
3	C42H58NO4	[M + Na]+	C42H58NO4	5.025125628140704E-4	8.962971991318877	4.945309353946831	4.017662637372046	8	0.20894833948339478	1.1754185066987106	2.3130390014584643	-2.388489256895153	
4	C34H60N2O9	[M + Na]+	C34H60N2O9	0.0	9.118088304425749	9.118088304425749	0.0	7	0.18450184501845013	2.8993686552009668	4.480958408592389	7.7149043084668305	
5	C37H58N3O6	[M + Na]+	C37H58N3O6	0.0	8.304828219768915	6.2990567741856385	2.005771445583276	8	0.20894833948339478	3.690163531896678	4.816296274162404	3.6751422415784694	
6	C32H64O12	[M + Na]+	C32H64O12	0.0	6.127188262526406	6.127188262526406	0.0	2	0.024446494464944644	-5.178332705205883	5.178332705205883	-7.2016267659436926	
7	C45H56N2O	[M + Na]+	C45H56N2O	0.0	3.3478489549699644	0.5227332318810602	2.825115723088904	1	0.0	-4.951744507995995	4.951744507995995	-6.428251323783514	
