rank	molecularFormula	adduct	precursorFormula	ZodiacScore	SiriusScore	TreeScore	IsotopeScore	numExplainedPeaks	explainedIntensity	medianMassErrorFragmentPeaks(ppm)	medianAbsoluteMassErrorFragmentPeaks(ppm)	massErrorPrecursor(ppm)	lipidClass
1	C19H28O2	[M - H4O2 + H]+	C19H24	0.9999999999999999	67.80754812755747	67.80754812755747	0.0	29	0.8121953952159541	-0.3857470040225299	3.7833506989963013	-142263.62294208634	
1	C19H26O	[M - H2O + H]+	C19H24	0.9999999999999999	67.80754812755747	67.80754812755747	0.0	29	0.8121953952159541	-0.3857470040225299	3.7833506989963013	-71130.63523756596	
1	C19H24	[M + H]+	C19H24	0.9999999999999999	67.80754812755747	67.80754812755747	0.0	28	0.8121953952159541	-0.3857470040225299	3.7833506989963013	2.35246695418561	
