rank	molecularFormula	adduct	precursorFormula	ZodiacScore	SiriusScore	TreeScore	IsotopeScore	numExplainedPeaks	explainedIntensity	medianMassErrorFragmentPeaks(ppm)	medianAbsoluteMassErrorFragmentPeaks(ppm)	massErrorPrecursor(ppm)	lipidClass
1	C31H50N3O6	[M + Na]+	C31H50N3O6	0.9537688442211055	139.98805770146194	134.38592740212272	5.602130299339228	40	0.7250881127843638	-0.9670954243486073	4.33993185748882	3.1283974053435353	
2	C24H54N3O11	[M + Na]+	C24H54N3O11	0.02914572864321608	136.3564108928563	133.2640988689365	3.092312023919813	41	0.726049343159244	-1.2683716897695758	5.1663522267561675	-6.939515824224526	
3	C28H52N2O9	[M + Na]+	C28H52N2O9	0.017085427135678392	135.69992483652888	131.62228968439533	4.077635152133556	41	0.7260493431592439	-1.109862542790164	5.1663522267561675	7.722595454002747	
4	C36H50NO4	[M + Na]+	C36H50NO4	0.0	129.91271779658302	125.56049587655974	4.3522219200232835	33	0.6353732777955784	0.19231957753300566	4.0991617616609926	-3.7674354523409237	
5	C33H52O7	[M + Na]+	C33H52O7	0.0	124.44616393948868	118.2578434841027	6.188320455385989	30	0.600608779237424	0.8488132737494956	3.7301185316288477	0.8267625963182873	
