rank	molecularFormula	adduct	precursorFormula	ZodiacScore	SiriusScore	TreeScore	IsotopeScore	numExplainedPeaks	explainedIntensity	medianMassErrorFragmentPeaks(ppm)	medianAbsoluteMassErrorFragmentPeaks(ppm)	massErrorPrecursor(ppm)	lipidClass
1	C12H12O	[M - H2O + H]+	C12H10	0.9999999999999999	54.61288674943667	54.61288674943667	0.0	11	0.7023047375160051	2.715515433577414	4.9623437714037095	-116130.89160850672	
1	C12H10	[M + H]+	C12H10	0.9999999999999999	54.61288674943667	54.61288674943667	0.0	10	0.7023047375160051	2.715515433577414	4.9623437714037095	1.9884006582440557	
2	C7H16S	[M + Na]+	C7H16S	0.0	18.15385613129845	18.15385613129845	0.0	6	0.382202304737516	-3.8602701291791433	4.905933346956035	-4.2367971434380465	
