rank	molecularFormula	adduct	precursorFormula	ZodiacScore	SiriusScore	TreeScore	IsotopeScore	numExplainedPeaks	explainedIntensity	medianMassErrorFragmentPeaks(ppm)	medianAbsoluteMassErrorFragmentPeaks(ppm)	massErrorPrecursor(ppm)	lipidClass
1	C39H67NO11	[M + Na]+	C39H67NO11	0.9999999999999999	39.18764216911182	33.78389429076737	5.40374787834445	15	0.6575851393188853	9.248681211462728	9.248681211462728	-2.3665351314551883	
2	C34H67N3O13	[M + Na]+	C34H67N3O13	0.0	32.69708479494156	26.351945897631584	6.345138897309977	13	0.6035087719298247	-1.8346040306475329	3.0305505321521258	3.0081891286516074	
3	C42H65N2O8	[M + Na]+	C42H65N2O8	0.0	24.490014800439912	21.64083468494844	2.849180115491471	13	0.6090815273477812	-3.4297339460291694	4.818338268562382	-5.9473277951940835	
4	C36H69O14	[M + Na]+	C36H69O14	0.0	5.309542998045304	-1.2257671975946858	6.5353101956399895	1	0.0	0.8649936142628283	0.8649936142628283	1.2142575322837064	
5	C43H65O9	[M + Na]+	C43H65O9	0.0	0.05532087642546735	-2.0632209633349117	2.118541839760379	1	0.0	8.712091636840574	8.712091636840574	9.061352814150881	
