rank	molecularFormula	adduct	precursorFormula	ZodiacScore	SiriusScore	TreeScore	IsotopeScore	numExplainedPeaks	explainedIntensity	medianMassErrorFragmentPeaks(ppm)	medianAbsoluteMassErrorFragmentPeaks(ppm)	massErrorPrecursor(ppm)	lipidClass
1	C40H58O	[M + H]+	C40H58O	0.8241206030150755	20.201975892076078	18.135236424530834	2.066739467545242	3	0.4290030211480363	-0.1387400709212241	3.5694737432967774	7.702907169047857	
2	C33H62O6	[M + H]+	C33H62O6	0.1663316582914573	18.496115826783562	12.645561818884318	5.850554007899245	3	0.4290030211480363	-0.1387400709212241	3.5694737432967774	-2.870715773349222	
3	C31H64O6	[M + Na]+	C31H64O6	0.007537688442211057	15.132599067607797	9.626945678449815	5.505653389157983	3	0.4290030211480363	-0.1387400709212241	3.5694737432967774	1.460265048453136	
4	C37H60N2	[M + Na]+	C37H60N2	0.0015075376884422112	13.074468299118609	9.403635509184717	3.670832789933891	3	0.4290030211480363	-0.1387400709212241	3.5694737432967774	-8.189662753366688	
5	C28H59NO8	[M + H3N + H]+	C28H62N2O8	5.025125628140704E-4	13.047811131292626	9.011582248710434	4.036228882582192	3	0.4290030211480363	-0.1387400709212241	3.5694737432967774	4.371493694469918	
6	C31H60N3O5	[M + H]+	C31H60N3O5	0.0	11.654871869433883	5.714735509406195	5.940136360027688	3	0.4290030211480363	-0.1387400709212241	3.5694737432967774	-0.4534702064399945	
7	C36H60NO3	[M + H]+	C36H60NO3	0.0	11.14899059640748	6.956346322970782	4.192644273436698	3	0.4290030211480363	-0.1387400709212241	3.5694737432967774	-7.695679674259135	
8	C34H62NO3	[M + Na]+	C34H62NO3	0.0	8.003889694039707	2.303034302950472	5.700855391089235	3	0.4290030211480363	-0.1387400709212241	3.5694737432967774	-3.364698852661448	
9	C29H62N3O5	[M + Na]+	C29H62N3O5	0.0	6.679369669982716	2.1420880779979115	4.537281591984804	3	0.4290030211480363	-0.1387400709212241	3.5694737432967774	3.877510615157692	
