rank	molecularFormula	adduct	precursorFormula	ZodiacScore	SiriusScore	TreeScore	IsotopeScore	numExplainedPeaks	explainedIntensity	medianMassErrorFragmentPeaks(ppm)	medianAbsoluteMassErrorFragmentPeaks(ppm)	massErrorPrecursor(ppm)	lipidClass
1	C10H12O	[M + H]+	C10H12O	0.9994974874371858	6.326101862759497	3.4999999999999996	2.8261018627594976	1	0.0	NaN	NaN	3.61946464534979	
2	C8H10N3	[M + H]+	C8H10N3	5.025125628140704E-4	-2.6485771361799304	-3.605170185988091	0.9565930498081605	1	0.0	NaN	NaN	12.624926338529574	
