rank	molecularFormula	adduct	precursorFormula	ZodiacScore	SiriusScore	TreeScore	IsotopeScore	numExplainedPeaks	explainedIntensity	medianMassErrorFragmentPeaks(ppm)	medianAbsoluteMassErrorFragmentPeaks(ppm)	massErrorPrecursor(ppm)	lipidClass
1	C26H54O8	[M + Na]+	C26H54O8	0.9949748743718594	119.31630068647073	119.31630068647073	0.0	27	0.5222478283992199	3.5521725871169396	5.815337697745759	1.8098548250431656	
2	C24H52N3O7	[M + Na]+	C24H52N3O7	0.0035175879396984926	113.59592984618202	113.59592984618202	0.0	31	0.5731253323878744	3.211294938663657	4.727503811062894	4.40505505448774	
3	C29H52NO5	[M + Na]+	C29H52NO5	0.0015075376884422112	113.08245428128988	113.08245428128988	0.0	27	0.5222478283992199	3.5521725871169396	5.815337697745759	-3.370317017701767	
4	C32H50N2O2	[M + Na]+	C32H50N2O2	0.0	104.03574387817572	104.03574387817572	0.0	24	0.47668853040241094	3.610056828959698	5.778200538098922	-8.5504888604467	
5	C36H48N	[M + Na]+	C36H48N	0.0	52.509092523688956	52.509092523688956	0.0	16	0.35614252792058154	2.928301532053133	5.778200538098922	7.98172311500841	
