rank	molecularFormula	adduct	precursorFormula	ZodiacScore	SiriusScore	TreeScore	IsotopeScore	numExplainedPeaks	explainedIntensity	medianMassErrorFragmentPeaks(ppm)	medianAbsoluteMassErrorFragmentPeaks(ppm)	massErrorPrecursor(ppm)	lipidClass
1	C29H50O4	[M - H4O2 + H]+	C29H46O2	0.9999999999999999	65.35789239130895	65.35789239130895	0.0	31	0.8143964199956342	2.0726418435800853	5.378444862467366	-84286.19755885172	
1	C29H46O2	[M + H]+	C29H46O2	0.9999999999999999	65.35789239130895	65.35789239130895	0.0	30	0.8143964199956342	2.0726418435800853	5.378444862467366	1.7869198897313239	
1	C29H48O3	[M - H2O + H]+	C29H46O2	0.9999999999999999	65.35789239130895	65.35789239130895	0.0	31	0.8143964199956342	2.0726418435800853	5.378444862467366	-42142.205319480934	
2	C27H48N3O3	[M - H4O2 + H]+	C27H44N3O	0.0	58.48270710628326	56.26005931665783	2.222647789625425	31	0.8143964199956342	2.6345919069364907	5.378444862467366	-84283.05573264754	
2	C27H46N3O2	[M - H2O + H]+	C27H44N3O	0.0	58.48270710628326	56.26005931665783	2.222647789625425	31	0.8143964199956342	2.6345919069364907	5.378444862467366	-42139.06349327688	
2	C27H44N3O	[M + H]+	C27H44N3O	0.0	58.48270710628326	56.26005931665783	2.222647789625425	30	0.8143964199956342	2.6345919069364907	5.378444862467366	4.9287460939108225	
