rank	molecularFormula	adduct	precursorFormula	ZodiacScore	SiriusScore	TreeScore	IsotopeScore	numExplainedPeaks	explainedIntensity	medianMassErrorFragmentPeaks(ppm)	medianAbsoluteMassErrorFragmentPeaks(ppm)	massErrorPrecursor(ppm)	lipidClass
1	C19H28O2	[M + H]+	C19H28O2	0.9999999999999999	86.04803116585194	86.04803116585194	0.0	26	0.7226260134869199	2.7527369798013392	4.3263713365421195	1.6727250364729753	
1	C19H30O3	[M - H2O + H]+	C19H28O2	0.9999999999999999	86.04803116585194	86.04803116585194	0.0	27	0.7226260134869199	2.7527369798013392	4.3263713365421195	-62271.92794813946	
2	C17H26N3O	[M + H]+	C17H26N3O	0.0	55.8652619815857	55.8652619815857	0.0	27	0.7434861326126316	3.375634860130691	5.603847115302746	6.315209528979516	
2	C17H28N3O2	[M - H2O + H]+	C17H26N3O	0.0	55.8652619815857	55.8652619815857	0.0	28	0.7434861326126316	3.375634860130691	5.603847115302746	-62267.28546364716	
3	C16H34O3S	[M - H2O + H]+	C16H32O2S	0.0	55.036688775435906	55.036688775435906	0.0	34	0.8197895620686941	1.5241629013646762	5.2719648019495615	-62283.58401126529	
3	C16H32O2S	[M + H]+	C16H32O2S	0.0	55.036688775435906	55.036688775435906	0.0	33	0.8197895620686941	1.5241629013646762	5.2719648019495615	-9.983338089340508	
4	C14H32N3O2S	[M - H2O + H]+	C14H30N3OS	0.0	53.44961542133515	53.44961542133515	0.0	27	0.7176405762115925	2.7527369798013392	5.2977061692218275	-62278.94152677297	
4	C14H30N3OS	[M + H]+	C14H30N3OS	0.0	53.44961542133515	53.44961542133515	0.0	26	0.7176405762115925	2.7527369798013392	5.2977061692218275	-5.34085359703051	
