rank	molecularFormula	adduct	precursorFormula	ZodiacScore	SiriusScore	TreeScore	IsotopeScore	numExplainedPeaks	explainedIntensity	medianMassErrorFragmentPeaks(ppm)	medianAbsoluteMassErrorFragmentPeaks(ppm)	massErrorPrecursor(ppm)	lipidClass
1	C19H28O	[M + H]+	C19H28O	0.9999999999999999	83.36709671994855	79.89948838737412	3.4676083325744296	20	0.4723070213693851	3.96662488568867	5.673001815778718	0.4380491799683411	
1	C19H32O3	[M - H4O2 + H]+	C19H28O	0.9999999999999999	83.36709671994855	79.89948838737412	3.4676083325744296	21	0.4723070213693851	3.96662488568867	5.673001815778718	-131838.1654853525	
1	C19H30O2	[M - H2O + H]+	C19H28O	0.9999999999999999	83.36709671994855	79.89948838737412	3.4676083325744296	21	0.4723070213693851	3.96662488568867	5.673001815778718	-65918.86371808636	
2	C14H30N3S	[M + H]+	C14H30N3S	0.0	78.64234974293814	78.64234974293814	0.0	26	0.5963076028492516	1.7300049311482397	6.165604453836703	-6.986127379803204	
2	C14H32N3OS	[M - H2O + H]+	C14H30N3S	0.0	78.64234974293814	78.64234974293814	0.0	27	0.5963076028492516	1.7300049311482397	6.165604453836703	-65926.28789464594	
2	C14H34N3O2S	[M - H4O2 + H]+	C14H30N3S	0.0	78.64234974293814	78.64234974293814	0.0	27	0.5963076028492516	1.7300049311482397	6.165604453836703	-131845.58966191206	
3	C17H30N3O2	[M - H4O2 + H]+	C17H26N3	0.0	63.81412069490663	61.04771369959712	2.7664069953095094	21	0.47288850123564474	3.96662488568867	5.840953106962287	-131833.25121457176	
3	C17H26N3	[M + H]+	C17H26N3	0.0	63.81412069490663	61.04771369959712	2.7664069953095094	20	0.47288850123564474	3.96662488568867	5.840953106962287	5.352319960688697	
3	C17H28N3O	[M - H2O + H]+	C17H26N3	0.0	63.81412069490663	61.04771369959712	2.7664069953095094	21	0.47288850123564474	3.96662488568867	5.840953106962287	-65913.94944730544	
