rank	molecularFormula	adduct	precursorFormula	ZodiacScore	SiriusScore	TreeScore	IsotopeScore	numExplainedPeaks	explainedIntensity	medianMassErrorFragmentPeaks(ppm)	medianAbsoluteMassErrorFragmentPeaks(ppm)	massErrorPrecursor(ppm)	lipidClass
1	C18H34N3O2	[M + H]+	C18H34N3O2	0.9100502512562814	103.24230977524888	103.24230977524888	0.0	28	0.7083378160301237	-3.051514966879974	5.733450357458977	6.531960585875088	
1	C18H36N3O3	[M - H2O + H]+	C18H34N3O2	0.9100502512562814	103.24230977524888	103.24230977524888	0.0	29	0.7083378160301237	-3.051514966879974	5.733450357458977	-55363.822900924795	
2	C20H38O4	[M - H2O + H]+	C20H36O3	0.08994974874371861	94.16565055172308	94.16565055172308	0.0	27	0.6939214631522321	-3.051514966879974	6.721619307923506	-55367.950749820804	
2	C20H36O3	[M + H]+	C20H36O3	0.08994974874371861	94.16565055172308	94.16565055172308	0.0	26	0.6939214631522321	-3.051514966879974	6.721619307923506	2.4041116900428854	
3	C18H40NO	[M + K]+	C18H40NO	0.0	91.42641592830542	91.42641592830542	0.0	25	0.6863905325443785	-0.018432153726756703	6.933653927229523	1.0928007957586996	
4	C23H34N	[M + H]+	C23H34N	0.0	80.19303123461309	80.19303123461309	0.0	22	0.6590640129101665	-3.051514966879974	6.797277579834549	-5.835316766647767	
4	C23H36NO	[M - H2O + H]+	C23H34N	0.0	80.19303123461309	80.19303123461309	0.0	23	0.6590640129101665	-3.051514966879974	6.797277579834549	-55376.19017827732	
5	C18H40NS	[M + Na]+	C18H40NS	0.0	79.74858117272642	79.74858117272642	0.0	26	0.7101667563206023	3.061698390997897	6.721619307923506	-8.803394466216895	
6	C21H36N	[M + Na]+	C21H36N	0.0	79.08747843409418	79.08747843409418	0.0	24	0.6740182894029046	3.061698390997897	6.721619307923506	1.5605534119803122	
