rank	molecularFormula	adduct	precursorFormula	ZodiacScore	SiriusScore	TreeScore	IsotopeScore	numExplainedPeaks	explainedIntensity	medianMassErrorFragmentPeaks(ppm)	medianAbsoluteMassErrorFragmentPeaks(ppm)	massErrorPrecursor(ppm)	lipidClass
1	C13H16	[M + H]+	C13H16	0.9999999999999999	29.701918949436852	29.701918949436852	0.0	6	0.4962962962962963	-4.577376394912844	4.932123847972065	2.4695573046026515	
1	C13H18O	[M - H2O + H]+	C13H16	0.9999999999999999	29.701918949436852	29.701918949436852	0.0	7	0.4962962962962963	-4.577376394912844	4.932123847972065	-104024.92334838341	
