rank	molecularFormula	adduct	precursorFormula	ZodiacScore	SiriusScore	TreeScore	IsotopeScore	numExplainedPeaks	explainedIntensity	medianMassErrorFragmentPeaks(ppm)	medianAbsoluteMassErrorFragmentPeaks(ppm)	massErrorPrecursor(ppm)	lipidClass
1	C22H47NO	[M + H]+	C22H47NO	0.9999999999999999	79.01642974117468	76.1627862332418	2.8536435079328664	20	0.4887372013651879	2.551485906388818	5.19852063163733	1.9223106725817176	
1	C22H49NO2	[M - H2O + H]+	C22H47NO	0.9999999999999999	79.01642974117468	76.1627862332418	2.8536435079328664	21	0.4887372013651879	2.551485906388818	5.19852063163733	-52603.06661949871	
