rank	molecularFormula	adduct	precursorFormula	ZodiacScore	SiriusScore	TreeScore	IsotopeScore	numExplainedPeaks	explainedIntensity	medianMassErrorFragmentPeaks(ppm)	medianAbsoluteMassErrorFragmentPeaks(ppm)	massErrorPrecursor(ppm)	lipidClass
1	C12H26O7	[M + Na]+	C12H26O7	0.9999999999999999	26.26499988955828	23.42590692417027	2.839092965388008	11	0.2168778183379859	1.4034578096809625	2.0518175011482334	1.8684244323969017	
2	C10H24N3O6	[M + Na]+	C10H24N3O6	0.0	18.20065947521884	16.23687031123642	1.9637891639824185	13	0.2626154176508483	1.4034578096809625	4.833096979918527	6.268392862645804	
3	C15H24NO4	[M + Na]+	C15H24NO4	0.0	15.60737551952032	15.547647187982786	0.05972833153753254	10	0.20399398754563028	-0.009511283341659238	5.820088511550941	-6.914170571754937	
4	C11H28N3OS2	[M + Na]+	C11H28N3OS2	0.0	2.4438003400038344	2.4438003400038344	0.0	9	0.1984109942022762	0.06517524137135644	3.6039854457779636	3.4205926616840587	
