rank	molecularFormula	adduct	precursorFormula	ZodiacScore	SiriusScore	TreeScore	IsotopeScore	numExplainedPeaks	explainedIntensity	medianMassErrorFragmentPeaks(ppm)	medianAbsoluteMassErrorFragmentPeaks(ppm)	massErrorPrecursor(ppm)	lipidClass
1	C36H74O13	[M + Na]+	C36H74O13	0.9999999999999999	11.437621273825197	5.032190370078472	6.405430903746725	2	0.023524556335121752	0.5742000868861971	0.6961293659885263	0.9275619528922208	
2	C42H70N2O7	[M + Na]+	C42H70N2O7	0.0	3.3857460591899295	1.620660669192723	1.7650853899972065	2	0.023524556335121752	-7.816952826514296	7.816952826514296	-6.340412700207015	
3	C34H72N3O12	[M + Na]+	C34H72N3O12	0.0	3.103650764074885	-2.9939095115819896	6.097560275656875	2	0.023524556335121752	2.676130546676118	2.676130546676118	2.7481433988279735	
4	C39H72NO10	[M + Na]+	C39H72NO10	0.0	2.646818468086871	-2.279126977144216	4.925945445231087	2	0.023524556335121752	-3.6213763697874226	3.6213763697874226	-2.706425373503246	
