rank	molecularFormula	adduct	precursorFormula	ZodiacScore	SiriusScore	TreeScore	IsotopeScore	numExplainedPeaks	explainedIntensity	medianMassErrorFragmentPeaks(ppm)	medianAbsoluteMassErrorFragmentPeaks(ppm)	massErrorPrecursor(ppm)	lipidClass
1	C25H28O11	[M + Na]+	C25H28O11	0.9748743718592966	8.245906055053165	3.5	4.745906055053165	1	0.0	NaN	NaN	0.8678987087502155	
2	C20H28N2O13	[M + Na]+	C20H28N2O13	0.022613065326633167	4.626049644642179	1.0	3.626049644642179	1	0.0	NaN	NaN	8.499006226869284	
3	C23H26N3O10	[M + Na]+	C23H26N3O10	0.0020100502512562816	1.1837120183774568	-3.605170185988091	4.788882204365548	1	0.0	NaN	NaN	3.4149474927914967	
4	C38H20N2	[M + Na]+	C38H20N2	5.025125628140704E-4	-0.7529156515832418	-0.7529156515832418	0.0	1	0.0	NaN	NaN	1.8411951819594645	
5	C28H26NO8	[M + Na]+	C28H26NO8	0.0	-1.8813240213565519	-3.605170185988091	1.723846164631539	1	0.0	NaN	NaN	-4.216160025327571	
6	C16H30N3O15	[M + Na]+	C16H30N3O15	0.0	-2.2190255179256546	-3.8827573980289802	1.6637318801033256	1	0.0	NaN	NaN	-7.726466448357663	
7	C35H22NO3	[M + Na]+	C35H22NO3	0.0	-3.605170185988091	-3.605170185988091	0.0	1	0.0	NaN	NaN	6.925253916037251	
