rank	molecularFormula	adduct	precursorFormula	ZodiacScore	SiriusScore	TreeScore	IsotopeScore	numExplainedPeaks	explainedIntensity	medianMassErrorFragmentPeaks(ppm)	medianAbsoluteMassErrorFragmentPeaks(ppm)	massErrorPrecursor(ppm)	lipidClass
1	C18H32O7	[M + Na]+	C18H32O7	0.9994974874371858	20.209202272113984	15.106093554731505	5.10310871738248	5	0.15177065767284992	3.548950581122323	3.548950581122323	1.9731868219765862	
2	C16H30N3O6	[M + Na]+	C16H30N3O6	5.025125628140704E-4	12.478159724791915	7.466040093865415	5.012119630926501	6	0.18718381112984822	0.9828735617848547	7.879695050345616	5.47701576496321	
3	C21H30NO4	[M + Na]+	C21H30NO4	0.0	2.076547519148211	0.7170235310375768	1.359523988110634	4	0.1101742551995503	-7.879695050345616	7.879695050345616	-5.020661215767541	
