rank	molecularFormula	adduct	precursorFormula	ZodiacScore	SiriusScore	TreeScore	IsotopeScore	numExplainedPeaks	explainedIntensity	medianMassErrorFragmentPeaks(ppm)	medianAbsoluteMassErrorFragmentPeaks(ppm)	massErrorPrecursor(ppm)	lipidClass
1	C7H6O3	[M + H]+	C7H6O3	0.9999999999999999	7.997423185158985	7.997423185158985	0.0	2	0.0529461998292058	-3.131013686630939	7.658471400066653	4.884803793294855	
1	C7H8O4	[M - H2O + H]+	C7H6O3	0.9999999999999999	7.997423185158985	7.997423185158985	0.0	3	0.0529461998292058	-3.131013686630939	7.658471400066653	-129530.57306552024	
2	C5H6N3O3	[M - H2O + H]+	C5H4N3O2	0.0	0.1553508380184443	0.1553508380184443	0.0	3	0.0529461998292058	7.244447933435911	7.244447933435911	-129520.91622300773	
2	C5H4N3O2	[M + H]+	C5H4N3O2	0.0	0.1553508380184443	0.1553508380184443	0.0	2	0.0529461998292058	7.244447933435911	7.244447933435911	14.541646305604031	
3	C2H8N3O2S	[M + H]+	C2H8N3O2S	0.0	-3.857743140962974	-3.857743140962974	0.0	2	0.05636208368915455	-3.4393868585516647	6.62212144933479	-9.704157014693893	
3	C2H10N3O3S	[M - H2O + H]+	C2H8N3O2S	0.0	-3.857743140962974	-3.857743140962974	0.0	3	0.05636208368915455	-3.4393868585516647	6.62212144933479	-129545.16202632782	
