rank	molecularFormula	adduct	precursorFormula	ZodiacScore	SiriusScore	TreeScore	IsotopeScore	numExplainedPeaks	explainedIntensity	medianMassErrorFragmentPeaks(ppm)	medianAbsoluteMassErrorFragmentPeaks(ppm)	massErrorPrecursor(ppm)	lipidClass
1	C19H40N2O4	[M - H2O + H]+	C19H38N2O3	0.9999999999999999	17.861631281205728	17.861631281205728	0.0	9	0.11241446725317694	6.206863224546691	6.206863224546691	-52461.38346009715	
1	C19H38N2O3	[M + H]+	C19H38N2O3	0.9999999999999999	17.861631281205728	17.861631281205728	0.0	8	0.11241446725317694	6.206863224546691	6.206863224546691	2.2329928524893767	
2	C24H38O	[M + H]+	C24H38O	0.0	5.8633003572170805	5.8633003572170805	0.0	3	0.026881720430107534	8.557202626005852	9.44457627570918	-9.485048276429357	
2	C24H40O2	[M - H2O + H]+	C24H38O	0.0	5.8633003572170805	5.8633003572170805	0.0	4	0.026881720430107534	8.557202626005852	9.44457627570918	-52473.10150122607	
3	C22H40O	[M + Na]+	C22H40O	0.0	3.2861457996781063	3.2861457996781063	0.0	1	0.0	-2.436962153418067	2.436962153418067	-2.4774338705287575	
4	C20H38N3	[M + Na]+	C20H38N3	0.0	0.2242921636003885	0.2242921636003885	0.0	4	0.04667644183773217	4.4066767712894785	4.4066767712894785	1.4337182575066225	
5	C22H36N3	[M + H]+	C22H36N3	0.0	-1.7014258054144449	-1.7014258054144449	0.0	4	0.04667644183773217	-11.376400286571336	11.376400286571336	-5.573896148393976	
5	C22H38N3O	[M - H2O + H]+	C22H36N3	0.0	-1.7014258054144449	-1.7014258054144449	0.0	5	0.04667644183773217	-11.376400286571336	11.376400286571336	-52469.19034909787	
