rank	molecularFormula	adduct	precursorFormula	ZodiacScore	SiriusScore	TreeScore	IsotopeScore	numExplainedPeaks	explainedIntensity	medianMassErrorFragmentPeaks(ppm)	medianAbsoluteMassErrorFragmentPeaks(ppm)	massErrorPrecursor(ppm)	lipidClass
1	C10H9NO2	[M - H2O + H]+	C10H7NO	0.9814070351758795	3.138653148740671	3.138653148740671	0.0	3	0.29065743944636674	-1.7924544907462927	1.7924544907462927	-113945.1712200248	
1	C10H7NO	[M + H]+	C10H7NO	0.9814070351758795	3.138653148740671	3.138653148740671	0.0	2	0.29065743944636674	-1.7924544907462927	1.7924544907462927	2.1941732862865693	
2	C5H13NOS	[M + Na]+	C5H13NOS	0.0185929648241206	-0.6094379124341003	-0.6094379124341003	0.0	1	0.0	NaN	NaN	-3.9138719845880092	
