rank	formulaRank	ConfidenceScore	CSI:FingerIDScore	molecularFormula	adduct	InChIkey2D	InChI	name	smiles	xlogp	pubchemids	links	dbflags
1	1	0.058179799630375846	-95.00219197879682	C10H9NO2	[M - H2O + H]+	QXAUTQFAWKKNLM	InChI=1S/C10H9NO2/c1-13-10(12)8-6-11-9-5-3-2-4-7(8)9/h2-6,11H,1H3	3-carbomethoxyindole	COC(=O)C1=CNC2=CC=CC=C21	1.75931239	589098;101132236	PNC:(LTS0171226);ZINC bio:(ZINC00066126);Plantcyc:(CPD-7082 CPDQT-423);PubMed;COCONUT:(CNP0153897);KNApSAcK:(30756);Natural Products:(UNPD177966);PubChem:(589098 101132236);CHEBI:(65019);PubChem class - bio and metabolites;PubChem class - safety and toxic;Biocyc:(CPDQT-423);KEGG Mine	77395568754
2	1	N/A	-128.58317126302572	C10H9NO2	[M - H2O + H]+	SEOVTRFCIGRIMH	InChI=1S/C10H9NO2/c12-10(13)5-7-6-11-9-4-2-1-3-8(7)9/h1-4,6,11H,5H2,(H,12,13)	beta-IAA	C1=CC=C2C(=C1)C(=CN2)CC(=O)O	1.51122141	801;802;656405;12196823;12196824;12196825;11819555;16213582;20781236;24751554;54590498;54301592;54301591;59859204;71309227;76972955;87755668;90477486;131877377	HMDB:(197);PNC:(LTS0250222);ZINC bio:(ZINC00083860);additional;MeSH:(801 802);Plantcyc:(INDOLE_ACETATE_AUXIN);PubMed;NORMAN:(NS00014849);COCONUT:(CNP0143448 CNP0284198);KNApSAcK:(100);Natural Products:(UNPD124667);PubChem:(801 802 656405 12196823 12196824 12196825 11819555 16213582 20781236 24751554 54590498 54301592 54301591 59859204 71309227 76972955 87755668 90477486 131877377);CHEBI:(16411 30854);PubChem class - bio and metabolites;EcoCyc Mine;KEGG:(C00954);PubChem class - safety and toxic;YMDB:(576);Training Set;PubChem class - drug;Biocyc:(INDOLE_ACETATE_AUXIN)	86019926398