rank	molecularFormula	adduct	precursorFormula	ZodiacScore	SiriusScore	TreeScore	IsotopeScore	numExplainedPeaks	explainedIntensity	medianMassErrorFragmentPeaks(ppm)	medianAbsoluteMassErrorFragmentPeaks(ppm)	massErrorPrecursor(ppm)	lipidClass
1	C31H56O8	[M + Na]+	C31H56O8	0.9834170854271358	63.498891082589296	58.59599906006558	4.902892022523718	31	0.7329611089718906	-1.0221321529387761	4.423496582592054	1.2040503170443748	
2	C29H54N3O7	[M + Na]+	C29H54N3O7	0.016080402010050253	60.714067523549865	55.987435334528655	4.726632189021208	31	0.7144782441278398	1.4052974850394133	4.423496582592054	3.5214702577827577	
3	C37H52N2O2	[M + Na]+	C37H52N2O2	5.025125628140704E-4	55.76837290538301	55.76837290538301	0.0	32	0.6949043768450779	0.22520562387393278	5.261700637327862	-8.047361876400734	
4	C34H54NO5	[M + Na]+	C34H54NO5	0.0	48.373266641372645	45.77271218816554	2.6005544532071037	31	0.7054935181619817	-1.0221321529387761	5.219406588386125	-3.4216557797762888	
5	C41H50N	[M + Na]+	C41H50N	0.0	26.92102105633157	26.92102105633157	0.0	21	0.31485046848928255	5.382701228240738	5.91150886083658	6.715305473312468	
