rank	molecularFormula	adduct	precursorFormula	ZodiacScore	SiriusScore	TreeScore	IsotopeScore	numExplainedPeaks	explainedIntensity	medianMassErrorFragmentPeaks(ppm)	medianAbsoluteMassErrorFragmentPeaks(ppm)	massErrorPrecursor(ppm)	lipidClass
1	C18H32O2	[M - H2O + H]+	C18H30O	0.9999999999999999	82.40497592036951	82.40497592036951	0.0	21	0.5855813953488371	7.013605749608404	8.261256166782584	-68416.79720377157	
1	C18H34O3	[M - H4O2 + H]+	C18H30O	0.9999999999999999	82.40497592036951	82.40497592036951	0.0	21	0.5855813953488371	7.013605749608404	8.261256166782584	-136836.21204656883	
1	C18H30O	[M + H]+	C18H30O	0.9999999999999999	82.40497592036951	82.40497592036951	0.0	20	0.5855813953488371	7.013605749608404	8.261256166782584	2.617639025913986	
2	C13H32N3S	[M + H]+	C13H32N3S	0.0	72.6286809023991	72.6286809023991	0.0	20	0.6316279069767439	2.490795356665144	7.013605749608404	-5.088113345410735	
2	C13H36N3O2S	[M - H4O2 + H]+	C13H32N3S	0.0	72.6286809023991	72.6286809023991	0.0	21	0.6316279069767439	2.490795356665144	7.013605749608404	-136843.91779894018	
2	C13H34N3OS	[M - H2O + H]+	C13H32N3S	0.0	72.6286809023991	72.6286809023991	0.0	21	0.6316279069767439	2.490795356665144	7.013605749608404	-68424.50295614291	
3	C16H32N3O2	[M - H4O2 + H]+	C16H28N3	0.0	60.8848380012076	60.8848380012076	0.0	18	0.5406976744186045	7.600175314775989	7.667941705856018	-136831.1113928577	
3	C16H28N3	[M + H]+	C16H28N3	0.0	60.8848380012076	60.8848380012076	0.0	17	0.5406976744186045	7.600175314775989	7.667941705856018	7.7182927370688486	
3	C16H30N3O	[M - H2O + H]+	C16H28N3	0.0	60.8848380012076	60.8848380012076	0.0	18	0.5406976744186045	7.600175314775989	7.667941705856018	-68411.6965500602	
