rank	molecularFormula	adduct	precursorFormula	ZodiacScore	SiriusScore	TreeScore	IsotopeScore	numExplainedPeaks	explainedIntensity	medianMassErrorFragmentPeaks(ppm)	medianAbsoluteMassErrorFragmentPeaks(ppm)	massErrorPrecursor(ppm)	lipidClass
1	C22H34O4	[M - H4O2 + H]+	C22H30O2	0.9999999999999999	71.83107023819367	68.85655441162214	2.974515826571526	24	0.7060230159916302	3.2008509284411746	6.743730058244108	-110078.61155732954	
1	C22H32O3	[M - H2O + H]+	C22H30O2	0.9999999999999999	71.83107023819367	68.85655441162214	2.974515826571526	24	0.7060230159916302	3.2008509284411746	6.743730058244108	-55039.44214311733	
1	C22H30O2	[M + H]+	C22H30O2	0.9999999999999999	71.83107023819367	68.85655441162214	2.974515826571526	23	0.7060230159916302	3.2008509284411746	6.743730058244108	-0.2727289052760088	
2	C20H32O2	[M + Na]+	C20H32O2	0.0	58.48987626823157	56.38035289658614	2.1095233716454302	27	0.7561649977581825	4.950230820508757	4.950230820508757	7.078904522849065	
3	C20H30N3O2	[M - H2O + H]+	C20H28N3O	0.0	41.01639153870448	38.30593136324611	2.7104601754583695	26	0.7249290091167236	4.531848133519045	6.743730058244108	-55035.338984030444	
3	C20H28N3O	[M + H]+	C20H28N3O	0.0	41.01639153870448	38.30593136324611	2.7104601754583695	25	0.7249290091167236	4.531848133519045	6.743730058244108	3.8304301817812956	
3	C20H32N3O3	[M - H4O2 + H]+	C20H28N3O	0.0	41.01639153870448	38.30593136324611	2.7104601754583695	26	0.7249290091167236	4.531848133519045	6.743730058244108	-110074.50839824248	
