rank	formulaRank	ConfidenceScore	CSI:FingerIDScore	molecularFormula	adduct	InChIkey2D	InChI	name	smiles	xlogp	pubchemids	links	dbflags
1	1	0.15971113617518484	-145.54867592255448	C30H22O11	[M + H]+	VRXLDKQKMDSSHS	InChI=1S/C30H22O11/c31-14-4-1-12(2-5-14)28-30(24-20(36)8-15(32)9-22(24)39-28)25-23(40-29(30)38)11-18(34)16-10-21(37)26(41-27(16)25)13-3-6-17(33)19(35)7-13/h1-9,11,21,26,28,31-37H,10H2	null	C1C(C(OC2=C1C(=CC3=C2C4(C(OC5=CC(=CC(=C54)O)O)C6=CC=C(C=C6)O)C(=O)O3)O)C7=CC(=C(C=C7)O)O)O	2.9000001	52914220;52914319	COCONUT:(CNP0244536);Natural Products:(UNPD129583 UNPD167458);PubChem:(52914220 52914319);PNC:(LTS0126243 LTS0214803);SuperNatural:(SN00395343 SN00360356)	68722655234
2	1	N/A	-146.82345564257062	C30H22O11	[M + H]+	OAWGSMCKVUHHTO	InChI=1S/C30H22O11/c31-14-4-1-12(2-5-14)26-21(37)10-16-18(34)11-23-25(27(16)41-26)30(29(38)40-23)24-20(36)8-15(32)9-22(24)39-28(30)13-3-6-17(33)19(35)7-13/h1-9,11,21,26,28,31-37H,10H2	null	C1C(C(OC2=C1C(=CC3=C2C4(C(OC5=CC(=CC(=C54)O)O)C6=CC(=C(C=C6)O)O)C(=O)O3)O)C7=CC=C(C=C7)O)O	2.9000001	52914221;52914320;101383264	COCONUT:(CNP0146558);Natural Products:(UNPD125841 UNPD134209);PubChem:(52914221 52914320 101383264);PNC:(LTS0043979 LTS0192920);SuperNatural:(SN00302212 SN00319018)	68722655234