rank	molecularFormula	adduct	precursorFormula	ZodiacScore	SiriusScore	TreeScore	IsotopeScore	numExplainedPeaks	explainedIntensity	medianMassErrorFragmentPeaks(ppm)	medianAbsoluteMassErrorFragmentPeaks(ppm)	massErrorPrecursor(ppm)	lipidClass
1	C28H38	[M + H]+	C28H38	0.9999999999999999	110.86295631244232	110.6072015728033	0.25575473963902073	22	0.6496314496314497	-2.8175425631545847	3.7676274114687867	0.8075790527468569	
1	C28H40O	[M - H2O + H]+	C28H38	0.9999999999999999	110.86295631244232	110.6072015728033	0.25575473963902073	23	0.6496314496314497	-2.8175425631545847	3.7676274114687867	-47988.34259730282	
1	C28H42O2	[M - H4O2 + H]+	C28H38	0.9999999999999999	110.86295631244232	110.6072015728033	0.25575473963902073	23	0.6496314496314497	-2.8175425631545847	3.7676274114687867	-95977.49277365854	
