rank	molecularFormula	adduct	precursorFormula	ZodiacScore	SiriusScore	TreeScore	IsotopeScore	numExplainedPeaks	explainedIntensity	medianMassErrorFragmentPeaks(ppm)	medianAbsoluteMassErrorFragmentPeaks(ppm)	massErrorPrecursor(ppm)	lipidClass
1	C28H58O5	[M + Na]+	C28H58O5	0.9532663316582916	7.832940472290976	3.40707745966393	4.425863012627046	1	0.0	1.114442353478109	1.114442353478109	0.9442462726926114	
2	C26H56N3O4	[M + Na]+	C26H56N3O4	0.046733668341708556	4.81504939104677	0.46542668779403407	4.349622703252736	3	0.467065868263473	-4.731801345330802	4.731801345330802	3.6435528692902635	
3	C31H56NO2	[M + Na]+	C31H56NO2	0.0	-2.7936266934572744	-4.0069588158486535	1.213332122391379	1	0.0	-4.273530985635929	4.273530985635929	-4.443727983434394	
