rank	molecularFormula	adduct	precursorFormula	ZodiacScore	SiriusScore	TreeScore	IsotopeScore	numExplainedPeaks	explainedIntensity	medianMassErrorFragmentPeaks(ppm)	medianAbsoluteMassErrorFragmentPeaks(ppm)	massErrorPrecursor(ppm)	lipidClass
1	C20H32O2	[M - H2O + H]+	C20H30O	0.9999999999999999	65.34064461237627	65.34064461237627	0.0	27	0.7108078994614003	0.2103187093615338	6.0627731174888275	-62700.85767244096	
1	C20H30O	[M + H]+	C20H30O	0.9999999999999999	65.34064461237627	65.34064461237627	0.0	26	0.7108078994614003	0.2103187093615338	6.0627731174888275	1.8413365101499397	
2	C17H36O2S	[M - H2O + H]+	C17H34OS	0.0	55.43699075772312	55.43699075772312	0.0	32	0.8133572710951528	-1.0779486339465216	5.40392692705415	-62712.594052061	
2	C17H34OS	[M + H]+	C17H34OS	0.0	55.43699075772312	55.43699075772312	0.0	31	0.8133572710951528	-1.0779486339465216	5.40392692705415	-9.895043110088649	
3	C18H30N3O	[M - H2O + H]+	C18H28N3	0.0	50.118343856441825	50.118343856441825	0.0	24	0.6885457809694795	0.22168013361931385	6.6170047764166515	-62696.18319875323	
3	C18H28N3	[M + H]+	C18H28N3	0.0	50.118343856441825	50.118343856441825	0.0	23	0.6885457809694795	0.22168013361931385	6.6170047764166515	6.5158101976883644	
4	C15H32N3S	[M + H]+	C15H32N3S	0.0	46.22794838343564	46.22794838343564	0.0	21	0.7252423698384202	-1.4622410411704179	5.40392692705415	-5.220569422352328	
4	C15H34N3OS	[M - H2O + H]+	C15H32N3S	0.0	46.22794838343564	46.22794838343564	0.0	22	0.7252423698384202	-1.4622410411704179	5.40392692705415	-62707.91957837347	
