rank	molecularFormula	adduct	precursorFormula	ZodiacScore	SiriusScore	TreeScore	IsotopeScore	numExplainedPeaks	explainedIntensity	medianMassErrorFragmentPeaks(ppm)	medianAbsoluteMassErrorFragmentPeaks(ppm)	massErrorPrecursor(ppm)	lipidClass
1	C17H24O3	[M - H2O + H]+	C17H22O2	0.9999999999999999	93.59502754890977	92.30214002682186	1.292887522087912	21	0.5203843157621397	0.9754160432826102	7.265541154001833	-69494.87577764098	
1	C17H22O2	[M + H]+	C17H22O2	0.9999999999999999	93.59502754890977	92.30214002682186	1.292887522087912	20	0.5203843157621397	0.9754160432826102	7.265541154001833	-1.3370187933468352	
2	C15H22N3O2	[M - H2O + H]+	C15H20N3O	0.0	71.92624601613005	71.92624601613005	0.0	20	0.5128538042066997	3.018983363616163	7.148987313850972	-69489.6950482062	
2	C15H20N3O	[M + H]+	C15H20N3O	0.0	71.92624601613005	71.92624601613005	0.0	19	0.5128538042066997	3.018983363616163	7.148987313850972	3.8437106414346753	
