rank	molecularFormula	adduct	precursorFormula	ZodiacScore	SiriusScore	TreeScore	IsotopeScore	numExplainedPeaks	explainedIntensity	medianMassErrorFragmentPeaks(ppm)	medianAbsoluteMassErrorFragmentPeaks(ppm)	massErrorPrecursor(ppm)	lipidClass
1	C20H34O4	[M - H4O2 + H]+	C20H30O2	0.9999999999999999	107.79672885718347	104.50385703228059	3.292871824902871	39	0.8575056285669409	0.5379211292281482	3.785818070835512	-118789.04577298266	
2	C18H32N3O3	[M - H4O2 + H]+	C18H28N3O	0.0	81.97399414949807	79.29246188343552	2.6815322660625434	37	0.8479239750772294	1.1562299789271737	3.960576091089697	-118784.6178675167	
