rank	formulaRank	ConfidenceScore	CSI:FingerIDScore	molecularFormula	adduct	InChIkey2D	InChI	name	smiles	xlogp	pubchemids	links	dbflags
1	1	0.12660292577272136	-54.46115362618508	C27H44O2	[M + H]+	YIKKMWSQVKJCOP	InChI=1S/C27H44O2/c1-17(2)7-6-8-18(3)21-9-10-22-25-23(12-14-27(21,22)5)26(4)13-11-20(28)15-19(26)16-24(25)29/h16-18,20-23,25,28H,6-15H2,1-5H3	Spectrum_001201	CC(C)CCCC(C)C1CCC2C1(CCC3C2C(=O)C=C4C3(CCC(C4)O)C)C	7.5	91474;287664;3247054;6710672;10692455;12791164;12791165;12791166;12791167;10179138;10408716;15955968;16758056;22833527;24212189;46782013;50990351;53477696;59884222;59890142;59965214;71749673;73603932;70954122;91746649;99571088;118797457;125027673;125027674;125027675;124301250;126968900;131706080;132082433	HMDB:(501);PNC:(LTS0085999 LTS0051197);SuperNatural:(SN00379283 SN00011482 SN00019801 SN00007282 SN00007283 SN00285275);ZINC bio:(ZINC04175330 ZINC04175332 ZINC05103818 ZINC05758789 ZINC06920437 ZINC12494006 ZINC13298404);additional;MeSH:(91474 6710672 53477696 91746649);PubMed;COCONUT:(CNP0206144);Natural Products:(UNPD94438 UNPD2301 UNPD123379);PubChem:(91474 287664 3247054 6710672 10692455 12791164 12791165 12791166 12791167 10179138 10408716 15955968 16758056 22833527 24212189 46782013 50990351 53477696 59884222 59890142 59965214 71749673 73603932 70954122 91746649 99571088 118797457 125027673 125027674 125027675 124301250 126968900 131706080 132082433);CHEBI:(125442 64294);PubChem class - bio and metabolites;Training Set;Biocyc:(CPD-14195);KEGG Mine	77329918062