rank	molecularFormula	adduct	precursorFormula	ZodiacScore	SiriusScore	TreeScore	IsotopeScore	numExplainedPeaks	explainedIntensity	medianMassErrorFragmentPeaks(ppm)	medianAbsoluteMassErrorFragmentPeaks(ppm)	massErrorPrecursor(ppm)	lipidClass
1	C45H76N2O7	[M + Na]+	C45H76N2O7	0.9999999999999999	67.63716643548005	65.9182857957609	1.718880639719158	32	0.7140103479760578	4.632507713221328	5.294850914306545	-4.802576030101756	
2	C42H78NO10	[M + Na]+	C42H78NO10	0.0	54.38395361889923	48.802103140012285	5.581850478886939	33	0.7181698285482399	3.4930042446254808	5.476000070760924	-1.3646009269909574	
3	C49H74NO5	[M + Na]+	C49H74NO5	0.0	51.872106768323356	51.872106768323356	0.0	35	0.7668661864664705	4.281686530416589	5.6515588010060736	6.169518119741582	
4	C50H76O5	[M + Na]+	C50H76O5	0.0	51.47733341673732	51.47733341673732	0.0	23	0.5920665516891549	5.397289998661856	8.316557125469314	-9.962932947420876	
5	C52H72N2O2	[M + Na]+	C52H72N2O2	0.0	50.04039981843681	50.04039981843681	0.0	33	0.7208075479354774	3.930557682307323	5.397289998661856	2.7315430167766195	
6	C39H80O13	[M + Na]+	C39H80O13	0.0	10.112609290144135	2.89416110589801	7.218448184246125	33	0.7241554225423559	4.281686530416589	5.397289998661856	2.073374176119841	
7	C57H72	[M + Na]+	C57H72	0.0	3.3197661676687606	3.3197661676687606	0.0	1	0.0	-2.081972943973475	2.081972943973475	-2.4288139005425	
8	C37H78N3O12	[M + Na]+	C37H78N3O12	0.0	2.635362312902572	-4.726396729202647	7.361759042105219	33	0.7241554225423559	4.281686530416589	5.397289998661856	3.7957559903281624	
9	C48H74N3O4	[M + Na]+	C48H74N3O4	0.0	-4.4493837561619785	-4.4493837561619785	0.0	31	0.7228365628487369	4.281686530416589	6.286784940295196	-8.240551133212554	
