rank	molecularFormula	adduct	precursorFormula	ZodiacScore	SiriusScore	TreeScore	IsotopeScore	numExplainedPeaks	explainedIntensity	medianMassErrorFragmentPeaks(ppm)	medianAbsoluteMassErrorFragmentPeaks(ppm)	massErrorPrecursor(ppm)	lipidClass
1	C16H26N3O7	[M + Na]+	C16H26N3O7	0.9999999999999999	93.62343846392574	90.87606314717388	2.7473753167518593	37	0.7252063779260437	5.071580664386478	5.64239204809169	4.980231958087608	
2	C18H28O8	[M + Na]+	C18H28O8	0.0	78.21092247689235	75.35684244112886	2.854080035763489	27	0.5642881375098951	2.563950064400751	5.2488406939840155	1.5824793482224206	
3	C21H26NO5	[M + Na]+	C21H26NO5	0.0	78.1589084378076	78.1589084378076	0.0	29	0.632138414565193	-2.542723419357872	4.285265049672661	-5.19963410777294	
