rank	molecularFormula	adduct	precursorFormula	ZodiacScore	SiriusScore	TreeScore	IsotopeScore	numExplainedPeaks	explainedIntensity	medianMassErrorFragmentPeaks(ppm)	medianAbsoluteMassErrorFragmentPeaks(ppm)	massErrorPrecursor(ppm)	lipidClass
1	C18H32N3O3	[M + Na]+	C18H32N3O3	0.5638190954773868	62.9845889301819	59.33916954396874	3.645419386213163	23	0.45441662730278676	1.158217721207733	3.4558490964122823	5.339737225198364	
2	C17H32N2O6	[M + H]+	C17H32N2O6	0.43618090452261304	62.70367183051051	59.021183365140914	3.6824884653695937	25	0.47897968823807263	-1.2314463936913929	7.026105316740368	6.099319235982776	
2	C17H34N2O7	[M - H2O + H]+	C17H32N2O6	0.43618090452261304	62.70367183051051	59.021183365140914	3.6824884653695937	26	0.47897968823807263	-1.2314463936913929	7.026105316740368	-49852.13405482611	
3	C20H34O4	[M + Na]+	C20H34O4	0.0	53.85504595314052	49.29208104401775	4.562964909122769	16	0.31624940954180436	1.4478154818683784	2.754555348654547	1.622815885164814	
4	C22H34O5	[M - H2O + H]+	C22H32O4	0.0	49.570890153648286	46.39915854844686	3.1717316052014244	14	0.2850732168162493	1.158217721207733	5.603226940318737	-49863.27016912384	
4	C22H32O4	[M + H]+	C22H32O4	0.0	49.570890153648286	46.39915854844686	3.1717316052014244	13	0.2850732168162493	1.158217721207733	5.603226940318737	-5.036795061750555	
5	C20H32N3O4	[M - H2O + H]+	C20H30N3O3	0.0	49.263757837002984	45.07126023561919	4.192497601383794	17	0.3282947567312234	1.778399042165009	7.077350706776198	-49859.553247783966	
5	C20H30N3O3	[M + H]+	C20H30N3O3	0.0	49.263757837002984	45.07126023561919	4.192497601383794	16	0.3282947567312234	1.778399042165009	7.077350706776198	-1.3198737217170042	
6	C23H32NO	[M + Na]+	C23H32NO	0.0	42.14943818549755	40.29334703761184	1.856091147885716	17	0.3445914029286726	1.158217721207733	2.994909304113225	-5.796377072534966	
