rank	molecularFormula	adduct	precursorFormula	ZodiacScore	SiriusScore	TreeScore	IsotopeScore	numExplainedPeaks	explainedIntensity	medianMassErrorFragmentPeaks(ppm)	medianAbsoluteMassErrorFragmentPeaks(ppm)	massErrorPrecursor(ppm)	lipidClass
1	C20H30O4	[M - H2O + H]+	C20H28O3	0.9999999999999999	127.13673344125773	127.13673344125773	0.0	42	0.9022424667133849	1.0521555097285087	3.4393771027544426	-56775.3391553096	
2	C18H28N3O3	[M - H2O + H]+	C18H26N3O2	0.0	91.52644038041606	91.52644038041606	0.0	41	0.8993167484232657	0.9754160432826102	3.2795454064214287	-56771.10638816117	
3	C17H34O4S	[M - H2O + H]+	C17H32O3S	0.0	90.72195089873468	90.72195089873468	0.0	41	0.8993167484232657	0.9754160432826102	3.2795454064214287	-56785.96652545131	
4	C15H32N3O3S	[M - H2O + H]+	C15H30N3O2S	0.0	90.35098382790794	90.35098382790794	0.0	43	0.908374211632796	0.4382658318115528	3.599208799087457	-56781.73375830305	
5	C23H28NO	[M - H2O + H]+	C23H26N	0.0	89.9505132751359	89.9505132751359	0.0	37	0.8749124036440085	0.6375764266447435	3.601742546533188	-56783.788006750445	
