rank	molecularFormula	adduct	precursorFormula	ZodiacScore	SiriusScore	TreeScore	IsotopeScore	numExplainedPeaks	explainedIntensity	medianMassErrorFragmentPeaks(ppm)	medianAbsoluteMassErrorFragmentPeaks(ppm)	massErrorPrecursor(ppm)	lipidClass
1	C22H42O2S2	[M - H2O + H]+	C22H40OS2	0.6241206030150754	104.03500572607314	104.03500572607314	0.0	30	0.5721336370539104	4.695671195762556	6.423183603427846	-46750.28498135217	
2	C21H38O7	[M - H2O + H]+	C21H36O6	0.3748743718592965	103.51595870385982	103.51595870385982	0.0	27	0.5039863325740319	4.350454299426067	6.063931262360697	-46748.029282851385	
3	C19H36N3O6	[M - H2O + H]+	C19H34N3O5	0.0010050251256281408	97.00718916599003	97.00718916599003	0.0	29	0.5246772968868642	4.634961297092911	5.803540036016496	-46744.54413589892	
4	C25H38O2S	[M - H2O + H]+	C25H36OS	0.0	93.89126463819606	93.89126463819606	0.0	27	0.5223993925588458	4.604168729201385	6.523729467970452	-46741.53468979034	
5	C24H36NO4	[M - H2O + H]+	C24H34NO3	0.0	90.31275508372603	90.31275508372603	0.0	24	0.45615034168564916	2.4502940453304416	6.275387667328798	-46754.985840540234	
6	C20H40N3OS2	[M - H2O + H]+	C20H38N3S2	0.0	75.4111774021566	75.4111774021566	0.0	28	0.5446089597570235	4.512666262640213	5.852474857392596	-46746.799834399695	
