rank	molecularFormula	adduct	precursorFormula	ZodiacScore	SiriusScore	TreeScore	IsotopeScore	numExplainedPeaks	explainedIntensity	medianMassErrorFragmentPeaks(ppm)	medianAbsoluteMassErrorFragmentPeaks(ppm)	massErrorPrecursor(ppm)	lipidClass
1	C16H30N3O4	[M + Na]+	C16H30N3O4	0.9999999999999999	105.70190715248478	105.70190715248478	0.0	34	0.6859527921704088	1.3521746999252349	5.468834902319997	5.001945649043324	
2	C21H30NO2	[M + Na]+	C21H30NO2	0.0	89.16147005665606	89.16147005665606	0.0	26	0.5843408175014393	0.0567989705128144	5.46232873363334	-6.451905922329583	
3	C18H32O5	[M + Na]+	C18H32O5	0.0	86.7533261745526	86.7533261745526	0.0	21	0.4730857800805988	1.8303725836565468	3.9118690184523097	1.1789725552707655	
4	C19H36S2	[M + Na]+	C19H36S2	0.0	47.59176146136831	47.59176146136831	0.0	15	0.3883131836499713	-1.3207084514439058	6.629982772278863	-1.2953778219572536	
5	C22H32S	[M + Na]+	C22H32S	0.0	44.05338151011386	44.05338151011386	0.0	15	0.3883131836499713	3.9118690184523097	6.919186807372405	8.303106735850484	
