rank	molecularFormula	adduct	precursorFormula	ZodiacScore	SiriusScore	TreeScore	IsotopeScore	numExplainedPeaks	explainedIntensity	medianMassErrorFragmentPeaks(ppm)	medianAbsoluteMassErrorFragmentPeaks(ppm)	massErrorPrecursor(ppm)	lipidClass
1	C34H72N3O8	[M + Na]+	C34H72N3O8	0.9999999999999999	35.05231354546727	28.803055148901215	6.249258396566057	31	0.6948982994331442	-0.58513728378246	3.809571925410422	2.7179386780481782	
2	C36H74O9	[M + Na]+	C36H74O9	0.0	17.11399512907462	10.340836149873919	6.7731589792007005	12	0.17305768589529838	-0.3338794991677314	4.621793643957643	0.7244150496252185	
3	C43H70O4	[M + Na]+	C43H70O4	0.0	10.947051853128219	8.566637196486399	2.3804146566418196	8	0.10970323441147045	2.120324671805353	4.903089931743889	9.444574665288805	
4	C39H72NO6	[M + Na]+	C39H72NO6	0.0	8.27308818908901	2.7235836274106138	5.549504561678397	12	0.17305768589529838	-2.0224250634685728	4.621793643957643	-3.254775014478397	
5	C42H70N2O3	[M + Na]+	C42H70N2O3	0.0	3.356158530532148	0.4044178233555109	2.9517407071766373	5	0.07135711903967987	3.958313302770914	4.980393236094612	-7.233965078919601	
