rank	molecularFormula	adduct	precursorFormula	ZodiacScore	SiriusScore	TreeScore	IsotopeScore	numExplainedPeaks	explainedIntensity	medianMassErrorFragmentPeaks(ppm)	medianAbsoluteMassErrorFragmentPeaks(ppm)	massErrorPrecursor(ppm)	lipidClass
1	C41H73N3O11	[M + Na]+	C41H73N3O11	0.9914572864321609	71.26456190631438	62.98893310664145	8.275628799672935	38	0.7087081684059017	1.5580410214394735	3.3084996320725546	3.9385076295676766	
2	C46H73NO9	[M + Na]+	C46H73NO9	0.007537688442211057	65.97187336049595	58.30050979621584	7.671363564280109	42	0.7835552356962939	1.098308724239913	3.090195130164443	-1.0493109311198805	
3	C49H71N2O6	[M + Na]+	C49H71N2O6	0.0010050251256281408	64.19343700490194	59.53515088698124	4.6582861179206985	40	0.7428931270241097	0.4178784024070966	4.301376862313803	-4.3723361221508545	
4	C38H75N2O14	[M + Na]+	C38H75N2O14	0.0	64.25699412641573	57.293548085902074	6.963446040513657	43	0.8013673983447285	1.3105460856227575	3.6490907241148665	7.261532820457691	
5	C43H75O12	[M + Na]+	C43H75O12	0.0	53.02243971976534	44.39677919571541	8.625660524049925	35	0.6639078805325657	0.6746561063710542	3.363205821079546	2.2737142597701334	
6	C39H77NO14	[M + Na]+	C39H77NO14	0.0	49.92583231749272	43.368529535766406	6.557302781726314	41	0.760885210507377	0.26071958784022814	3.40343596868576	-8.331524046144947	
