rank	molecularFormula	adduct	precursorFormula	ZodiacScore	SiriusScore	TreeScore	IsotopeScore	numExplainedPeaks	explainedIntensity	medianMassErrorFragmentPeaks(ppm)	medianAbsoluteMassErrorFragmentPeaks(ppm)	massErrorPrecursor(ppm)	lipidClass
1	C20H32O	[M + H]+	C20H32O	0.9999999999999999	86.75899043095413	86.75899043095413	0.0	35	0.8299833583155308	-0.014736826167981668	3.217815831857997	1.6095970593221023	
1	C20H34O2	[M - H2O + H]+	C20H32O	0.9999999999999999	86.75899043095413	86.75899043095413	0.0	36	0.8299833583155308	-0.014736826167981668	3.217815831857997	-62264.1615192283	
2	C17H36OS	[M + H]+	C17H36OS	0.0	73.70857017132651	73.70857017132651	0.0	31	0.8100723500182939	-0.17262794094604117	3.1355055699846286	-10.0450005689394	
2	C17H38O2S	[M - H2O + H]+	C17H36OS	0.0	73.70857017132651	73.70857017132651	0.0	32	0.8100723500182939	-0.17262794094604117	3.1355055699846286	-62275.81611685677	
3	C18H32N3O	[M - H2O + H]+	C18H30N3	0.0	71.87256166419796	71.87256166419796	0.0	32	0.8100723500182939	-0.1690587701471895	3.1355055699846286	-62259.519618427694	
3	C18H30N3	[M + H]+	C18H30N3	0.0	71.87256166419796	71.87256166419796	0.0	31	0.8100723500182939	-0.1690587701471895	3.1355055699846286	6.251497859729855	
4	C15H36N3OS	[M - H2O + H]+	C15H34N3S	0.0	70.9883017977116	70.9883017977116	0.0	32	0.8100723500182939	-0.17262794094604117	3.1355055699846286	-62271.174216055966	
4	C15H34N3S	[M + H]+	C15H34N3S	0.0	70.9883017977116	70.9883017977116	0.0	31	0.8100723500182939	-0.17262794094604117	3.1355055699846286	-5.403099768531647	
