rank	molecularFormula	adduct	precursorFormula	ZodiacScore	SiriusScore	TreeScore	IsotopeScore	numExplainedPeaks	explainedIntensity	medianMassErrorFragmentPeaks(ppm)	medianAbsoluteMassErrorFragmentPeaks(ppm)	massErrorPrecursor(ppm)	lipidClass
1	C34H64N3O8	[M + Na]+	C34H64N3O8	0.9025125628140703	115.43211820086627	115.43211820086627	0.0	32	0.5773703041144902	-0.49284498236970914	5.572333362660494	7.783008866010709	
2	C36H66O9	[M + Na]+	C36H66O9	0.09095477386934675	113.17130717343339	113.17130717343339	0.0	30	0.5429338103756709	0.6765701032261786	5.1661015276841535	5.765342211631443	
3	C42H62N2O3	[M + Na]+	C42H62N2O3	0.0065326633165829154	110.16594843275658	110.16594843275658	0.0	30	0.5449463327370303	-2.544791518374904	6.184236429613002	-2.289419708066568	
4	C32H68NO11	[M + Na]+	C32H68NO11	0.0	107.52876182012908	107.52876182012908	0.0	30	0.5552325581395349	-3.0254512281136825	6.056698529074595	-7.087805860718907	
5	C39H64NO6	[M + Na]+	C39H64NO6	0.0	105.2831679822522	105.2831679822522	0.0	30	0.5552325581395349	-2.604067752025167	5.5156426524117315	1.7379612519532757	
6	C45H60N3	[M + Na]+	C45H60N3	0.0	71.22381985600961	71.22381985600961	0.0	20	0.3774597495527728	-5.620366121569402	6.768304387930373	-6.316800667744735	
7	C47H62O	[M + Na]+	C47H62O	0.0	65.75018095104835	65.75018095104835	0.0	18	0.3441413237924865	-4.1674987542636135	6.452738625995059	-8.33446732229484	
