rank	molecularFormula	adduct	precursorFormula	ZodiacScore	SiriusScore	TreeScore	IsotopeScore	numExplainedPeaks	explainedIntensity	medianMassErrorFragmentPeaks(ppm)	medianAbsoluteMassErrorFragmentPeaks(ppm)	massErrorPrecursor(ppm)	lipidClass
1	C10H10O4	[M - H2O + H]+	C10H8O3	0.9999999999999999	19.23110097650764	19.23110097650764	0.0	6	0.11898238747553817	2.5277766631977836	2.5277766631977836	-101720.12160654837	
1	C10H8O3	[M + H]+	C10H8O3	0.9999999999999999	19.23110097650764	19.23110097650764	0.0	5	0.11898238747553817	2.5277766631977836	2.5277766631977836	2.804953697276862	
2	C8H8N3O3	[M - H2O + H]+	C8H6N3O2	0.0	10.122223404826666	10.122223404826666	0.0	6	0.11467710371819961	10.291236510422188	11.636431561597735	-101712.53818269006	
2	C8H6N3O2	[M + H]+	C8H6N3O2	0.0	10.122223404826666	10.122223404826666	0.0	5	0.11467710371819961	10.291236510422188	11.636431561597735	10.388377555434182	
3	C3H12N3O2S	[M + Na]+	C3H12N3O2S	0.0	5.126326859242506	5.126326859242506	0.0	3	0.0681017612524462	4.838470676580415	4.838470676580415	4.935612251285231	
4	C8H12NO	[M + K]+	C8H12NO	0.0	4.068569873661077	4.068569873661077	0.0	4	0.09001956947162428	-0.047108328606496525	2.72136182651957	0.39589595996330107	
5	C5H10N3O2S	[M + H]+	C5H10N3O2S	0.0	-1.0221974441861397	-1.0221974441861397	0.0	3	0.0716242661448141	-8.748757254217887	8.997307575197937	-8.651614359621966	
5	C5H12N3O3S	[M - H2O + H]+	C5H10N3O2S	0.0	-1.0221974441861397	-1.0221974441861397	0.0	4	0.0716242661448141	-8.748757254217887	8.997307575197937	-101731.5781746051	
6	C11H8N	[M + Na]+	C11H8N	0.0	-3.690355172961066	-3.690355172961066	0.0	1	0.0	1.1580796568994662	1.1580796568994662	1.2552215891249914	
