rank	molecularFormula	adduct	precursorFormula	ZodiacScore	SiriusScore	TreeScore	IsotopeScore	numExplainedPeaks	explainedIntensity	medianMassErrorFragmentPeaks(ppm)	medianAbsoluteMassErrorFragmentPeaks(ppm)	massErrorPrecursor(ppm)	lipidClass
1	C47H70N3O6	[M + Na]+	C47H70N3O6	0.9999999999999999	77.06075471547975	74.62152446839615	2.4392302470835947	36	0.6709661102680833	2.751719945731307	5.971532316749811	9.535939522256433	
2	C40H74N3O11	[M + Na]+	C40H74N3O11	0.0	64.7868269455872	61.46679305690713	3.3200338886800624	30	0.5563985837126962	5.971532316749811	5.971532316749811	2.1530907345929964	
3	C48H72N2O6	[M + Na]+	C48H72N2O6	0.0	64.50344561120534	61.66016139016483	2.8432842210405074	25	0.4542235710672736	3.1843771811941677	4.290638339949099	-6.272603727745488	
4	C45H74NO9	[M + Na]+	C45H74NO9	0.0	62.395097080447215	58.32632477033753	4.068772310109688	26	0.5005058168942844	3.610056828959698	4.1621135582507796	-2.903656387772778	
5	C49H72O7	[M + Na]+	C49H72O7	0.0	56.77574075713891	53.57260115371667	3.2031396034222417	20	0.36975214972180076	4.419163121647418	5.971532316749811	7.84813973972046	
6	C37H76N2O14	[M + Na]+	C37H76N2O14	0.0	50.93680305904122	50.17804112878779	0.7587619302534252	27	0.5088517956499748	3.1808883873455027	6.034025945138573	5.522038074565707	
7	C52H70NO4	[M + Na]+	C52H70NO4	0.0	44.607991904770124	41.39915057463853	3.2088413301315906	20	0.355083459787557	2.7586975334286374	5.556322317502811	4.479192399747749	
8	C42H76O12	[M + Na]+	C42H76O12	0.0	43.58937944458823	39.54416198177354	4.045217462814692	15	0.2647951441578149	2.407396093099122	5.763927317126312	0.465290952057024	
9	C55H68N2O	[M + Na]+	C55H68N2O	0.0	39.54678318628575	37.79739385560413	1.7493893306816268	17	0.310065756196257	3.1843771811941677	3.398993459098271	1.110245059775039	
