rank	molecularFormula	adduct	precursorFormula	ZodiacScore	SiriusScore	TreeScore	IsotopeScore	numExplainedPeaks	explainedIntensity	medianMassErrorFragmentPeaks(ppm)	medianAbsoluteMassErrorFragmentPeaks(ppm)	massErrorPrecursor(ppm)	lipidClass
1	C29H48O	[M - H2O + H]+	C29H46	0.9999999999999999	61.26789540432005	61.26789540432005	0.0	23	0.7127732631337987	0.4445622013628266	4.858685008297965	-45553.117662894656	
1	C29H46	[M + H]+	C29H46	0.9999999999999999	61.26789540432005	61.26789540432005	0.0	22	0.7127732631337987	0.4445622013628266	4.858685008297965	0.8583681265237543	
2	C26H52OS	[M - H2O + H]+	C26H50S	0.0	51.559843889149484	51.559843889149484	0.0	23	0.7127732631337987	-0.4032467812964139	5.167088241099853	-45561.644229762634	
2	C26H50S	[M + H]+	C26H50S	0.0	51.559843889149484	51.559843889149484	0.0	22	0.7127732631337987	-0.4032467812964139	5.167088241099853	-7.668198741450758	
3	C27H48	[M + Na]+	C27H48	0.0	6.192319127361685	6.192319127361685	0.0	18	0.13517225592308574	6.3210196302614	9.424513292315503	6.943055387214644	
