rank	molecularFormula	adduct	precursorFormula	ZodiacScore	SiriusScore	TreeScore	IsotopeScore	numExplainedPeaks	explainedIntensity	medianMassErrorFragmentPeaks(ppm)	medianAbsoluteMassErrorFragmentPeaks(ppm)	massErrorPrecursor(ppm)	lipidClass
1	C20H28O2	[M + Na]+	C20H28O2	0.9999999999999999	42.755528203363156	42.755528203363156	0.0	8	0.5681233933161954	0.16510899530769563	5.780410992281991	2.050980323886851	
2	C17H32O2S	[M + Na]+	C17H32O2S	0.0	32.53894132540955	32.53894132540955	0.0	10	0.6752356469580122	0.5640788493627861	7.079216357071449	-8.379528257710094	
3	C18H26N3O	[M + Na]+	C18H26N3O	0.0	25.81992068351765	25.81992068351765	0.0	9	0.6289631533847474	3.996164861182102	6.466893288649496	6.205339631686217	
4	C15H30N3OS	[M + Na]+	C15H30N3OS	0.0	23.54747072659419	23.54747072659419	0.0	11	0.7557840616966582	1.469980398179829	6.466893288649496	-4.225168950086607	
