rank	molecularFormula	adduct	precursorFormula	ZodiacScore	SiriusScore	TreeScore	IsotopeScore	numExplainedPeaks	explainedIntensity	medianMassErrorFragmentPeaks(ppm)	medianAbsoluteMassErrorFragmentPeaks(ppm)	massErrorPrecursor(ppm)	lipidClass
1	C13H14O	[M + H]+	C13H14O	0.9999999999999999	12.894212959170465	12.894212959170465	0.0	2	0.35714285714285715	0.7469068241381035	0.7469068241381035	2.760405231454518	
1	C13H16O2	[M - H2O + H]+	C13H14O	0.9999999999999999	12.894212959170465	12.894212959170465	0.0	3	0.35714285714285715	0.7469068241381035	0.7469068241381035	-96252.63661702973	
2	C6H18N3S	[M + Na]+	C6H18N3S	0.0	-0.6094379124341003	-0.6094379124341003	0.0	1	0.0	NaN	NaN	4.776542517171919	
3	C11H12N3	[M + H]+	C11H12N3	0.0	-3.605170185988091	-3.605170185988091	0.0	1	0.0	NaN	NaN	9.93622585472533	
4	C8H16N3S	[M + H]+	C8H16N3S	0.0	-5.214608098422191	-5.214608098422191	0.0	1	0.0	NaN	NaN	-8.080381050493362	
