rank	molecularFormula	adduct	precursorFormula	ZodiacScore	SiriusScore	TreeScore	IsotopeScore	numExplainedPeaks	explainedIntensity	medianMassErrorFragmentPeaks(ppm)	medianAbsoluteMassErrorFragmentPeaks(ppm)	massErrorPrecursor(ppm)	lipidClass
1	C10H10O4	[M - H2O + H]+	C10H8O3	0.9999999999999999	11.161560492159069	11.161560492159069	0.0	4	0.10024708789269325	3.2450324407703857	3.2450324407703857	-101720.29361876001	
1	C10H8O3	[M + H]+	C10H8O3	0.9999999999999999	11.161560492159069	11.161560492159069	0.0	3	0.10024708789269325	3.2450324407703857	3.2450324407703857	2.6488235460838827	
2	C3H12N3O2S	[M + Na]+	C3H12N3O2S	0.0	-0.23910144062116712	-0.23910144062116712	0.0	3	0.05118249205788916	4.838470676580415	4.838470676580415	4.779482432753227	
3	C11H8N	[M + Na]+	C11H8N	0.0	-1.6543188203464352	-1.6543188203464352	0.0	3	0.10024708789269325	3.2450324407703857	3.2450324407703857	1.099091195971425	
4	C8H8N3O3	[M - H2O + H]+	C8H6N3O2	0.0	-2.68156917767789	-2.68156917767789	0.0	4	0.04800564772326156	-6.081926746787567	10.291236510422188	-101712.71019371769	
4	C8H6N3O2	[M + H]+	C8H6N3O2	0.0	-2.68156917767789	-2.68156917767789	0.0	3	0.04800564772326156	-6.081926746787567	10.291236510422188	10.232248588245637	
5	C8H12NO	[M + K]+	C8H12NO	0.0	-3.208935430820776	-3.208935430820776	0.0	2	0.026826685492410872	-5.295798180199472	5.5945521244605905	0.23976543264271782	
6	C5H10N3O2S	[M + H]+	C5H10N3O2S	0.0	-4.286941871438968	-4.286941871438968	0.0	2	0.0677726791387222	-0.35547547266879764	8.393281781549089	-8.807746299535667	
6	C5H12N3O3S	[M - H2O + H]+	C5H10N3O2S	0.0	-4.286941871438968	-4.286941871438968	0.0	3	0.0677726791387222	-0.35547547266879764	8.393281781549089	-101731.75018860548	
