rank	molecularFormula	adduct	precursorFormula	ZodiacScore	SiriusScore	TreeScore	IsotopeScore	numExplainedPeaks	explainedIntensity	medianMassErrorFragmentPeaks(ppm)	medianAbsoluteMassErrorFragmentPeaks(ppm)	massErrorPrecursor(ppm)	lipidClass
1	C20H28O3	[M + H]+	C20H28O3	0.9999999999999999	86.82356017283035	83.15348913420459	3.6700710386257622	25	0.7739542023794297	4.028654238832817	5.64300101239083	1.2780286610001865	
1	C20H30O4	[M - H2O + H]+	C20H28O3	0.9999999999999999	86.82356017283035	83.15348913420459	3.6700710386257622	26	0.7739542023794297	4.028654238832817	5.64300101239083	-56776.4969667095	
2	C18H26N3O2	[M + H]+	C18H26N3O2	0.0	57.35155019925367	54.8604639644752	2.491086234778469	29	0.8050402967890499	4.028654238832817	5.459210201862917	5.510800446708303	
2	C18H28N3O3	[M - H2O + H]+	C18H26N3O2	0.0	57.35155019925367	54.8604639644752	2.491086234778469	30	0.8050402967890499	4.028654238832817	5.459210201862917	-56772.26419492361	
3	C23H26N	[M + H]+	C23H26N	0.0	55.93507449902182	54.36886174962616	1.56621274939566	26	0.793889386380112	3.0213038201081415	5.830385245226594	-7.170832036651295	
3	C23H28NO	[M - H2O + H]+	C23H26N	0.0	55.93507449902182	54.36886174962616	1.56621274939566	27	0.793889386380112	3.0213038201081415	5.830385245226594	-56784.94582740697	
