rank	molecularFormula	adduct	precursorFormula	ZodiacScore	SiriusScore	TreeScore	IsotopeScore	numExplainedPeaks	explainedIntensity	medianMassErrorFragmentPeaks(ppm)	medianAbsoluteMassErrorFragmentPeaks(ppm)	massErrorPrecursor(ppm)	lipidClass
1	C36H66O12	[M + Na]+	C36H66O12	0.9974874371859295	48.127402615488975	42.852287516001084	5.275115099487895	37	0.7842851464157947	1.3340160897191538	4.237992222656737	1.3198456791120443	
2	C34H64N3O11	[M + Na]+	C34H64N3O11	0.0025125628140703522	44.062440037501304	38.609299663725054	5.4531403737762485	44	0.8614681330329936	5.281772945421869	5.906977644458352	3.201816804839761	
3	C31H66N2O14	[M + Na]+	C31H66N2O14	0.0	42.82003792925671	37.52637397670621	5.293663952550499	36	0.6902742811713267	4.729434159078248	5.835341194650855	6.958341532197763	
4	C42H62N2O6	[M + Na]+	C42H62N2O6	0.0	40.21182922056021	40.21182922056021	0.0	32	0.7051808665694983	0.6540169059041858	4.596439555888125	-6.193203775603959	
5	C39H64NO9	[M + Na]+	C39H64NO9	0.0	38.27946440254328	35.993202607358775	2.2862617951845055	38	0.7500993772359881	4.02052876619525	5.755642515728681	-2.4366790480866087	
6	C43H62O7	[M + Na]+	C43H62O7	0.0	35.70322408437518	35.70322408437518	0.0	31	0.6333642506956411	3.1819346044174845	5.883532398947827	9.552047381882073	
7	C46H60NO4	[M + Na]+	C46H60NO4	0.0	15.431432868286791	15.431432868286791	0.0	34	0.679011527759375	1.3772673633851817	5.153924843500048	5.79552265468342	
8	C49H58N2O	[M + Na]+	C49H58N2O	0.0	0.8224565222536313	0.8224565222536313	0.0	19	0.3574267921028225	0.15963968233886439	5.352962797880582	2.038997927166069	
