rank	molecularFormula	adduct	precursorFormula	ZodiacScore	SiriusScore	TreeScore	IsotopeScore	numExplainedPeaks	explainedIntensity	medianMassErrorFragmentPeaks(ppm)	medianAbsoluteMassErrorFragmentPeaks(ppm)	massErrorPrecursor(ppm)	lipidClass
1	C27H59NO	[M - H2O + H]+	C27H57N	0.9999999999999999	69.15135877679987	69.15135877679987	0.0	22	0.55168776371308	-1.9514993751361496	7.8554302247325785	-45426.54722220129	
1	C27H57N	[M + H]+	C27H57N	0.9999999999999999	69.15135877679987	69.15135877679987	0.0	21	0.55168776371308	-1.9514993751361496	7.8554302247325785	2.220539279786862	
