rank	molecularFormula	adduct	precursorFormula	ZodiacScore	SiriusScore	TreeScore	IsotopeScore	numExplainedPeaks	explainedIntensity	medianMassErrorFragmentPeaks(ppm)	medianAbsoluteMassErrorFragmentPeaks(ppm)	massErrorPrecursor(ppm)	lipidClass
1	C29H48O5	[M - H2O + H]+	C29H46O4	0.9999999999999999	86.2684062920451	81.95591811598942	4.312488176055683	29	0.6714303314032279	2.2542501010552485	6.307159344559074	-39207.47228148776	
1	C29H46O4	[M + H]+	C29H46O4	0.9999999999999999	86.2684062920451	81.95591811598942	4.312488176055683	28	0.6714303314032279	2.2542501010552485	6.307159344559074	1.5384021391432765	
2	C27H48O4	[M + Na]+	C27H48O4	0.0	84.00764471678562	80.42853405060488	3.579110666180733	33	0.7293334975976348	3.471690108209982	4.532220335136925	6.7755864334076	
3	C27H50NO2	[M + K]+	C27H50NO2	0.0	78.19157944656416	77.52042772171232	0.671151724851835	31	0.7035850683750156	2.5957278237137675	4.409866587472781	0.6098329979098153	
4	C27H46N3O4	[M - H2O + H]+	C27H44N3O3	0.0	77.44966028995574	73.56400979561332	3.885650494342425	33	0.7159048909695701	2.2542501010552485	6.9323668059228885	-39204.549257572486	
4	C27H44N3O3	[M + H]+	C27H44N3O3	0.0	77.44966028995574	73.56400979561332	3.885650494342425	32	0.7159048909695701	2.2542501010552485	6.9323668059228885	4.46142605453522	
5	C30H46NO	[M + Na]+	C30H46NO	0.0	70.80112330323347	67.17804101089631	3.6230822923371657	31	0.7066650240236542	4.0576627477471074	4.970360570882388	0.941059290019572	
6	C32H46NO2	[M - H2O + H]+	C32H44NO	0.0	68.34937138344473	66.52892304564931	1.8204483377954306	29	0.6709375384994457	2.2542501010552485	6.9323668059228885	-39213.30680863127	
6	C32H44NO	[M + H]+	C32H44NO	0.0	68.34937138344473	66.52892304564931	1.8204483377954306	28	0.6709375384994457	2.2542501010552485	6.9323668059228885	-4.296125004244751	
