rank	molecularFormula	adduct	precursorFormula	ZodiacScore	SiriusScore	TreeScore	IsotopeScore	numExplainedPeaks	explainedIntensity	medianMassErrorFragmentPeaks(ppm)	medianAbsoluteMassErrorFragmentPeaks(ppm)	massErrorPrecursor(ppm)	lipidClass
1	C14H30N2O5	[M - H2O + H]+	C14H28N2O4	0.9964824120603015	82.4276790665325	82.4276790665325	0.0	37	0.8359969334198263	-0.17262794094604117	3.4186355394233985	-62283.94892809155	
1	C14H28N2O4	[M + H]+	C14H28N2O4	0.9964824120603015	82.4276790665325	82.4276790665325	0.0	36	0.8359969334198263	-0.17262794094604117	3.4186355394233985	-8.828131848240476	
2	C15H32NO3S	[M - H2O + H]+	C15H30NO2S	0.003517587939698493	76.33904776617919	76.33904776617919	0.0	42	0.8804918322816532	-0.17084335554661534	4.127097303313095	-62266.03052064293	
2	C15H30NO2S	[M + H]+	C15H30NO2S	0.003517587939698493	76.33904776617919	76.33904776617919	0.0	41	0.8804918322816532	-0.17084335554661534	4.127097303313095	9.090275600384127	
