rank	molecularFormula	adduct	precursorFormula	ZodiacScore	SiriusScore	TreeScore	IsotopeScore	numExplainedPeaks	explainedIntensity	medianMassErrorFragmentPeaks(ppm)	medianAbsoluteMassErrorFragmentPeaks(ppm)	massErrorPrecursor(ppm)	lipidClass
1	C20H22O3	[M + Na]+	C20H22O3	0.9999999999999999	94.88053999628436	94.88053999628436	0.0	15	0.4691124898840032	2.0553579067477137	2.0553579067477137	2.1494890130925923	
2	C17H26O3S	[M + Na]+	C17H26O3S	0.0	88.19740692382824	88.19740692382824	0.0	19	0.5716212570811977	2.099268778211573	2.76534317545883	-7.969556652783961	
3	C18H20N3O2	[M + Na]+	C18H20N3O2	0.0	85.23463244219984	85.23463244219984	0.0	19	0.565147019152954	1.6821786305818283	3.5008211573786854	6.179795993566327	
4	C15H24N3O2S	[M + Na]+	C15H24N3O2S	0.0	84.87506516838452	84.87506516838452	0.0	21	0.6077690855138926	2.099268778211573	3.5008211573786854	-3.939249672310226	
5	C12H26N2O5S	[M + Na]+	C12H26N2O5S	0.0	83.81179883765573	83.81179883765573	0.0	20	0.5848394928513622	3.133082166418758	3.605129603636303	4.105479401383115	
6	C23H20N	[M + Na]+	C23H20N	0.0	79.25700022621156	79.25700022621156	0.0	15	0.4691124898840032	1.6821786305818283	2.099268778211573	-5.895240060600749	
7	C13H30N2S3	[M + Na]+	C13H30N2S3	0.0	77.72228728723711	77.72228728723711	0.0	19	0.5718910169948747	1.6821786305818283	2.76534317545883	1.4969359058182472	
