rank	molecularFormula	adduct	precursorFormula	ZodiacScore	SiriusScore	TreeScore	IsotopeScore	numExplainedPeaks	explainedIntensity	medianMassErrorFragmentPeaks(ppm)	medianAbsoluteMassErrorFragmentPeaks(ppm)	massErrorPrecursor(ppm)	lipidClass
1	C17H24O5	[M - H2O + H]+	C17H22O4	0.9999999999999999	141.4851700726227	137.92894989028204	3.5562201823406694	28	0.6619579500657028	0.8739768161939232	5.7275352327662565	-61859.42144207945	
1	C17H22O4	[M + H]+	C17H22O4	0.9999999999999999	141.4851700726227	137.92894989028204	3.5562201823406694	27	0.6619579500657028	0.8739768161939232	5.7275352327662565	-1.1899649693027987	
2	C15H24O4	[M + Na]+	C15H24O4	0.0	128.95515894467178	128.95515894467178	0.0	28	0.6941524310118263	4.030578926206705	7.500656878213931	7.072496967748074	
3	C18H22NO	[M + Na]+	C18H22NO	0.0	121.92728940467008	117.83839373902677	4.088895665643305	28	0.6929478756022776	0.963561866115569	4.922622414294009	-2.132364983688283	
4	C15H22N3O4	[M - H2O + H]+	C15H20N3O3	0.0	118.41806561611287	117.40007301031832	1.0179926057945496	29	0.6699518177836179	1.0482615640643145	5.822253710732809	-61854.80992327755	
4	C15H20N3O3	[M + H]+	C15H20N3O3	0.0	118.41806561611287	117.40007301031832	1.0179926057945496	28	0.6699518177836179	1.0482615640643145	5.822253710732809	3.421553832597209	
5	C20H20NO	[M + H]+	C20H20NO	0.0	112.2120664750977	109.08465112851641	3.1274153465812913	25	0.646298729741568	0.8739768161939232	5.916972188699361	-10.394826920739156	
5	C20H22NO2	[M - H2O + H]+	C20H20NO	0.0	112.2120664750977	109.08465112851641	3.1274153465812913	26	0.646298729741568	0.8739768161939232	5.916972188699361	-61868.62630403108	
