rank	molecularFormula	adduct	precursorFormula	ZodiacScore	SiriusScore	TreeScore	IsotopeScore	numExplainedPeaks	explainedIntensity	medianMassErrorFragmentPeaks(ppm)	medianAbsoluteMassErrorFragmentPeaks(ppm)	massErrorPrecursor(ppm)	lipidClass
1	C20H32O	[M - H2O + H]+	C20H30	0.9999999999999999	69.76178969732157	69.76178969732157	0.0	29	0.8200577405461685	0.20951096658691326	3.358488097979106	-66398.2385231209	
1	C20H34O2	[M - H4O2 + H]+	C20H30	0.9999999999999999	69.76178969732157	69.76178969732157	0.0	29	0.8200577405461685	0.20951096658691326	3.358488097979106	-132798.45403940548	
1	C20H30	[M + H]+	C20H30	0.9999999999999999	69.76178969732157	69.76178969732157	0.0	28	0.8200577405461685	0.20951096658691326	3.358488097979106	1.976993163463695	
