rank	molecularFormula	adduct	precursorFormula	ZodiacScore	SiriusScore	TreeScore	IsotopeScore	numExplainedPeaks	explainedIntensity	medianMassErrorFragmentPeaks(ppm)	medianAbsoluteMassErrorFragmentPeaks(ppm)	massErrorPrecursor(ppm)	lipidClass
1	C27H56O10	[M + Na]+	C27H56O10	0.5246231155778894	14.6749146962787	8.74022117229499	5.93469352398371	7	0.16152330925804326	2.4065882809313504	6.154525398277224	1.3213900357947825	
2	C25H54N3O9	[M + Na]+	C25H54N3O9	0.4010050251256282	14.289773854744901	8.982689274235128	5.307084580509774	16	0.35160866710439903	3.3664790183214297	5.1923980114371595	3.7046666936418227	
3	C33H52N2O4	[M + Na]+	C33H52N2O4	0.07236180904522613	12.817450030402675	10.024056923506464	2.793393106896211	9	0.21208141825344706	3.5841040553282846	6.624275332513058	-8.192929896914908	
4	C30H54NO7	[M + Na]+	C30H54NO7	0.0020100502512562816	8.772277441307732	3.549885887378803	5.222391553928929	9	0.21240971766250816	-3.991586611748359	6.624275332513058	-3.43576993066096	
5	C37H50NO2	[M + Na]+	C37H50NO2	0.0	0.577621490436063	-0.472555170389513	1.050176660825576	8	0.19041365725541687	4.280556839604287	7.37866372566378	6.989264700884603	
