rank	molecularFormula	adduct	precursorFormula	ZodiacScore	SiriusScore	TreeScore	IsotopeScore	numExplainedPeaks	explainedIntensity	medianMassErrorFragmentPeaks(ppm)	medianAbsoluteMassErrorFragmentPeaks(ppm)	massErrorPrecursor(ppm)	lipidClass
1	C20H28O2	[M - H2O + H]+	C20H26O	0.9999999999999999	92.70981279642497	89.06951892236432	3.6402938740606485	28	0.7099612812390005	-0.45688912315327856	3.398993459098271	-63593.757300754696	
1	C20H26O	[M + H]+	C20H26O	0.9999999999999999	92.70981279642497	89.06951892236432	3.6402938740606485	27	0.7099612812390005	-0.45688912315327856	3.398993459098271	1.5066471754419994	
2	C18H26N3O	[M - H2O + H]+	C18H24N3	0.0	58.706800475718524	56.68490797807162	2.0218924976469053	29	0.7324005631819782	-0.23157859981823659	6.01776947806236	-63589.01628652903	
2	C18H24N3	[M + H]+	C18H24N3	0.0	58.706800475718524	56.68490797807162	2.0218924976469053	28	0.7324005631819782	-0.23157859981823659	6.01776947806236	6.2476614009097595	
