rank	molecularFormula	adduct	precursorFormula	ZodiacScore	SiriusScore	TreeScore	IsotopeScore	numExplainedPeaks	explainedIntensity	medianMassErrorFragmentPeaks(ppm)	medianAbsoluteMassErrorFragmentPeaks(ppm)	massErrorPrecursor(ppm)	lipidClass
1	C16H24O	[M - H2O + H]+	C16H22	0.9999999999999999	37.951630841727365	37.951630841727365	0.0	11	0.42539562923888463	0.9527790346475736	3.049022834861634	-83698.83181035635	
1	C16H22	[M + H]+	C16H22	0.9999999999999999	37.951630841727365	37.951630841727365	0.0	10	0.42539562923888463	0.9527790346475736	3.049022834861634	1.2779339765059412	
