rank	molecularFormula	adduct	precursorFormula	ZodiacScore	SiriusScore	TreeScore	IsotopeScore	numExplainedPeaks	explainedIntensity	medianMassErrorFragmentPeaks(ppm)	medianAbsoluteMassErrorFragmentPeaks(ppm)	massErrorPrecursor(ppm)	lipidClass
1	C23H47NO5	[M - H2O + H]+	C23H45NO4	0.9999999999999999	20.784501895437845	17.79970004286463	2.9848018525732165	6	0.5348557692307692	2.164666132165299	4.002038026693601	-44987.08702280679	
1	C23H45NO4	[M + H]+	C23H45NO4	0.9999999999999999	20.784501895437845	17.79970004286463	2.9848018525732165	5	0.5348557692307692	2.164666132165299	4.002038026693601	0.8084114657149134	
2	C26H43N2O	[M + H]+	C26H43N2O	0.0	12.065416296244074	12.065416296244074	0.0	5	0.5348557692307692	2.164666132165299	4.002038026693601	-5.88604708993559	
2	C26H45N2O2	[M - H2O + H]+	C26H43N2O	0.0	12.065416296244074	12.065416296244074	0.0	6	0.5348557692307692	2.164666132165299	4.002038026693601	-44993.78148136258	
