rank	molecularFormula	adduct	precursorFormula	ZodiacScore	SiriusScore	TreeScore	IsotopeScore	numExplainedPeaks	explainedIntensity	medianMassErrorFragmentPeaks(ppm)	medianAbsoluteMassErrorFragmentPeaks(ppm)	massErrorPrecursor(ppm)	lipidClass
1	C19H22O4	[M + H]+	C19H22O4	0.9999999999999999	141.76032884814478	137.4131053949913	4.347223453153477	44	0.9099537733526628	1.0683436313273047	3.049019545173045	2.8580072007455315	
2	C17H20N3O3	[M + H]+	C17H20N3O3	0.0	117.70559371517973	114.7317386187966	2.973855096383128	44	0.9099537733526628	1.0683436313273047	3.12401299840593	7.118332299409364	
3	C22H20NO	[M + H]+	C22H20NO	0.0	115.19053555112372	113.18233164480493	2.008203906318778	44	0.9099537733526628	0.7478978479280233	3.12401299840593	-5.64585152477515	
