rank	molecularFormula	adduct	precursorFormula	ZodiacScore	SiriusScore	TreeScore	IsotopeScore	numExplainedPeaks	explainedIntensity	medianMassErrorFragmentPeaks(ppm)	medianAbsoluteMassErrorFragmentPeaks(ppm)	massErrorPrecursor(ppm)	lipidClass
1	C20H44N3O9	[M + Na]+	C20H44N3O9	0.9999999999999999	77.3036259322723	76.090281921263	1.2133440110093012	27	0.46692015209125465	1.8627597787122836	6.348764394384714	4.1189318985374035	
2	C22H46O10	[M + Na]+	C22H46O10	0.0	60.87925475483773	60.287940751467076	0.5913140033706568	16	0.2750316856780735	1.0907118398172966	6.693573292055663	1.397085757658297	
3	C25H44NO7	[M + Na]+	C25H44NO7	0.0	58.75436385742225	58.75436385742225	0.0	19	0.32192648922686945	6.373902926259449	6.880075615879079	-4.035878750589896	
4	C32H40NO2	[M + Na]+	C32H40NO2	0.0	49.49969533055154	49.49969533055154	0.0	15	0.256020278833967	0.06582244009289333	7.7550550882632345	7.870141553641421	
