rank	molecularFormula	adduct	precursorFormula	ZodiacScore	SiriusScore	TreeScore	IsotopeScore	numExplainedPeaks	explainedIntensity	medianMassErrorFragmentPeaks(ppm)	medianAbsoluteMassErrorFragmentPeaks(ppm)	massErrorPrecursor(ppm)	lipidClass
1	C11H12O2	[M - H2O + H]+	C11H10O	0.9999999999999999	23.498163663343924	20.280141150511245	3.21802251283268	5	0.30769230769230765	3.267968315735919	3.267968315735919	-113214.15578823986	
1	C11H10O	[M + H]+	C11H10O	0.9999999999999999	23.498163663343924	20.280141150511245	3.21802251283268	4	0.30769230769230765	3.267968315735919	3.267968315735919	2.2971769313342323	
2	C9H10N3O	[M - H2O + H]+	C9H8N3	0.0	0.4746057970613662	-1.2825113754588924	1.7571171725202586	3	0.15273132664437014	8.708066863769194	8.708066863769194	-113205.7155242836	
2	C9H8N3	[M + H]+	C9H8N3	0.0	0.4746057970613662	-1.2825113754588924	1.7571171725202586	2	0.15273132664437014	8.708066863769194	8.708066863769194	10.737440887579252	
