rank	molecularFormula	adduct	precursorFormula	ZodiacScore	SiriusScore	TreeScore	IsotopeScore	numExplainedPeaks	explainedIntensity	medianMassErrorFragmentPeaks(ppm)	medianAbsoluteMassErrorFragmentPeaks(ppm)	massErrorPrecursor(ppm)	lipidClass
1	C12H12O2	[M - H2O + H]+	C12H10O	0.9999999999999999	63.85774427149954	63.85774427149954	0.0	13	0.6240831295843522	-5.7363984245173105	5.7363984245173105	-105271.07736548684	
1	C12H10O	[M + H]+	C12H10O	0.9999999999999999	63.85774427149954	63.85774427149954	0.0	12	0.6240831295843522	-5.7363984245173105	5.7363984245173105	3.9256361632665433	
2	C7H16OS	[M + Na]+	C7H16OS	0.0	29.599437529897347	29.599437529897347	0.0	9	0.527913610431948	-4.581684693665661	8.001172829743108	-1.7175349798837551	
3	C5H14N3S	[M + Na]+	C5H14N3S	0.0	9.258714903060696	9.258714903060696	0.0	3	0.20599022004889977	-2.854492434723014	6.054741929283653	6.130695467697555	
4	C7H12N3S	[M + H]+	C7H12N3S	0.0	-4.14919038247265	-4.14919038247265	0.0	2	0.09759576202118991	-6.166622392389004	6.166622392389004	-7.930985321639575	
4	C7H14N3OS	[M - H2O + H]+	C7H12N3S	0.0	-4.14919038247265	-4.14919038247265	0.0	3	0.09759576202118991	-6.166622392389004	6.166622392389004	-105282.93398697175	
