rank	molecularFormula	adduct	precursorFormula	ZodiacScore	SiriusScore	TreeScore	IsotopeScore	numExplainedPeaks	explainedIntensity	medianMassErrorFragmentPeaks(ppm)	medianAbsoluteMassErrorFragmentPeaks(ppm)	massErrorPrecursor(ppm)	lipidClass
1	C23H50N2O3S	[M + Na]+	C23H50N2O3S	0.5085427135678392	8.63704247453224	8.63704247453224	0.0	13	0.2451996342578482	-3.741031380235822	5.850986817264763	-1.277534882541131	
2	C26H46N2O3	[M + Na]+	C26H46N2O3	0.3231155778894472	8.532757047945866	8.532757047945866	0.0	9	0.16976531545260592	3.664368366203664	6.200966297945564	6.093582854351089	
3	C31H46O	[M + Na]+	C31H46O	0.16532663316582913	7.788145023060288	7.788145023060288	0.0	4	0.0818348064614447	-5.698827519823622	5.698827519823622	-2.7023565424964753	
4	C29H44N3	[M + Na]+	C29H44N3	0.0030150753768844224	3.954715399665485	3.954715399665485	0.0	8	0.16199329472721732	2.0026163790075193	6.1916600405292765	0.23348031893507487	
5	C26H48N3S	[M + Na]+	C26H48N3S	0.0	1.7399119394142248	1.7399119394142248	0.0	9	0.17007010057909178	3.664368366203664	7.268686962163245	-7.137637417957146	
