rank	molecularFormula	adduct	precursorFormula	ZodiacScore	SiriusScore	TreeScore	IsotopeScore	numExplainedPeaks	explainedIntensity	medianMassErrorFragmentPeaks(ppm)	medianAbsoluteMassErrorFragmentPeaks(ppm)	massErrorPrecursor(ppm)	lipidClass
1	C16H20O	[M + H]+	C16H20O	0.9999999999999999	54.641992046818345	54.641992046818345	0.0	11	0.5682170542635658	0.1023597645880524	6.740828744059691	2.3921720056794453	
1	C16H22O2	[M - H2O + H]+	C16H20O	0.9999999999999999	54.641992046818345	54.641992046818345	0.0	12	0.5682170542635658	0.1023597645880524	6.740828744059691	-78591.70986737646	
2	C14H20N3O	[M - H2O + H]+	C14H18N3	0.0	44.11513028474743	44.11513028474743	0.0	12	0.5682170542635658	0.1023597645880524	6.740828744059691	-78585.85069276673	
2	C14H18N3	[M + H]+	C14H18N3	0.0	44.11513028474743	44.11513028474743	0.0	11	0.5682170542635658	0.1023597645880524	6.740828744059691	8.251346615402543	
3	C9H24N3S	[M + Na]+	C9H24N3S	0.0	34.815625112309355	34.815625112309355	0.0	12	0.6160206718346253	-2.3587038586233824	6.3978391954853775	4.038380991991452	
4	C11H24N3OS	[M - H2O + H]+	C11H22N3S	0.0	27.12243549238061	27.12243549238061	0.0	12	0.6297157622739018	-2.226259568720722	4.58658395291428	-78600.56154623904	
4	C11H22N3S	[M + H]+	C11H22N3S	0.0	27.12243549238061	27.12243549238061	0.0	11	0.6297157622739018	-2.226259568720722	4.58658395291428	-6.459506856893808	
