rank	molecularFormula	adduct	precursorFormula	ZodiacScore	SiriusScore	TreeScore	IsotopeScore	numExplainedPeaks	explainedIntensity	medianMassErrorFragmentPeaks(ppm)	medianAbsoluteMassErrorFragmentPeaks(ppm)	massErrorPrecursor(ppm)	lipidClass
1	C19H28O4	[M - H4O2 + H]+	C19H24O2	0.9999999999999999	119.95296730032439	119.95296730032439	0.0	39	0.8500613009046026	1.4517156542125358	3.996997695601765	-126312.77699554688	
1	C19H26O3	[M - H2O + H]+	C19H24O2	0.9999999999999999	119.95296730032439	119.95296730032439	0.0	39	0.8500613009046026	1.4517156542125358	3.996997695601765	-63158.51816539585	
1	C19H24O2	[M + H]+	C19H24O2	0.9999999999999999	119.95296730032439	119.95296730032439	0.0	38	0.8500613009046026	1.4517156542125358	3.996997695601765	-4.259335245007956	
2	C17H26O2	[M + Na]+	C17H26O2	0.0	111.54986788616462	110.07540695277105	1.4744609333935679	38	0.8251101759501641	1.4517156542125358	4.2240084062890135	4.176238279913611	
3	C17H22N3O	[M + H]+	C17H22N3O	0.0	94.870652687102	93.7520674100454	1.118585277056591	37	0.821100765432917	1.173426377276832	3.62798006423695	0.4488021372104269	
3	C17H26N3O3	[M - H4O2 + H]+	C17H22N3O	0.0	94.870652687102	93.7520674100454	1.118585277056591	38	0.821100765432917	1.173426377276832	3.62798006423695	-126308.06885816467	
3	C17H24N3O2	[M - H2O + H]+	C17H22N3O	0.0	94.870652687102	93.7520674100454	1.118585277056591	38	0.821100765432917	1.173426377276832	3.62798006423695	-63153.81002801383	
4	C14H30O2S	[M + Na]+	C14H30O2S	0.0	86.98152745704456	86.98152745704456	0.0	38	0.8543357964147256	1.9407451959408193	4.292036135662514	-7.644662063780484	
5	C12H28N3OS	[M + Na]+	C12H28N3OS	0.0	62.43414588487928	62.07699211350353	0.3571537713757462	30	0.7701713111766461	2.2923203400975587	3.8710807440284625	-2.936524681362779	
