rank	formulaRank	ConfidenceScore	CSI:FingerIDScore	molecularFormula	adduct	InChIkey2D	InChI	name	smiles	xlogp	pubchemids	links	dbflags
1	1	N/A	-272.71650967633377	C19H26O3	[M - H2O + H]+	SGCHZBKQDFNHSL	InChI=1S/C19H26O3/c1-17(2,21)12-6-7-14-13(10-12)15(20)11-16-18(14,3)8-5-9-19(16,4)22/h6-7,10,16,21-22H,5,8-9,11H2,1-4H3	(1R,4aS,10aR)-1-hydroxy-7-(2-hydroxypropan-2-yl)-1,4a-dimethyl-3,4,10,10a-tetrahydro-2H-phenanthren-9-one	CC12CCCC(C1CC(=O)C3=C2C=CC(=C3)C(C)(C)O)(C)O	2.5999999	3009629;78297552;100955958;129316614	COCONUT:(CNP0151717);KNApSAcK:(49925);Natural Products:(UNPD19751 UNPD179972);PubChem:(3009629 78297552 100955958 129316614);PNC:(LTS0140206 LTS0171116);SuperNatural:(SN00390572 SN00324314);PubMed	68722655314
1	1	0.04789369753849722	-148.55058770354032	C19H28O4	[M - H4O2 + H]+	JXHQWTYFUSHCGX	InChI=1S/C19H28O4/c1-12-7-9-15-18(3,10-5-11-19(15,4)17(22)23)14(12)8-6-13(2)16(20)21/h6,14-15H,1,5,7-11H2,2-4H3,(H,20,21)(H,22,23)	15-nor-Labda-8(17),12E-dien-13,19-dienoic acid	CC(=CCC1C(=C)CCC2C1(CCCC2(C)C(=O)O)C)C(=O)O	4.0	637057;11759027;22297540;22297541	COCONUT:(CNP0197850);Natural Products:(UNPD105001 UNPD174489);PubChem:(637057 11759027 22297540 22297541);PNC:(LTS0058186 LTS0165757 LTS0048384);SuperNatural:(SN00402607);PubMed	68722655298
2	1	N/A	-152.6557256191223	C19H28O4	[M - H4O2 + H]+	FZMONKRUPXQHKO	InChI=1S/C19H28O4/c1-11-5-7-13-12(15(11)16(20)21)6-8-14-18(13,2)9-4-10-19(14,3)17(22)23/h11,13-14H,4-10H2,1-3H3,(H,20,21)(H,22,23)	null	CC1CCC2C(=C1C(=O)O)CCC3C2(CCCC3(C)C(=O)O)C	3.97728777	""	COCONUT:(CNP0218294);Natural Products:(UNPD93474);PNC:(LTS0266553);SuperNatural:(SN00337919)	68722655232