rank	molecularFormula	adduct	precursorFormula	ZodiacScore	SiriusScore	TreeScore	IsotopeScore	numExplainedPeaks	explainedIntensity	medianMassErrorFragmentPeaks(ppm)	medianAbsoluteMassErrorFragmentPeaks(ppm)	massErrorPrecursor(ppm)	lipidClass
1	C19H26O3	[M - H2O + H]+	C19H24O2	0.9999999999999999	68.97286716377049	68.97286716377049	0.0	25	0.7212900632974983	-0.009771524111189043	5.780410992281991	-63152.884951640095	
1	C19H24O2	[M + H]+	C19H24O2	0.9999999999999999	68.97286716377049	68.97286716377049	0.0	24	0.7212900632974983	-0.009771524111189043	5.780410992281991	1.0392516103303646	
2	C14H30O2S	[M + Na]+	C14H30O2S	0.0	48.86720159842927	48.86720159842927	0.0	31	0.7615794232894607	1.0924547313162627	5.048430368902536	-2.3460572710703818	
3	C17H22N3O	[M + H]+	C17H22N3O	0.0	47.847430947605076	47.847430947605076	0.0	24	0.7212900632974983	-0.009771524111189043	5.780410992281991	5.747364046180157	
3	C17H24N3O2	[M - H2O + H]+	C17H22N3O	0.0	47.847430947605076	47.847430947605076	0.0	25	0.7212900632974983	-0.009771524111189043	5.780410992281991	-63148.17683920446	
4	C14H26N3OS	[M + H]+	C14H26N3OS	0.0	42.000699151687236	42.000699151687236	0.0	24	0.7212900632974983	-0.009771524111189043	5.780410992281991	-6.073473663713538	
4	C14H28N3O2S	[M - H2O + H]+	C14H26N3OS	0.0	42.000699151687236	42.000699151687236	0.0	25	0.7212900632974983	-0.009771524111189043	5.780410992281991	-63159.99767691415	
5	C12H28N3OS	[M + Na]+	C12H28N3OS	0.0	38.6488778687402	38.6488778687402	0.0	31	0.7615794232894607	1.0924547313162627	5.048430368902536	2.362055164978731	
6	C17H28N	[M + K]+	C17H28N	0.0	33.14476499739666	33.14476499739666	0.0	25	0.723600924344419	-1.5762623480547697	6.746606939026172	-0.45639401144054426	
