rank	molecularFormula	adduct	precursorFormula	ZodiacScore	SiriusScore	TreeScore	IsotopeScore	numExplainedPeaks	explainedIntensity	medianMassErrorFragmentPeaks(ppm)	medianAbsoluteMassErrorFragmentPeaks(ppm)	massErrorPrecursor(ppm)	lipidClass
1	C20H32O	[M - H2O + H]+	C20H30	0.9999999999999999	73.97024497871654	73.97024497871654	0.0	31	0.7796650490056144	2.762904981671258	3.4303697471568664	-66397.42727288973	
1	C20H34O2	[M - H4O2 + H]+	C20H30	0.9999999999999999	73.97024497871654	73.97024497871654	0.0	31	0.7796650490056144	2.762904981671258	3.4303697471568664	-132797.5922759718	
1	C20H30	[M + H]+	C20H30	0.9999999999999999	73.97024497871654	73.97024497871654	0.0	30	0.7796650490056144	2.762904981671258	3.4303697471568664	2.7377301921128447	
2	C17H36OS	[M - H2O + H]+	C17H34S	0.0	62.21167764947456	62.21167764947456	0.0	32	0.7826624797792372	1.6176567877041663	3.615707053543347	-66409.85572582121	
