rank	molecularFormula	adduct	precursorFormula	ZodiacScore	SiriusScore	TreeScore	IsotopeScore	numExplainedPeaks	explainedIntensity	medianMassErrorFragmentPeaks(ppm)	medianAbsoluteMassErrorFragmentPeaks(ppm)	massErrorPrecursor(ppm)	lipidClass
1	C28H46NO3	[M - H2O + H]+	C28H44NO2	0.5100502512562815	63.310238006598134	63.310238006598134	0.0	33	0.7968475777343624	-0.4289518011674487	4.675631379688927	-42149.51155372867	
2	C25H48O6	[M - H2O + H]+	C25H46O5	0.48994974874371855	68.08436792916261	68.08436792916261	0.0	30	0.776184641875559	-0.40352400026056656	4.932123847972065	-42143.24006332834	
3	C23H46N3O5	[M - H2O + H]+	C23H44N3O4	0.0	60.245811052529845	60.245811052529845	0.0	30	0.776184641875559	-0.40352400026056656	5.479581987719621	-42140.09812637721	
4	C29H48OS	[M - H2O + H]+	C29H46S	0.0	56.44973003222145	56.44973003222145	0.0	27	0.7392628894996527	0.7189007110560808	4.245532980605063	-42137.38504424287	
5	C26H52OS2	[M - H2O + H]+	C26H50S2	0.0	55.80403549545808	55.80403549545808	0.0	27	0.7392628894996527	0.5633475943060311	3.8474106095537053	-42145.27362534657	
