rank	molecularFormula	adduct	precursorFormula	ZodiacScore	SiriusScore	TreeScore	IsotopeScore	numExplainedPeaks	explainedIntensity	medianMassErrorFragmentPeaks(ppm)	medianAbsoluteMassErrorFragmentPeaks(ppm)	massErrorPrecursor(ppm)	lipidClass
1	C19H26O3	[M - H2O + H]+	C19H24O2	0.9999999999999999	87.87409817919108	87.87409817919108	0.0	29	0.8141175115870687	1.5828436320935224	3.9054479252965644	-63152.041888732485	
1	C19H24O2	[M + H]+	C19H24O2	0.9999999999999999	87.87409817919108	87.87409817919108	0.0	28	0.8141175115870687	1.5828436320935224	3.9054479252965644	1.8322344855087451	
2	C14H30O2S	[M + Na]+	C14H30O2S	0.0	68.27281170997527	68.27281170997527	0.0	32	0.8467628177447678	-0.11255920593736879	5.040750630659056	-1.5530717113972414	
3	C14H26N3OS	[M + H]+	C14H26N3OS	0.0	60.16606824025233	60.16606824025233	0.0	26	0.8124478222068687	0.22168013361931385	2.8604925925217732	-5.280485148259958	
3	C14H28N3O2S	[M - H2O + H]+	C14H26N3OS	0.0	60.16606824025233	60.16606824025233	0.0	27	0.8124478222068687	0.22168013361931385	2.8604925925217732	-63159.15460836626	
4	C17H22N3O	[M + H]+	C17H22N3O	0.0	58.726818551662255	58.726818551662255	0.0	23	0.7958372916486744	1.8335938494568318	2.729847393984767	6.5403431879021205	
4	C17H24N3O2	[M - H2O + H]+	C17H22N3O	0.0	58.726818551662255	58.726818551662255	0.0	24	0.7958372916486744	1.8335938494568318	2.729847393984767	-63147.3337800303	
5	C17H28N	[M + K]+	C17H28N	0.0	54.748009652877954	54.748009652877954	0.0	22	0.7896767135906959	1.5828436320935224	2.570909594549679	0.33659004976043416	
6	C12H28N3OS	[M + Na]+	C12H28N3OS	0.0	52.16308643129147	52.16308643129147	0.0	30	0.8243083743558741	-0.11255920593736879	5.040750630659056	3.155036991195455	
