rank	molecularFormula	adduct	precursorFormula	ZodiacScore	SiriusScore	TreeScore	IsotopeScore	numExplainedPeaks	explainedIntensity	medianMassErrorFragmentPeaks(ppm)	medianAbsoluteMassErrorFragmentPeaks(ppm)	massErrorPrecursor(ppm)	lipidClass
1	C28H60N2O7	[M + H]+	C28H60N2O7	0.9994974874371858	30.122645397741458	24.71410520872675	5.40854018901471	8	0.3326417704011065	3.6027743868873165	6.509970049291179	2.8691339236801054	
1	C28H62N2O8	[M - H2O + H]+	C28H60N2O7	0.9994974874371858	30.122645397741458	24.71410520872675	5.40854018901471	9	0.3326417704011065	3.6027743868873165	6.509970049291179	-33508.34591376738	
2	C31H60N3O5	[M - H2O + H]+	C31H58N3O4	5.025125628140704E-4	20.642015692150324	15.984251142315147	4.657764549835177	7	0.24757952973720612	-5.489251104772908	7.27984897716447	-33513.33257602686	
2	C31H58N3O4	[M + H]+	C31H58N3O4	5.025125628140704E-4	20.642015692150324	15.984251142315147	4.657764549835177	6	0.24757952973720612	-5.489251104772908	7.27984897716447	-2.117528336017091	
3	C33H62O6	[M - H2O + H]+	C33H60O5	0.0	16.40095894122353	12.83810325314972	3.562855688073808	5	0.16459197786998617	-4.955926782654804	4.955926782654804	-33515.83083041549	
3	C33H60O5	[M + H]+	C33H60O5	0.0	16.40095894122353	12.83810325314972	3.562855688073808	4	0.16459197786998617	-4.955926782654804	4.955926782654804	-4.6157827246441405	
4	C36H58NO2	[M + H]+	C36H58NO2	0.0	3.1047877847332774	3.1047877847332774	0.0	2	0.0615491009681881	-9.652322796707804	9.652322796707804	-9.602444984129807	
4	C36H60NO3	[M - H2O + H]+	C36H58NO2	0.0	3.1047877847332774	3.1047877847332774	0.0	3	0.0615491009681881	-9.652322796707804	9.652322796707804	-33520.81749267498	
5	C40H56	[M + H]+	C40H56	0.0	2.8543893282842525	2.8543893282842525	0.0	1	0.0	6.366662783143398	6.366662783143398	6.312192604655301	
