rank	molecularFormula	adduct	precursorFormula	ZodiacScore	SiriusScore	TreeScore	IsotopeScore	numExplainedPeaks	explainedIntensity	medianMassErrorFragmentPeaks(ppm)	medianAbsoluteMassErrorFragmentPeaks(ppm)	massErrorPrecursor(ppm)	lipidClass
1	C28H40O4	[M + Na]+	C28H40O4	0.9999999999999999	51.53574790537969	51.53574790537969	0.0	25	0.74076561450638	3.6054981400160346	4.069766836621287	1.576112719205248	
2	C20H44N2O6S	[M + Na]+	C20H44N2O6S	0.0	41.42168920881797	41.42168920881797	0.0	25	0.7399820908887393	3.619028264057459	4.069766836621287	2.982666699428354	
3	C25H44O4S	[M + Na]+	C25H44O4S	0.0	40.83750211176649	40.83750211176649	0.0	28	0.7555965972688604	3.7747929731823913	4.208505391901351	-5.700499703884832	
4	C19H42N3O8	[M + Na]+	C19H42N3O8	0.0	35.673355962052185	35.673355962052185	0.0	25	0.7399820908887393	3.6054981400160346	4.09697308438837	-8.203110363789479	
5	C26H38N3O3	[M + Na]+	C26H38N3O3	0.0	35.628492267591824	35.628492267591824	0.0	26	0.7486008506827847	4.435234643096628	5.017536543376171	4.474309131405004	
6	C23H42N3O3S	[M + Na]+	C23H42N3O3S	0.0	34.099785013143	34.099785013143	0.0	25	0.7399820908887393	3.619028264057459	4.069766836621287	-2.8023032915623785	
7	C24H44N2OS2	[M + Na]+	C24H44N2OS2	0.0	26.559470504024617	26.559470504024617	0.0	32	0.5455563017685247	1.3939205986931595	5.307813885401475	8.383473771778151	
8	C31H38NO	[M + Na]+	C31H38NO	0.0	23.99669531447008	23.99669531447008	0.0	25	0.49009402283411657	2.74056381513211	4.320037699414332	-4.208857271908181	
