rank	molecularFormula	adduct	precursorFormula	ZodiacScore	SiriusScore	TreeScore	IsotopeScore	numExplainedPeaks	explainedIntensity	medianMassErrorFragmentPeaks(ppm)	medianAbsoluteMassErrorFragmentPeaks(ppm)	massErrorPrecursor(ppm)	lipidClass
1	C18H32O3	[M - H2O + H]+	C18H30O2	0.9999999999999999	74.25206865581318	74.25206865581318	0.0	29	0.7247658191550371	-0.39603123556400127	5.967168174851082	-64498.58166069035	
2	C16H30N3O2	[M - H2O + H]+	C16H28N3O	0.0	59.794072566159336	59.794072566159336	0.0	29	0.7130089848977248	-0.9622534713681132	5.847973257263549	-64493.77317740879	
