rank	molecularFormula	adduct	precursorFormula	ZodiacScore	SiriusScore	TreeScore	IsotopeScore	numExplainedPeaks	explainedIntensity	medianMassErrorFragmentPeaks(ppm)	medianAbsoluteMassErrorFragmentPeaks(ppm)	massErrorPrecursor(ppm)	lipidClass
1	C14H14O2	[M + H]+	C14H14O2	0.9999999999999999	28.994625680407182	27.684375526333028	1.3102501540741547	5	0.17780294450736125	9.784243972438786	9.784243972438786	2.4661514382295273	
1	C14H16O3	[M - H2O + H]+	C14H14O2	0.9999999999999999	28.994625680407182	27.684375526333028	1.3102501540741547	6	0.17780294450736125	9.784243972438786	9.784243972438786	-83725.86002127876	
2	C12H14N3O2	[M - H2O + H]+	C12H12N3O	0.0	16.6590464338971	15.622500173611236	1.0365462602858635	5	0.1457153642884107	9.04480664766213	9.04480664766213	-83719.61809128546	
2	C12H12N3O	[M + H]+	C12H12N3O	0.0	16.6590464338971	15.622500173611236	1.0365462602858635	4	0.1457153642884107	9.04480664766213	9.04480664766213	8.70808143165292	
3	C9H18N3O2S	[M - H2O + H]+	C9H16N3OS	0.0	10.226304636651893	10.226304636651893	0.0	7	0.21781804454511133	-4.7921044621697675	5.740335222488362	-83735.2899433182	
3	C9H16N3OS	[M + H]+	C9H16N3OS	0.0	10.226304636651893	10.226304636651893	0.0	6	0.21781804454511133	-4.7921044621697675	5.740335222488362	-6.963770601089764	
