rank	molecularFormula	adduct	precursorFormula	ZodiacScore	SiriusScore	TreeScore	IsotopeScore	numExplainedPeaks	explainedIntensity	medianMassErrorFragmentPeaks(ppm)	medianAbsoluteMassErrorFragmentPeaks(ppm)	massErrorPrecursor(ppm)	lipidClass
1	C43H84N3O9	[M + Na]+	C43H84N3O9	0.9999999999999999	76.15897582308264	67.494698583343	8.664277239739654	39	0.7365250965250961	-0.002079770990234335	3.825501458542809	1.6980035404887368	
2	C45H86O10	[M + Na]+	C45H86O10	0.0	63.49401346499807	54.36951626663521	9.12449719836286	23	0.5397683397683395	-3.454017665535722	3.514553041749557	0.03957323654066892	
3	C51H82N2O4	[M + Na]+	C51H82N2O4	0.0	58.57607339372679	52.2447151807261	6.331358213000689	30	0.6345945945945942	0.26351998784257713	4.706666213053774	-6.581075039818288	
4	C48H84NO7	[M + Na]+	C48H84NO7	0.0	57.10532843911702	48.84689502628814	8.258433412828879	29	0.6304247104247102	-0.002079770990234335	3.84688958867456	-3.270750901498388	
5	C50H80N3O4	[M + Na]+	C50H80N3O4	0.0	55.455946479391244	49.07909555274182	6.376850926649421	35	0.6838610038610036	0.5210139506718611	4.263510453455259	8.952383049447244	
6	C52H82O5	[M + Na]+	C52H82O5	0.0	53.35123845021855	46.70470223686975	6.646536213348799	24	0.5457915057915056	1.0305345941262547	4.681164876318853	7.293952745499175	
7	C55H80NO2	[M + Na]+	C55H80NO2	0.0	24.250496645153493	18.42637292264792	5.824123722505571	18	0.40138996138996136	1.1312047792800026	4.569718098596816	3.98362860760054	
