rank	molecularFormula	adduct	precursorFormula	ZodiacScore	SiriusScore	TreeScore	IsotopeScore	numExplainedPeaks	explainedIntensity	medianMassErrorFragmentPeaks(ppm)	medianAbsoluteMassErrorFragmentPeaks(ppm)	massErrorPrecursor(ppm)	lipidClass
1	C20H28O4	[M - H4O2 + H]+	C20H24O2	0.9999999999999999	85.27225607959693	85.27225607959693	0.0	24	0.7396011682948939	1.5849836244481539	5.705512111160617	-121205.52110424152	
1	C20H26O3	[M - H2O + H]+	C20H24O2	0.9999999999999999	85.27225607959693	85.27225607959693	0.0	24	0.7396011682948939	1.5849836244481539	5.705512111160617	-60601.743289351434	
1	C20H24O2	[M + H]+	C20H24O2	0.9999999999999999	85.27225607959693	85.27225607959693	0.0	23	0.7396011682948939	1.5849836244481539	5.705512111160617	2.034525538459804	
2	C18H22N3O	[M + H]+	C18H22N3O	0.0	64.21170182290919	64.21170182290919	0.0	27	0.7817000705005542	-0.33720371379766756	4.601099969221122	6.552525070388738	
2	C18H26N3O3	[M - H4O2 + H]+	C18H22N3O	0.0	64.21170182290919	64.21170182290919	0.0	28	0.7817000705005542	-0.33720371379766756	4.601099969221122	-121201.00310470958	
2	C18H24N3O2	[M - H2O + H]+	C18H22N3O	0.0	64.21170182290919	64.21170182290919	0.0	28	0.7817000705005542	-0.33720371379766756	4.601099969221122	-60597.2252898197	
