rank	formulaRank	ConfidenceScore	CSI:FingerIDScore	molecularFormula	adduct	InChIkey2D	InChI	name	smiles	xlogp	pubchemids	links	dbflags
1	1	0.5474575703723471	-4.459012811612771	C15H14O6	[M + H]+	PFTAWBLQPZVEMU	InChI=1S/C15H14O6/c16-8-4-11(18)9-6-13(20)15(21-14(9)5-8)7-1-2-10(17)12(19)3-7/h1-5,13,15-20H,6H2	Catergen	C1C(C(OC2=CC(=CC(=C21)O)O)C3=CC(=C(C=C3)O)O)O	1.47232497	1203;9064;72276;73160;182232;255538;10517669;12015783;12309507;12309508;12309509;11087562;44224836;49787818;49787895;66995311;71310842;71310843;71314581;86271441;86271442;86271443;118886880;118886881;118886882;118886930;131871365	HMDB:(1871 2780 37953 37954 127721);PNC:(LTS0088008 LTS0265245);SuperNatural:(SN00001082 SN00001083 SN00001085 SN00001084);ZINC bio:(ZINC00119978 ZINC00119983 ZINC00119985 ZINC00119988);additional;MeSH:(9064 72276);Plantcyc:(CPD-1961 CPD-7630);PubMed;NORMAN:(NS00004541);COCONUT:(CNP0293352);KNApSAcK:(947);Natural Products:(UNPD107895 UNPD80387 UNPD57689 UNPD108574);PubChem:(1203 9064 72276 73160 182232 255538 10517669 12015783 12309507 12309508 12309509 11087562 44224836 49787818 49787895 66995311 71310842 71310843 71314581 86271441 86271442 86271443 118886880 118886881 118886882 118886930 131871365);CHEBI:(90 23053 76125 33992 15600);PubChem class - bio and metabolites;KEGG:(C14079 C09728 C06562 C17590 C09727);PubChem class - safety and toxic;YMDB:(1653);Training Set;PubChem class - drug;Biocyc:(CPD-19100 CPD-1961 CPD-7630 CPD-19097)	68841105790