rank	molecularFormula	adduct	precursorFormula	ZodiacScore	SiriusScore	TreeScore	IsotopeScore	numExplainedPeaks	explainedIntensity	medianMassErrorFragmentPeaks(ppm)	medianAbsoluteMassErrorFragmentPeaks(ppm)	massErrorPrecursor(ppm)	lipidClass
1	C17H26O3	[M - H2O + H]+	C17H24O2	0.9999999999999999	55.940088627716335	55.940088627716335	0.0	14	0.5880952380952381	5.227636242694955	8.863283142529035	-68955.39415796769	
1	C17H24O2	[M + H]+	C17H24O2	0.9999999999999999	55.940088627716335	55.940088627716335	0.0	13	0.5880952380952381	5.227636242694955	8.863283142529035	1.635094332439652	
2	C12H28N3O2S	[M - H2O + H]+	C12H26N3OS	0.0	40.82798245916313	40.82798245916313	0.0	15	0.6957142857142857	-0.3706121062798819	8.185995102869633	-68963.16045928583	
2	C12H26N3OS	[M + H]+	C12H26N3OS	0.0	40.82798245916313	40.82798245916313	0.0	14	0.6957142857142857	-0.3706121062798819	8.185995102869633	-6.131206985706719	
3	C15H24N3O2	[M - H2O + H]+	C15H22N3O	0.0	40.7709701701615	40.7709701701615	0.0	13	0.557142857142857	6.3222744977937575	9.540571182188437	-68950.25342520946	
3	C15H22N3O	[M + H]+	C15H22N3O	0.0	40.7709701701615	40.7709701701615	0.0	12	0.557142857142857	6.3222744977937575	9.540571182188437	6.77582709066313	
4	C15H28N	[M + K]+	C15H28N	0.0	30.081214505167242	30.081214505167242	0.0	11	0.5233333333333333	6.830323147810623	8.863283142529035	0.0020164169706563145	
