rank	molecularFormula	adduct	precursorFormula	ZodiacScore	SiriusScore	TreeScore	IsotopeScore	numExplainedPeaks	explainedIntensity	medianMassErrorFragmentPeaks(ppm)	medianAbsoluteMassErrorFragmentPeaks(ppm)	massErrorPrecursor(ppm)	lipidClass
1	C19H28O2	[M - H2O + H]+	C19H26O	0.9999999999999999	77.95217872324594	77.95217872324594	0.0	32	0.8701401808249694	1.3256457941386828	3.3579797734367265	-66406.51722621299	
1	C19H26O	[M + H]+	C19H26O	0.9999999999999999	77.95217872324594	77.95217872324594	0.0	31	0.8701401808249694	1.3256457941386828	3.3579797734367265	2.5674669433373856	
1	C19H30O3	[M - H4O2 + H]+	C19H26O	0.9999999999999999	77.95217872324594	77.95217872324594	0.0	32	0.8701401808249694	1.3256457941386828	3.3579797734367265	-132815.6019193691	
2	C17H24N3	[M + H]+	C17H24N3	0.0	61.59466117517485	61.59466117517485	0.0	26	0.8455522508324347	1.3694946903909737	4.441260447014846	7.518250943358741	
2	C17H28N3O2	[M - H4O2 + H]+	C17H24N3	0.0	61.59466117517485	61.59466117517485	0.0	27	0.8455522508324347	1.3694946903909737	4.441260447014846	-132810.6511353691	
2	C17H26N3O	[M - H2O + H]+	C17H24N3	0.0	61.59466117517485	61.59466117517485	0.0	27	0.8455522508324347	1.3694946903909737	4.441260447014846	-66401.56644221276	
3	C14H30N3OS	[M - H2O + H]+	C14H28N3S	0.0	58.56748651332061	58.56748651332061	0.0	27	0.8455522508324347	1.1345101356370582	4.441260447014846	-66413.99656468772	
3	C14H28N3S	[M + H]+	C14H28N3S	0.0	58.56748651332061	58.56748651332061	0.0	26	0.8455522508324347	1.1345101356370582	4.441260447014846	-4.911871531385971	
3	C14H32N3O2S	[M - H4O2 + H]+	C14H28N3S	0.0	58.56748651332061	58.56748651332061	0.0	27	0.8455522508324347	1.1345101356370582	4.441260447014846	-132823.08125784385	
