rank	molecularFormula	adduct	precursorFormula	ZodiacScore	SiriusScore	TreeScore	IsotopeScore	numExplainedPeaks	explainedIntensity	medianMassErrorFragmentPeaks(ppm)	medianAbsoluteMassErrorFragmentPeaks(ppm)	massErrorPrecursor(ppm)	lipidClass
1	C20H30O4	[M - H2O + H]+	C20H28O3	0.9999999999999999	75.32175394847539	75.32175394847539	0.0	28	0.7896039225869522	1.9585116481782663	4.281686530416589	-56783.63849716509	
2	C18H28N3O3	[M - H2O + H]+	C18H26N3O2	0.0	55.202183421995066	55.202183421995066	0.0	29	0.7917424045702417	3.0979368773474745	3.7901815475065366	-56779.40569677479	
3	C16H34N2OS2	[M - H2O + H]+	C16H32N2S2	0.0	53.92241250625147	53.92241250625147	0.0	33	0.8456168756778226	1.9459634587296541	3.929559300817224	-56773.69638268349	
4	C15H30N2O6	[M - H2O + H]+	C15H28N2O5	0.0	53.126448359854976	53.126448359854976	0.0	27	0.7782241434615915	3.0979368773474745	3.929559300817224	-56770.95677898106	
