rank	molecularFormula	adduct	precursorFormula	ZodiacScore	SiriusScore	TreeScore	IsotopeScore	numExplainedPeaks	explainedIntensity	medianMassErrorFragmentPeaks(ppm)	medianAbsoluteMassErrorFragmentPeaks(ppm)	massErrorPrecursor(ppm)	lipidClass
1	C12H18O	[M - H2O + H]+	C12H16	0.9999999999999999	40.84811442573819	40.84811442573819	0.0	7	0.836572438162544	4.980393236094612	4.980393236094612	-111772.25994010178	
1	C12H16	[M + H]+	C12H16	0.9999999999999999	40.84811442573819	40.84811442573819	0.0	6	0.836572438162544	4.980393236094612	4.980393236094612	2.364501424771787	
