rank	molecularFormula	adduct	precursorFormula	ZodiacScore	SiriusScore	TreeScore	IsotopeScore	numExplainedPeaks	explainedIntensity	medianMassErrorFragmentPeaks(ppm)	medianAbsoluteMassErrorFragmentPeaks(ppm)	massErrorPrecursor(ppm)	lipidClass
1	C18H32O4	[M - H2O + H]+	C18H30O3	0.9999999999999999	97.74105559049877	97.74105559049877	0.0	40	0.9023995780961591	2.514547653965419	2.937876256632868	-61004.27751837098	
1	C18H30O3	[M + H]+	C18H30O3	0.9999999999999999	97.74105559049877	97.74105559049877	0.0	39	0.9023995780961591	2.514547653965419	2.937876256632868	1.4966238406948702	
2	C16H30N3O3	[M - H2O + H]+	C16H28N3O2	0.0	85.8530230589367	85.8530230589367	0.0	38	0.8964226070141514	2.709278268196398	2.937876256632868	-60999.72955009314	
2	C16H28N3O2	[M + H]+	C16H28N3O2	0.0	85.8530230589367	85.8530230589367	0.0	37	0.8964226070141514	2.709278268196398	2.937876256632868	6.04459211834383	
3	C21H28N	[M + H]+	C21H28N	0.0	77.77234570825145	77.77234570825145	0.0	30	0.8644633910521227	2.937205546372286	3.411200732256006	-7.58138753826392	
3	C21H30NO	[M - H2O + H]+	C21H28N	0.0	77.77234570825145	77.77234570825145	0.0	31	0.8644633910521227	2.937205546372286	3.411200732256006	-61013.35552974975	
4	C13H34N3O3S	[M - H2O + H]+	C13H32N3O2S	0.0	67.64140503514558	67.64140503514558	0.0	35	0.8635141074096861	2.255736709955854	3.615707053543347	-61011.14830774894	
4	C13H32N3O2S	[M + H]+	C13H32N3O2S	0.0	67.64140503514558	67.64140503514558	0.0	34	0.8635141074096861	2.255736709955854	3.615707053543347	-5.3741655374509865	
