rank	molecularFormula	adduct	precursorFormula	ZodiacScore	SiriusScore	TreeScore	IsotopeScore	numExplainedPeaks	explainedIntensity	medianMassErrorFragmentPeaks(ppm)	medianAbsoluteMassErrorFragmentPeaks(ppm)	massErrorPrecursor(ppm)	lipidClass
1	C42H66O8	[M - H4O2 + H]+	C42H62O6	0.6271356783919598	186.686446370118	186.686446370118	0.0	44	0.791355503398665	1.8121310187874193	6.546366723423044	-54286.31379463424	
2	C35H70O13	[M - H4O2 + H]+	C35H66O11	0.3728643216080403	186.4988372947643	182.41139981652793	4.087437478236341	44	0.791355503398665	0.6645826260081527	6.191341748556591	-54295.16613771494	
3	C33H68N3O12	[M - H4O2 + H]+	C33H64N3O10	0.0	180.22805517593642	174.8958998506515	5.3321553252849325	43	0.7805041606974122	2.7314598073416185	5.965411023503361	-54293.142395504074	
4	C40H64N3O7	[M - H4O2 + H]+	C40H60N3O5	0.0	173.35112995936268	173.35112995936268	0.0	43	0.7805041606974122	4.136656652902854	6.368854235989818	-54284.290052423356	
5	C38H68NO10	[M - H4O2 + H]+	C38H64NO8	0.0	173.33559099854855	173.00419682440065	0.3313941741479107	44	0.791355503398665	0.6645826260081527	6.284358512937354	-54299.20564584133	
6	C45H64NO5	[M - H4O2 + H]+	C45H60NO3	0.0	171.8106765595416	171.8106765595416	0.0	40	0.7584052183985127	3.6093926137267163	6.191341748556591	-54290.35330276061	
7	C48H62N2O2	[M - H4O2 + H]+	C48H58N2	0.0	140.10175166769818	140.10175166769818	0.0	28	0.6036211784070474	4.829081079542382	7.051332850086097	-54294.39281088717	
