rank	formulaRank	ConfidenceScore	CSI:FingerIDScore	molecularFormula	adduct	InChIkey2D	InChI	name	smiles	xlogp	pubchemids	links	dbflags
1	2	0.028519205344471235	-195.91030682927183	C21H30O4	[M + H]+	WTKBZJAWPZXKJU	InChI=1S/C21H30O4/c1-14-6-9-17-20(2,11-5-12-21(17,3)19(23)24-4)16(14)8-7-15-10-13-25-18(15)22/h10,16-17H,1,5-9,11-13H2,2-4H3	Pinusolide	CC12CCCC(C1CCC(=C)C2CCC3=CCOC3=O)(C)C(=O)OC	4.5	161721;14845503;15965493;10427744;38361827;38361830;51694202;51694204;51694206;99722943;124870940;137706424	HMDB:(35130);PNC:(LTS0137007);SuperNatural:(SN00034065 SN00038149 SN00037373 SN00377104 SN00034067 SN00038150 SN00034066 SN00038148 SN00013883);ZINC bio:(ZINC06067611 ZINC26579027 ZINC31168148 ZINC31168152 ZINC31168155 ZINC35464898 ZINC35464901 ZINC35464904);additional;MeSH:(161721 14845503 51694206 137706424);PubMed;COCONUT:(CNP0219939);KNApSAcK:(22771);Natural Products:(UNPD117718 UNPD48386 UNPD92655);PubChem:(161721 14845503 15965493 10427744 38361827 38361830 51694202 51694204 51694206 99722943 124870940 137706424);CHEBI:(69237);PubChem class - bio and metabolites;Training Set	68739981438
2	2	N/A	-294.7152501046255	C21H30O4	[M + H]+	YEXGDORSPJNFAG	InChI=1S/C21H30O4/c1-19(2,25-5)13-7-8-15-14(11-13)16(22)12-17-20(15,3)9-6-10-21(17,4)18(23)24/h7-8,11,16-17,22H,6,9-10,12H2,1-5H3,(H,23,24)	null	CC12CCCC(C1CC(C3=C2C=CC(=C3)C(C)(C)OC)O)(C)C(=O)O	3.4000001	46230130	COCONUT:(CNP0300007);Natural Products:(UNPD55937);PubChem:(46230130);PNC:(LTS0040395);SuperNatural:(SN00292399);PubMed	68722655298
3	2	N/A	-309.84213328344873	C21H30O4	[M + H]+	MRTXWRPVFGYIEY	InChI=1S/C21H30O4/c1-19(2,24)13-7-8-15-14(11-13)16(22)12-17-20(15,3)9-6-10-21(17,4)18(23)25-5/h7-8,11,16-17,22,24H,6,9-10,12H2,1-5H3	methyl (1R,4aS,9S,10aR)-9-hydroxy-7-(2-hydroxypropan-2-yl)-1,4a-dimethyl-2,3,4,9,10,10a-hexahydrophenanthrene-1-carboxylate	CC12CCCC(C1CC(C3=C2C=CC(=C3)C(C)(C)O)O)(C)C(=O)OC	3.20000005	21626424;73813186;91895316;129317122;133561990	COCONUT:(CNP0134226);Natural Products:(UNPD199474);PubChem:(21626424 73813186 91895316 129317122 133561990);PNC:(LTS0192251)	68721606658