rank	molecularFormula	adduct	precursorFormula	ZodiacScore	SiriusScore	TreeScore	IsotopeScore	numExplainedPeaks	explainedIntensity	medianMassErrorFragmentPeaks(ppm)	medianAbsoluteMassErrorFragmentPeaks(ppm)	massErrorPrecursor(ppm)	lipidClass
1	C23H48O6	[M + Na]+	C23H48O6	0.9999999999999999	145.9470740036563	144.04411080066373	1.902963202992579	37	0.7367555717939349	-0.40352400026056656	4.1525997761788185	6.162312345239943	
2	C26H46NO3	[M + Na]+	C26H46NO3	0.0	143.8136482266948	143.13071837448203	0.6829298522127614	39	0.7553891121666058	1.7617854727794013	3.725607234232028	0.1170787046336924	
3	C29H44N2	[M + Na]+	C29H44N2	0.0	123.84712009016953	123.84712009016953	0.0	30	0.6638655462184876	-0.7443971205240707	3.9391035052054235	-5.928154935844342	
