rank	formulaRank	ConfidenceScore	CSI:FingerIDScore	molecularFormula	adduct	InChIkey2D	InChI	name	smiles	xlogp	pubchemids	links	dbflags
1	1	0.15664673826327144	-96.77424330283073	C28H22O7	[M + H]+	VJVQHVVOEFJLIO	InChI=1S/C28H22O7/c29-19-6-2-15(3-7-19)1-4-16-9-22(32)14-25-26(16)27(18-10-20(30)13-21(31)11-18)28(35-25)17-5-8-23(33)24(34)12-17/h1-14,27-34H	Scirpusin A	C1=CC(=CC=C1C=CC2=C3C(C(OC3=CC(=C2)O)C4=CC(=C(C=C4)O)O)C5=CC(=CC(=C5)O)O)O	5.0	155288;5279244;5279245;5458896;10367443;21633203;73425509;138459961	COCONUT:(CNP0234688);HMDB:(129151);KNApSAcK:(15869);Natural Products:(UNPD21453 UNPD60441 UNPD177382 UNPD10549 UNPD226461);PubChem:(155288 5279244 5279245 5458896 10367443 21633203 73425509 138459961);PNC:(LTS0273813 LTS0244024);SuperNatural:(SN00348526 SN00375639 SN00233302 SN00336392);PubChem class - bio and metabolites;MeSH:(5458896);PubMed;KEGG Mine	77329367134