rank	molecularFormula	adduct	precursorFormula	ZodiacScore	SiriusScore	TreeScore	IsotopeScore	numExplainedPeaks	explainedIntensity	medianMassErrorFragmentPeaks(ppm)	medianAbsoluteMassErrorFragmentPeaks(ppm)	massErrorPrecursor(ppm)	lipidClass
1	C25H38O6	[M + Na]+	C25H38O6	0.9999999999999999	117.41246049611352	113.14773374503116	4.264726751082371	29	0.6210743092500428	3.9335538999638233	5.43440130590071	2.0305421007522493	
2	C23H36N3O5	[M + Na]+	C23H36N3O5	0.0	109.77104848467405	105.81298970842838	3.958058776245672	34	0.6962416337738113	3.5059076838395544	6.088393086248067	4.966930247691429	
3	C28H36NO3	[M + Na]+	C28H36NO3	0.0	100.82867701574787	99.8942324707548	0.9344445449930716	31	0.6475030032606828	2.989232205814191	5.945443240258316	-3.830660832492399	
