rank	molecularFormula	adduct	precursorFormula	ZodiacScore	SiriusScore	TreeScore	IsotopeScore	numExplainedPeaks	explainedIntensity	medianMassErrorFragmentPeaks(ppm)	medianAbsoluteMassErrorFragmentPeaks(ppm)	massErrorPrecursor(ppm)	lipidClass
1	C14H20O	[M - H2O + H]+	C14H18	0.9999999999999999	24.4135275897802	24.4135275897802	0.0	6	0.8528037383177569	3.2298166774758004	4.689748467659763	-96234.53365518436	
1	C14H18	[M + H]+	C14H18	0.9999999999999999	24.4135275897802	24.4135275897802	0.0	5	0.8528037383177569	3.2298166774758004	4.689748467659763	2.202953268686004	
