rank	molecularFormula	adduct	precursorFormula	ZodiacScore	SiriusScore	TreeScore	IsotopeScore	numExplainedPeaks	explainedIntensity	medianMassErrorFragmentPeaks(ppm)	medianAbsoluteMassErrorFragmentPeaks(ppm)	massErrorPrecursor(ppm)	lipidClass
1	C16H31NO2	[M + H]+	C16H31NO2	0.9999999999999999	2.3396247002880926	2.3396247002880926	0.0	3	0.2942643391521197	2.384205902837532	8.403923949993793	2.2291316518017292	
1	C16H33NO3	[M - H2O + H]+	C16H31NO2	0.9999999999999999	2.3396247002880926	2.3396247002880926	0.0	4	0.2942643391521197	2.384205902837532	8.403923949993793	-66643.49645121726	
