rank	molecularFormula	adduct	precursorFormula	ZodiacScore	SiriusScore	TreeScore	IsotopeScore	numExplainedPeaks	explainedIntensity	medianMassErrorFragmentPeaks(ppm)	medianAbsoluteMassErrorFragmentPeaks(ppm)	massErrorPrecursor(ppm)	lipidClass
1	C20H26O3	[M + Na]+	C20H26O3	0.9999999999999999	91.93115397705785	91.93115397705785	0.0	38	0.8489183930410898	0.6849300773615923	3.8254781776985496	1.7476815906607586	
2	C17H30O3S	[M + Na]+	C17H30O3S	0.0	64.33131327947378	64.33131327947378	0.0	38	0.8482316584640035	2.4366338411313615	4.651404875937379	-8.250384573974888	
3	C18H24N3O2	[M + Na]+	C18H24N3O2	0.0	59.91711866768881	59.91711866768881	0.0	34	0.8024493533249398	1.7725865431742462	4.651404875937379	5.729803737856224	
4	C15H28N3O2S	[M + Na]+	C15H28N3O2S	0.0	57.2524335991427	57.2524335991427	0.0	34	0.8024493533249398	0.8844585073414016	4.350209582363355	-4.268262426779422	
5	C23H24N	[M + Na]+	C23H24N	0.0	36.37622906594267	36.37622906594267	0.0	27	0.6698523520659265	-1.9652706000384812	4.4183008458683775	-6.200867730209088	
