rank	formulaRank	ConfidenceScore	CSI:FingerIDScore	molecularFormula	adduct	InChIkey2D	InChI	name	smiles	xlogp	pubchemids	links	dbflags
1	1	0.06100530481681565	-247.23260125163722	C20H26O3	[M + Na]+	AXKQOCLPWRXCRI	InChI=1S/C20H26O3/c1-12(2)13-6-7-15-14(10-13)16(21)11-17-19(15,3)8-5-9-20(17,4)18(22)23/h6-7,10,16-17,21H,1,5,8-9,11H2,2-4H3,(H,22,23)	Aquilarabietic acid H	CC(=C)C1=CC2=C(C=C1)C3(CCCC(C3CC2O)(C)C(=O)O)C	4.5999999	71525030;71578077;73331120;102192525	COCONUT:(CNP0063795 CNP0134111);Natural Products:(UNPD199738 UNPD214605 UNPD229513);PubChem:(71525030 71578077 73331120 102192525);PNC:(LTS0180660);SuperNatural:(SN00162410);PubMed	68722655298
2	1	N/A	-266.77028308681383	C20H26O3	[M + Na]+	ISECDNAMJMNAHZ	InChI=1S/C20H26O3/c1-12(2)13-6-7-15-14(10-13)11-16(21)17-19(15,3)8-5-9-20(17,4)18(22)23/h6-7,10,12,17H,5,8-9,11H2,1-4H3,(H,22,23)	null	CC(C)C1=CC2=C(C=C1)C3(CCCC(C3C(=O)C2)(C)C(=O)O)C	4.19999981	10064249	COCONUT:(CNP0326645);Natural Products:(UNPD89785);PubChem:(10064249);PNC:(LTS0087292 LTS0074326);SuperNatural:(SN00304110)	68722655234
3	1	N/A	-278.8354664038349	C20H26O3	[M + Na]+	MSWJSDLNPCSSNW	InChI=1S/C20H26O3/c1-12(2)13-6-7-15-14(10-13)16(21)11-17-19(15,3)8-5-9-20(17,4)18(22)23/h6-7,10,12,17H,5,8-9,11H2,1-4H3,(H,22,23)	7-oxocallitrisic acid	CC(C)C1=CC2=C(C=C1)C3(CCCC(C3CC2=O)(C)C(=O)O)C	4.5	29212;10829219;10018535;13370056;26079784;25749924;24899843;51520201;51520203;57509379;96084331	COCONUT:(CNP0057326 CNP0112106);KNApSAcK:(35978);Natural Products:(UNPD30359 UNPD47026 UNPD88821);PubChem:(29212 10829219 10018535 13370056 26079784 25749924 24899843 51520201 51520203 57509379 96084331);PNC:(LTS0051340 LTS0229171);SuperNatural:(SN00019826 SN00036792 SN00019824 SN00301661 SN00013495 SN00019825 SN00036150 SN00266382 SN00375163);CHEBI:(143745);ZINC bio:(ZINC02017227 ZINC05447545 ZINC13302310 ZINC13302313 ZINC13302315 ZINC14410655);additional;MeSH:(29212);Training Set;PubMed	68723204214