rank	molecularFormula	adduct	precursorFormula	ZodiacScore	SiriusScore	TreeScore	IsotopeScore	numExplainedPeaks	explainedIntensity	medianMassErrorFragmentPeaks(ppm)	medianAbsoluteMassErrorFragmentPeaks(ppm)	massErrorPrecursor(ppm)	lipidClass
1	C12H9O	[M - H2O + H]+	C12H7	0.9989949748743717	5.48051807646387	5.48051807646387	0.0	3	0.16707616707616707	5.831183203269149	5.831183203269149	-118438.66605532679	
1	C12H7	[M + H]+	C12H7	0.9989949748743717	5.48051807646387	5.48051807646387	0.0	2	0.16707616707616707	5.831183203269149	5.831183203269149	3.1640946037377433	
2	C7H13S	[M + Na]+	C7H13S	0.0010050251256281408	4.623809679077779	4.623809679077779	0.0	3	0.32678132678132676	1.0547445166592746	3.4006812364694166	-3.184872377849713	
3	C4H11N2O2S	[M + H]+	C4H11N2O2S	0.0	-0.036042544285527	-0.036042544285527	0.0	2	0.16707616707616707	10.558695313228371	10.558695313228371	7.449384266690876	
3	C4H13N2O3S	[M - H2O + H]+	C4H11N2O2S	0.0	-0.036042544285527	-0.036042544285527	0.0	3	0.16707616707616707	10.558695313228371	10.558695313228371	-118434.38076566384	
