rank	molecularFormula	adduct	precursorFormula	ZodiacScore	SiriusScore	TreeScore	IsotopeScore	numExplainedPeaks	explainedIntensity	medianMassErrorFragmentPeaks(ppm)	medianAbsoluteMassErrorFragmentPeaks(ppm)	massErrorPrecursor(ppm)	lipidClass
1	C16H19N	[M + H]+	C16H19N	0.9999999999999999	20.053972095498384	18.37051597973497	1.6834561157634136	3	0.6268292682926828	-3.7142371974639126	5.013270204012025	1.9175069979291186	
1	C16H21NO	[M - H2O + H]+	C16H19N	0.9999999999999999	20.053972095498384	18.37051597973497	1.6834561157634136	4	0.6268292682926828	-3.7142371974639126	5.013270204012025	-79634.65708556677	
2	C11H25NS	[M + Na]+	C11H25NS	0.0	0.1736860812972154	-0.6094379124341003	0.7831239937313157	1	0.0	NaN	NaN	-2.3513394222061845	
