rank	molecularFormula	adduct	precursorFormula	ZodiacScore	SiriusScore	TreeScore	IsotopeScore	numExplainedPeaks	explainedIntensity	medianMassErrorFragmentPeaks(ppm)	medianAbsoluteMassErrorFragmentPeaks(ppm)	massErrorPrecursor(ppm)	lipidClass
1	C20H32O	[M + H]+	C20H32O	0.9999999999999999	72.79717613752095	72.79717613752095	0.0	27	0.7739900779588945	-1.7041522300789245	4.881740364615128	0.6727086118705499	
1	C20H34O2	[M - H2O + H]+	C20H32O	0.9999999999999999	72.79717613752095	72.79717613752095	0.0	28	0.7739900779588945	-1.7041522300789245	4.881740364615128	-62265.15674385129	
2	C18H32N3O	[M - H2O + H]+	C18H30N3	0.0	57.51740572552912	57.51740572552912	0.0	25	0.7373493975903616	-0.01337731632105341	4.627715793949284	-62260.51483870173	
2	C18H30N3	[M + H]+	C18H30N3	0.0	57.51740572552912	57.51740572552912	0.0	24	0.7373493975903616	-0.01337731632105341	4.627715793949284	5.314613761228537	
3	C15H36N3OS	[M - H2O + H]+	C15H34N3S	0.0	55.53169845385519	55.53169845385519	0.0	27	0.756839121190645	-1.5004176687253288	5.135764935280973	-62272.16944724906	
3	C15H34N3S	[M + H]+	C15H34N3S	0.0	55.53169845385519	55.53169845385519	0.0	26	0.756839121190645	-1.5004176687253288	5.135764935280973	-6.339994786108418	
