rank	molecularFormula	adduct	precursorFormula	ZodiacScore	SiriusScore	TreeScore	IsotopeScore	numExplainedPeaks	explainedIntensity	medianMassErrorFragmentPeaks(ppm)	medianAbsoluteMassErrorFragmentPeaks(ppm)	massErrorPrecursor(ppm)	lipidClass
1	C14H24N3O6	[M + Na]+	C14H24N3O6	0.9924623115577889	30.989317559133887	29.37997912876407	1.6093384303698188	21	0.40999388753056204	3.4034076750769646	5.57488031402986	5.3782269132872385	
2	C16H26O7	[M + Na]+	C16H26O7	0.007537688442211057	26.401730029567588	25.21576944553538	1.185960584032208	16	0.33328239608801935	-0.8235897483556959	2.120464954511068	1.5762872584169982	
3	C19H24NO4	[M + Na]+	C19H24NO4	0.0	17.282848956557327	17.282848956557327	0.0	19	0.4022004889975548	-0.8886953532019839	5.815951600593151	-6.012607241394095	
4	C11H28N3O7	[M + K]+	C11H28N3O7	0.0	15.286220214007033	15.286220214007033	0.0	16	0.3199877750611245	2.751732448432657	5.8191451062471895	4.9474051303806625	
5	C16H28NO5	[M + K]+	C16H28NO5	0.0	10.672039097837253	10.672039097837253	0.0	10	0.1790953545232273	-1.4977286149103388	4.125031168497403	-6.443429024139713	
