rank	molecularFormula	adduct	precursorFormula	ZodiacScore	SiriusScore	TreeScore	IsotopeScore	numExplainedPeaks	explainedIntensity	medianMassErrorFragmentPeaks(ppm)	medianAbsoluteMassErrorFragmentPeaks(ppm)	massErrorPrecursor(ppm)	lipidClass
1	C21H36N3O6	[M + Na]+	C21H36N3O6	0.9999999999999999	108.23653467059289	105.33621854420029	2.900316126392601	34	0.7161816065192087	7.081164665899835	7.380638116518902	4.076428956027349	
2	C23H38O7	[M + Na]+	C23H38O7	0.0	96.03402824267057	92.4595449991177	3.5744832435528773	30	0.6614668218859143	6.233653964734712	7.36245974672738	1.087715260362299	
3	C26H36NO4	[M + Na]+	C26H36NO4	0.0	93.71108012479903	91.95639263361704	1.7546874911819805	25	0.5781140861466824	-5.295307941949808	8.277049339282865	-4.877932536674259	
