rank	molecularFormula	adduct	precursorFormula	ZodiacScore	SiriusScore	TreeScore	IsotopeScore	numExplainedPeaks	explainedIntensity	medianMassErrorFragmentPeaks(ppm)	medianAbsoluteMassErrorFragmentPeaks(ppm)	massErrorPrecursor(ppm)	lipidClass
1	C30H50O2	[M - H4O2 + H]+	C30H46	0.9969849246231155	84.40298909748348	84.40298909748348	0.0	26	0.6794931231648892	0.6994479577539603	5.002140373510244	-88422.54776117757	
1	C30H48O	[M - H2O + H]+	C30H46	0.9969849246231155	84.40298909748348	84.40298909748348	0.0	26	0.6794931231648892	0.6994479577539603	5.002140373510244	-44210.505704640476	
1	C30H46	[M + H]+	C30H46	0.9969849246231155	84.40298909748348	84.40298909748348	0.0	25	0.6794931231648892	0.6994479577539603	5.002140373510244	1.5363518964770824	
2	C27H50S	[M + H]+	C27H50S	0.003015075376884423	82.57702913422128	82.57702913422128	0.0	30	0.7802503477051457	-3.4053363717822136	6.086746932271247	-6.739038438453316	
2	C27H54O2S	[M - H4O2 + H]+	C27H50S	0.003015075376884423	82.57702913422128	82.57702913422128	0.0	31	0.7802503477051457	-3.4053363717822136	6.086746932271247	-88430.82315151264	
2	C27H52OS	[M - H2O + H]+	C27H50S	0.003015075376884423	82.57702913422128	82.57702913422128	0.0	31	0.7802503477051457	-3.4053363717822136	6.086746932271247	-44218.781094975406	
