rank	molecularFormula	adduct	precursorFormula	ZodiacScore	SiriusScore	TreeScore	IsotopeScore	numExplainedPeaks	explainedIntensity	medianMassErrorFragmentPeaks(ppm)	medianAbsoluteMassErrorFragmentPeaks(ppm)	massErrorPrecursor(ppm)	lipidClass
1	C18H38O8	[M + Na]+	C18H38O8	0.9994974874371859	51.15124055398516	46.36781758322476	4.7834229707604	16	0.28673120728929374	0.9052300056427838	2.301256018294824	1.7506088324689917	
2	C16H36N3O7	[M + Na]+	C16H36N3O7	5.025125628140704E-4	44.72217112606735	40.25299664688265	4.469174479184703	21	0.38838268792710695	2.0067579667795066	5.190298114657676	5.063860579847363	
3	C21H36NO5	[M + Na]+	C21H36NO5	0.0	40.89347097685432	39.67566798044118	1.2178029964131347	15	0.2699316628701593	0.7398113305908114	2.490747165143186	-4.862835947230401	
