rank	molecularFormula	adduct	precursorFormula	ZodiacScore	SiriusScore	TreeScore	IsotopeScore	numExplainedPeaks	explainedIntensity	medianMassErrorFragmentPeaks(ppm)	medianAbsoluteMassErrorFragmentPeaks(ppm)	massErrorPrecursor(ppm)	lipidClass
1	C33H60NO4	[M + Na]+	C33H60NO4	0.9889447236180905	49.94876975419246	49.94876975419246	0.0	26	0.6211705711823239	3.4750955987153023	4.032722029169012	-3.2944820441168523	
2	C30H64NO4S	[M + Na]+	C30H64NO4S	0.008542713567839196	45.36043210423894	45.36043210423894	0.0	26	0.6211705711823239	3.4750955987153023	4.563034941318861	-9.342003403183181	
3	C28H60N3O6	[M + Na]+	C28H60N3O6	0.0025125628140703522	44.63543558728841	44.63543558728841	0.0	26	0.6211705711823239	3.5480143377767464	4.179245675797694	3.9220125601215443	
4	C30H62O7	[M + Na]+	C30H62O7	0.0	38.66532394871477	38.66532394871477	0.0	20	0.5095197053984172	3.985183156112787	4.8209851165410615	1.5133498902955098	
5	C36H58N2O	[M + Na]+	C36H58N2O	0.0	18.936232525924936	18.936232525924936	0.0	18	0.3565776071456553	3.4750955987153023	6.684785477103443	-8.102313978937104	
6	C29H64N3OS2	[M + Na]+	C29H64N3OS2	0.0	14.191534956469514	14.191534956469514	0.0	18	0.42826921570163745	3.9598032901075673	5.376134168043357	2.3630490939902185	
7	C32H60N3OS	[M + Na]+	C32H60N3OS	0.0	10.195328466125464	10.195328466125464	0.0	18	0.42826921570163745	4.727841022727253	5.825538738679432	8.410570453056547	
8	C34H62O2S	[M + Na]+	C34H62O2S	0.0	7.922167543778873	7.922167543778873	0.0	11	0.15333385567656505	4.985791197949453	5.968495796693153	6.0019077832305125	
