rank	molecularFormula	adduct	precursorFormula	ZodiacScore	SiriusScore	TreeScore	IsotopeScore	numExplainedPeaks	explainedIntensity	medianMassErrorFragmentPeaks(ppm)	medianAbsoluteMassErrorFragmentPeaks(ppm)	massErrorPrecursor(ppm)	lipidClass
1	C40H74O10	[M + Na]+	C40H74O10	0.927638190954774	12.584605422789673	12.584605422789673	0.0	9	0.22868386532575422	1.2664077364609492	2.579376041860654	0.37355772132896836	
2	C46H70N2O4	[M + Na]+	C46H70N2O4	0.05678391959798995	9.726612242013093	9.726612242013093	0.0	8	0.19720157411456046	3.961815013984679	5.415549303671675	-6.894270614287974	
3	C35H74N2O12	[M + Na]+	C35H74N2O12	0.01557788944723618	9.062557749376879	9.062557749376879	0.0	11	0.28989943156974196	5.157156889854407	5.794035946699242	5.828016683319913	
4	C47H70O5	[M + Na]+	C47H70O5	0.0	5.628352276572527	5.628352276572527	0.0	7	0.16571928290336682	2.579376041860654	4.795194845388886	8.33706563652712	
5	C43H72NO7	[M + Na]+	C43H72NO7	0.0	4.281958055723755	4.281958055723755	0.0	9	0.22868386532575422	1.1817676395691392	2.579376041860654	-3.260356446325355	
6	C38H72N3O9	[M + Na]+	C38H72N3O9	0.0	3.4074416286482982	3.4074416286482982	0.0	9	0.22868386532575422	1.523240284338967	2.579376041860654	2.1941025156655902	
7	C50H68NO2	[M + Na]+	C50H68NO2	0.0	-3.980911893987826	-3.980911893987826	0.0	1	0.0	4.032290920930194	4.032290920930194	4.703151469026945	
8	C45H68N3O4	[M + Na]+	C45H68N3O4	0.0	-4.675819840895452	-4.675819840895452	0.0	1	0.0	9.48675354211968	9.48675354211968	10.15761043101789	
