rank	molecularFormula	adduct	precursorFormula	ZodiacScore	SiriusScore	TreeScore	IsotopeScore	numExplainedPeaks	explainedIntensity	medianMassErrorFragmentPeaks(ppm)	medianAbsoluteMassErrorFragmentPeaks(ppm)	massErrorPrecursor(ppm)	lipidClass
1	C19H28O2	[M - H2O + H]+	C19H26O	0.9999999999999999	69.69754996762079	69.69754996762079	0.0	24	0.7828011527377521	2.057828727829567	3.96662488568867	-66406.97263127656	
1	C19H26O	[M + H]+	C19H26O	0.9999999999999999	69.69754996762079	69.69754996762079	0.0	23	0.7828011527377521	2.057828727829567	3.96662488568867	2.140421640294341	
1	C19H30O3	[M - H4O2 + H]+	C19H26O	0.9999999999999999	69.69754996762079	69.69754996762079	0.0	24	0.7828011527377521	2.057828727829567	3.96662488568867	-132816.08568419318	
2	C17H24N3	[M + H]+	C17H24N3	0.0	47.29424556122315	47.29424556122315	0.0	22	0.7736945244956771	3.133082166418758	5.14784343974471	7.091207754530178	
2	C17H28N3O2	[M - H4O2 + H]+	C17H24N3	0.0	47.29424556122315	47.29424556122315	0.0	23	0.7736945244956771	3.133082166418758	5.14784343974471	-132811.13489807895	
2	C17H26N3O	[M - H2O + H]+	C17H24N3	0.0	47.29424556122315	47.29424556122315	0.0	23	0.7736945244956771	3.133082166418758	5.14784343974471	-66402.0218451621	
3	C14H30N3OS	[M - H2O + H]+	C14H28N3S	0.0	46.70663191837911	46.70663191837911	0.0	22	0.7656253602305474	-0.8174340752830823	5.185301803287558	-66414.45197294529	
3	C14H28N3S	[M + H]+	C14H28N3S	0.0	46.70663191837911	46.70663191837911	0.0	21	0.7656253602305474	-0.8174340752830823	5.185301803287558	-5.3389200284535825	
3	C14H32N3O2S	[M - H4O2 + H]+	C14H28N3S	0.0	46.70663191837911	46.70663191837911	0.0	22	0.7656253602305474	-0.8174340752830823	5.185301803287558	-132823.56502586193	
