rank	molecularFormula	adduct	precursorFormula	ZodiacScore	SiriusScore	TreeScore	IsotopeScore	numExplainedPeaks	explainedIntensity	medianMassErrorFragmentPeaks(ppm)	medianAbsoluteMassErrorFragmentPeaks(ppm)	massErrorPrecursor(ppm)	lipidClass
1	C20H32O5	[M - H4O2 + H]+	C20H28O3	0.9999999999999999	106.41949290009845	101.73752003296667	4.681972867131773	26	0.7226874199586247	2.8322415371785246	4.914609887608537	-113554.1984031747	
1	C20H28O3	[M + H]+	C20H28O3	0.9999999999999999	106.41949290009845	101.73752003296667	4.681972867131773	25	0.7226874199586247	2.8322415371785246	4.914609887608537	1.344086340437402	
1	C20H30O4	[M - H2O + H]+	C20H28O3	0.9999999999999999	106.41949290009845	101.73752003296667	4.681972867131773	26	0.7226874199586247	2.8322415371785246	4.914609887608537	-56776.42715841721	
2	C18H26N3O2	[M + H]+	C18H26N3O2	0.0	80.68088450230707	77.04546713889108	3.635417363415984	26	0.7255442813515911	2.013009064585973	5.331434084660013	5.576857846538079	
2	C18H28N3O3	[M - H2O + H]+	C18H26N3O2	0.0	80.68088450230707	77.04546713889108	3.635417363415984	27	0.7255442813515911	2.013009064585973	5.331434084660013	-56772.19438691093	
2	C18H30N3O4	[M - H4O2 + H]+	C18H26N3O2	0.0	80.68088450230707	77.04546713889108	3.635417363415984	27	0.7255442813515911	2.013009064585973	5.331434084660013	-113549.96563166859	
3	C23H26N	[M + H]+	C23H26N	0.0	67.3573900418987	65.98662876605617	1.370761275842527	22	0.6969756674219288	0.6674399515594664	5.288498057036677	-7.104773799101236	
3	C23H28NO	[M - H2O + H]+	C23H26N	0.0	67.3573900418987	65.98662876605617	1.370761275842527	23	0.6969756674219288	0.6674399515594664	5.288498057036677	-56784.87601855657	
3	C23H30NO2	[M - H4O2 + H]+	C23H26N	0.0	67.3573900418987	65.98662876605617	1.370761275842527	23	0.6969756674219288	0.6674399515594664	5.288498057036677	-113562.64726331423	
