rank	molecularFormula	adduct	precursorFormula	ZodiacScore	SiriusScore	TreeScore	IsotopeScore	numExplainedPeaks	explainedIntensity	medianMassErrorFragmentPeaks(ppm)	medianAbsoluteMassErrorFragmentPeaks(ppm)	massErrorPrecursor(ppm)	lipidClass
1	C20H30O2	[M - H2O + H]+	C20H28O	0.9999999999999999	100.8357902583193	98.05227930849308	2.783510949826218	34	0.8052851859061708	1.173426377276832	3.62798006423695	-63145.01671462354	
1	C20H32O3	[M - H4O2 + H]+	C20H28O	0.9999999999999999	100.8357902583193	98.05227930849308	2.783510949826218	34	0.8052851859061708	1.173426377276832	3.62798006423695	-126290.89559231681	
1	C20H28O	[M + H]+	C20H28O	0.9999999999999999	100.8357902583193	98.05227930849308	2.783510949826218	33	0.8052851859061708	1.173426377276832	3.62798006423695	0.8621630699486424	
2	C18H30N3O2	[M - H4O2 + H]+	C18H26N3	0.0	65.27054140517723	63.77512228004774	1.4954191251294864	24	0.748467004087989	1.173426377276832	3.62798006423695	-126286.18807965858	
2	C18H28N3O	[M - H2O + H]+	C18H26N3	0.0	65.27054140517723	63.77512228004774	1.4954191251294864	24	0.748467004087989	1.173426377276832	3.62798006423695	-63140.3092019651	
2	C18H26N3	[M + H]+	C18H26N3	0.0	65.27054140517723	63.77512228004774	1.4954191251294864	23	0.748467004087989	1.173426377276832	3.62798006423695	5.569675728185716	
