rank	molecularFormula	adduct	precursorFormula	ZodiacScore	SiriusScore	TreeScore	IsotopeScore	numExplainedPeaks	explainedIntensity	medianMassErrorFragmentPeaks(ppm)	medianAbsoluteMassErrorFragmentPeaks(ppm)	massErrorPrecursor(ppm)	lipidClass
1	C20H38O6	[M - H2O + H]+	C20H36O5	0.9994974874371858	75.03486610636712	75.03486610636712	0.0	21	0.44132029339853324	-0.27313230303511515	4.943137612196136	-50411.48504374195	
2	C18H36N3O5	[M - H2O + H]+	C18H34N3O4	5.025125628140704E-4	66.66242380977265	66.66242380977265	0.0	26	0.5091687041564795	0.6375764266447435	5.011065146792039	-50407.72680240166	
3	C21H42OS2	[M - H2O + H]+	C21H40S2	0.0	62.3404912256999	62.3404912256999	0.0	19	0.4295028524857378	-1.1326263118002	5.657009496399986	-50413.91749765909	
4	C24H38OS	[M - H2O + H]+	C24H36S	0.0	56.56953693592704	56.56953693592704	0.0	19	0.4295028524857378	-0.2219175821203413	7.68677929651447	-50404.48153758745	
5	C23H36NO3	[M - H2O + H]+	C23H34NO2	0.0	55.67822427357656	55.67822427357656	0.0	19	0.4144254278728608	-1.4391366440658664	5.657009496399986	-50418.9867138432	
