rank	molecularFormula	adduct	precursorFormula	ZodiacScore	SiriusScore	TreeScore	IsotopeScore	numExplainedPeaks	explainedIntensity	medianMassErrorFragmentPeaks(ppm)	medianAbsoluteMassErrorFragmentPeaks(ppm)	massErrorPrecursor(ppm)	lipidClass
1	C19H30N2	[M + H]+	C19H30N2	0.9994974874371858	86.06970054737519	86.06970054737519	0.0	20	0.6480654761904762	0.6375764266447435	5.226205780158456	-5.113549010779094	
1	C19H32N2O	[M - H2O + H]+	C19H30N2	0.9994974874371858	86.06970054737519	86.06970054737519	0.0	21	0.6480654761904762	0.6375764266447435	5.226205780158456	-62705.796524862024	
2	C16H34NO4	[M - H2O + H]+	C16H32NO3	5.025125628140704E-4	77.16959412181139	77.16959412181139	0.0	21	0.6480654761904762	3.1792548659057815	5.226205780158456	-62696.4663012641	
2	C16H32NO3	[M + H]+	C16H32NO3	5.025125628140704E-4	77.16959412181139	77.16959412181139	0.0	20	0.6480654761904762	3.1792548659057815	5.226205780158456	4.216674587143422	
3	C17H32N2	[M + Na]+	C17H32N2	0.0	84.99528387912714	84.99528387912714	0.0	25	0.7247023809523809	3.3946558474327397	4.740929957622747	3.261439962301503	
