rank	molecularFormula	adduct	precursorFormula	ZodiacScore	SiriusScore	TreeScore	IsotopeScore	numExplainedPeaks	explainedIntensity	medianMassErrorFragmentPeaks(ppm)	medianAbsoluteMassErrorFragmentPeaks(ppm)	massErrorPrecursor(ppm)	lipidClass
1	C19H28O	[M - H2O + H]+	C19H26	0.9999999999999999	77.20261799343868	77.20261799343868	0.0	21	0.5826239159837697	-0.16801122643464833	4.985721290057857	-70569.0102460577	
1	C19H26	[M + H]+	C19H26	0.9999999999999999	77.20261799343868	77.20261799343868	0.0	20	0.5826239159837697	-0.16801122643464833	4.985721290057857	2.1823166886293257	
