rank	molecularFormula	adduct	precursorFormula	ZodiacScore	SiriusScore	TreeScore	IsotopeScore	numExplainedPeaks	explainedIntensity	medianMassErrorFragmentPeaks(ppm)	medianAbsoluteMassErrorFragmentPeaks(ppm)	massErrorPrecursor(ppm)	lipidClass
1	C25H52N3O8	[M + Na]+	C25H52N3O8	0.9879396984924622	26.180979930666517	20.853752303502965	5.327227627163553	14	0.21337729627885071	-2.1134266269801207	3.9039783700319375	3.912516152645897	
2	C27H54O9	[M + Na]+	C27H54O9	0.01155778894472362	21.51466979168636	15.831034174429705	5.683635617256654	11	0.16980687706076308	2.9328774618312643	3.6088218803454635	1.450532746133361	
3	C30H52NO6	[M + Na]+	C30H52NO6	5.025125628140704E-4	17.90891649681947	13.93968713464417	3.9692293621752985	13	0.2129062647197362	-1.0566259128969906	3.886420061512985	-3.4637305060901475	
4	C33H50N2O3	[M + Na]+	C33H50N2O3	0.0	7.868246491527368	7.868246491527368	0.0	9	0.13659915214319357	1.4149988630054047	8.368973121332907	-8.377993758105196	
5	C37H48NO	[M + Na]+	C37H48NO	0.0	-4.075611529623694	-4.075611529623694	0.0	3	0.04145077720207254	4.271554006337727	4.271554006337727	7.305586681940222	
