rank	molecularFormula	adduct	precursorFormula	ZodiacScore	SiriusScore	TreeScore	IsotopeScore	numExplainedPeaks	explainedIntensity	medianMassErrorFragmentPeaks(ppm)	medianAbsoluteMassErrorFragmentPeaks(ppm)	massErrorPrecursor(ppm)	lipidClass
1	C17H24O4	[M - H2O + H]+	C17H22O3	0.9999999999999999	99.83590104457393	96.84627141150874	2.989629633065186	22	0.6244516927229786	0.15216518373081248	5.367992760178484	-65451.612602714114	
1	C17H22O3	[M + H]+	C17H22O3	0.9999999999999999	99.83590104457393	96.84627141150874	2.989629633065186	21	0.6244516927229786	0.15216518373081248	5.367992760178484	2.135110675220743	
2	C15H22N3O3	[M - H2O + H]+	C15H20N3O2	0.0	87.60354749119327	85.44713609555004	2.1564113956432367	28	0.6764143515914974	4.143539270315044	5.351007664634927	-65446.73303889492	
2	C15H20N3O2	[M + H]+	C15H20N3O2	0.0	87.60354749119327	85.44713609555004	2.1564113956432367	27	0.6764143515914974	4.143539270315044	5.351007664634927	7.0146744944160275	
3	C20H20N	[M + H]+	C20H20N	0.0	53.78376680714391	53.78376680714391	0.0	17	0.5169272297829269	-0.17262794094604117	5.932130421601346	-7.604784849299927	
3	C20H22NO	[M - H2O + H]+	C20H20N	0.0	53.78376680714391	53.78376680714391	0.0	18	0.5169272297829269	-0.17262794094604117	5.932130421601346	-65461.352498238426	
