rank	molecularFormula	adduct	precursorFormula	ZodiacScore	SiriusScore	TreeScore	IsotopeScore	numExplainedPeaks	explainedIntensity	medianMassErrorFragmentPeaks(ppm)	medianAbsoluteMassErrorFragmentPeaks(ppm)	massErrorPrecursor(ppm)	lipidClass
1	C13H14O	[M + H]+	C13H14O	0.9999999999999999	54.83600212817342	54.83600212817342	0.0	14	0.5323884619223475	1.298344753004014	4.8375191300610965	3.6321578166010875	
1	C13H16O2	[M - H2O + H]+	C13H14O	0.9999999999999999	54.83600212817342	54.83600212817342	0.0	15	0.5323884619223475	1.298344753004014	4.8375191300610965	-96251.68095332176	
2	C8H16N3S	[M + H]+	C8H16N3S	0.0	18.712185724105698	18.712185724105698	0.0	13	0.2510230561932328	-6.009935965807924	12.148602948188648	-7.208619014837238	
2	C8H18N3OS	[M - H2O + H]+	C8H16N3S	0.0	18.712185724105698	18.712185724105698	0.0	14	0.2510230561932328	-6.009935965807924	12.148602948188648	-96262.52173015321	
3	C6H18N3S	[M + Na]+	C6H18N3S	0.0	14.082289083220113	14.082289083220113	0.0	7	0.23405529493961472	4.038988794361945	6.380618875285523	5.648293344740746	
