rank	molecularFormula	adduct	precursorFormula	ZodiacScore	SiriusScore	TreeScore	IsotopeScore	numExplainedPeaks	explainedIntensity	medianMassErrorFragmentPeaks(ppm)	medianAbsoluteMassErrorFragmentPeaks(ppm)	massErrorPrecursor(ppm)	lipidClass
1	C28H46O3	[M + Na]+	C28H46O3	0.9999999999999999	73.16822271984465	72.01754076337686	1.1506819564677935	17	0.6052700234803025	-0.3250585587975371	3.9738332756730443	0.6835632295966226	
2	C26H44N3O2	[M + Na]+	C26H44N3O2	0.0	64.58334065101053	61.44050465287423	3.142835998136298	19	0.6376206626663187	-0.3250585587975371	3.9738332756730443	3.6453603390955305	
3	C23H46N2O5	[M + Na]+	C23H46N2O5	0.0	64.37624485022324	63.28534516712143	1.0908996831018203	16	0.5851813201147926	1.0076938519022436	4.802211562039638	9.557281051985266	
4	C31H44N	[M + Na]+	C31H44N	0.0	63.25610805720493	63.25610805720493	0.0	18	0.6217062353248107	-1.0745305211353997	4.802211562039638	-5.228357483293113	
