rank	molecularFormula	adduct	precursorFormula	ZodiacScore	SiriusScore	TreeScore	IsotopeScore	numExplainedPeaks	explainedIntensity	medianMassErrorFragmentPeaks(ppm)	medianAbsoluteMassErrorFragmentPeaks(ppm)	massErrorPrecursor(ppm)	lipidClass
1	C14H12O2	[M + H]+	C14H12O2	0.9994974874371858	32.29235923017258	28.913707796214055	3.3786514339585256	7	0.24755168661588686	-0.49779737441540095	3.531460998157281	1.1258469025648432	
1	C14H14O3	[M - H2O + H]+	C14H12O2	0.9994974874371858	32.29235923017258	28.913707796214055	3.3786514339585256	8	0.24755168661588686	-0.49779737441540095	3.531460998157281	-84519.30858396358	
2	C12H10N3O	[M + H]+	C12H10N3O	5.025125628140704E-4	26.804644211639395	24.544728931263894	2.2599152803755023	7	0.24755168661588686	1.3906212257399684	5.803194362012203	7.426828408428368	
2	C12H12N3O2	[M - H2O + H]+	C12H10N3O	5.025125628140704E-4	26.804644211639395	24.544728931263894	2.2599152803755023	8	0.24755168661588686	1.3906212257399684	5.803194362012203	-84513.00760245786	
3	C6H16N2O4S	[M + H]+	C6H16N2O4S	0.0	8.933495350081843	8.933495350081843	0.0	7	0.17736670293797602	7.849488866573575	7.849488866573575	4.183842067925024	
3	C6H18N2O5S	[M - H2O + H]+	C6H16N2O4S	0.0	8.933495350081843	8.933495350081843	0.0	8	0.17736670293797602	7.849488866573575	7.849488866573575	-84516.25058879823	
