rank	molecularFormula	adduct	precursorFormula	ZodiacScore	SiriusScore	TreeScore	IsotopeScore	numExplainedPeaks	explainedIntensity	medianMassErrorFragmentPeaks(ppm)	medianAbsoluteMassErrorFragmentPeaks(ppm)	massErrorPrecursor(ppm)	lipidClass
1	C13H16	[M + H]+	C13H16	0.9999999999999999	35.06021761188474	35.06021761188474	0.0	9	0.6104117046614495	3.598595008605028	6.378611950313221	3.46101079690695	
1	C13H18O	[M - H2O + H]+	C13H16	0.9999999999999999	35.06021761188474	35.06021761188474	0.0	10	0.6104117046614495	3.598595008605028	6.378611950313221	-104023.82875631441	
