rank	molecularFormula	adduct	precursorFormula	ZodiacScore	SiriusScore	TreeScore	IsotopeScore	numExplainedPeaks	explainedIntensity	medianMassErrorFragmentPeaks(ppm)	medianAbsoluteMassErrorFragmentPeaks(ppm)	massErrorPrecursor(ppm)	lipidClass
1	C21H20O12	[M + Na]+	C21H20O12	0.9331658291457287	46.677531935886165	41.80887728937634	4.868654646509827	14	0.3084898572501879	1.658430704918682	2.9918489823716206	-0.13642246375620304	
2	C16H20N2O14	[M + Na]+	C16H20N2O14	0.0592964824120603	45.86832688148153	43.57598878799787	2.292338093483659	21	0.39038317054846	6.250631526795721	6.522287314479623	8.122429796201054	
3	C19H18N3O11	[M + Na]+	C19H18N3O11	0.007537688442211057	43.626507184380735	39.0842532055441	4.5422539788366345	22	0.3977460555972955	2.443730599791831	4.4871053242129655	2.620149836706633	
4	C24H18NO9	[M + Na]+	C24H18NO9	0.0	31.951424649216225	29.744540190854178	2.2068844583620466	17	0.3398948159278739	0.07930917431158367	4.705051286981055	-5.638702423250625	
5	C31H14NO4	[M + Na]+	C31H14NO4	0.0	19.769389920491264	19.769389920491264	0.0	16	0.3338842975206613	4.807226208874695	5.062317714332081	6.419218591410918	
6	C34H12N2O	[M + Na]+	C34H12N2O	0.0	0.9674935419365331	0.9674935419365331	0.0	6	0.07453042824943652	0.1590342402186106	1.6247968296434678	0.9169386321498991	
