rank	molecularFormula	adduct	precursorFormula	ZodiacScore	SiriusScore	TreeScore	IsotopeScore	numExplainedPeaks	explainedIntensity	medianMassErrorFragmentPeaks(ppm)	medianAbsoluteMassErrorFragmentPeaks(ppm)	massErrorPrecursor(ppm)	lipidClass
1	C8H8O4	[M - H2O + H]+	C8H6O3	0.9999999999999999	13.123453338746064	13.123453338746064	0.0	3	1.0	-8.99189148276341	8.99189148276341	-119240.47796414878	
1	C8H6O3	[M + H]+	C8H6O3	0.9999999999999999	13.123453338746064	13.123453338746064	0.0	2	1.0	-8.99189148276341	8.99189148276341	3.5826769865535915	
2	C9H6N	[M + Na]+	C9H6N	0.0	-2.2380193406902613	-2.2380193406902613	0.0	2	1.0	-8.99189148276341	8.99189148276341	1.7660132733588072	
3	C6H10NO	[M + K]+	C6H10NO	0.0	-3.605170185988091	-3.605170185988091	0.0	1	0.0	NaN	NaN	0.7586742112688998	
4	C6H4N3O2	[M + H]+	C6H4N3O2	0.0	-3.605170185988091	-3.605170185988091	0.0	1	0.0	NaN	NaN	12.472297890981494	
5	C3H8N3O2S	[M + H]+	C3H8N3O2S	0.0	-5.214608098422191	-5.214608098422191	0.0	1	0.0	NaN	NaN	-9.84721283584594	
