rank	molecularFormula	adduct	precursorFormula	ZodiacScore	SiriusScore	TreeScore	IsotopeScore	numExplainedPeaks	explainedIntensity	medianMassErrorFragmentPeaks(ppm)	medianAbsoluteMassErrorFragmentPeaks(ppm)	massErrorPrecursor(ppm)	lipidClass
1	C21H32O4	[M - H4O2 + H]+	C21H28O2	0.9999999999999999	129.0013412787103	129.0013412787103	0.0	39	0.8774660236738278	2.6849701530522414	4.533104711280091	-115001.95058934405	
2	C19H30N3O3	[M - H4O2 + H]+	C19H26N3O	0.0	89.75167844214637	89.75167844214637	0.0	35	0.860379219640509	2.450674871488502	4.533104711280091	-114997.66383324756	
3	C18H36O4S	[M - H4O2 + H]+	C18H32O2S	0.0	88.06070047635464	88.06070047635464	0.0	35	0.860379219640509	2.2421683715995497	4.533104711280091	-115012.71351159985	
4	C16H34N3O3S	[M - H4O2 + H]+	C16H30N3OS	0.0	85.83918644371985	85.83918644371985	0.0	35	0.860379219640509	2.2421683715995497	4.461292664805468	-115008.42675550315	
