rank	formulaRank	ConfidenceScore	CSI:FingerIDScore	molecularFormula	adduct	InChIkey2D	InChI	name	smiles	xlogp	pubchemids	links	dbflags
1	1	0.0769487063462206	-255.7724392111653	C31H48O6	[M + Na]+	YBQWVVDWBNHYPN	InChI=1S/C31H48O6/c1-18-14-31(15-19(2)25(33)37-31)36-20-16-28(6)22-9-8-21(26(3,4)34)29(11-10-23(32)35-7)17-30(22,29)13-12-27(28,5)24(18)20/h18-22,24,34H,8-17H2,1-7H3	Pseudolarolide C	CC1CC2(CC(C(=O)O2)C)OC3C1C4(CCC56CC5(C(CCC6C4(C3)C)C(C)(C)O)CCC(=O)OC)C	6.0	3795022;6711551;21592338;90662027	COCONUT:(CNP0409283);Natural Products:(UNPD82170);PubChem:(3795022 6711551 21592338 90662027);PNC:(LTS0216958 LTS0049703);SuperNatural:(SN00338799);PubMed	68722655298