rank	molecularFormula	adduct	precursorFormula	ZodiacScore	SiriusScore	TreeScore	IsotopeScore	numExplainedPeaks	explainedIntensity	medianMassErrorFragmentPeaks(ppm)	medianAbsoluteMassErrorFragmentPeaks(ppm)	massErrorPrecursor(ppm)	lipidClass
1	C25H48O6	[M - H4O2 + H]+	C25H44O4	0.9914572864321608	38.20612280908301	38.20612280908301	0.0	11	0.436450839328537	-4.307899646169746	5.446540486614096	-87997.77122691713	
2	C23H46N3O5	[M - H4O2 + H]+	C23H42N3O3	0.008542713567839196	34.48491456554541	34.48491456554541	0.0	16	0.5455635491606713	-2.681375309104587	5.031597226387465	-87994.49104405094	
3	C28H46NO3	[M - H4O2 + H]+	C28H42NO	0.0	31.027681122752956	31.027681122752956	0.0	11	0.436450839328537	-4.307899646169746	5.446540486614096	-88004.31866427076	
