rank	molecularFormula	adduct	precursorFormula	ZodiacScore	SiriusScore	TreeScore	IsotopeScore	numExplainedPeaks	explainedIntensity	medianMassErrorFragmentPeaks(ppm)	medianAbsoluteMassErrorFragmentPeaks(ppm)	massErrorPrecursor(ppm)	lipidClass
1	C5H13N3	[M + K]+	C5H13N3	0.6809045226130653	1.0	1.0	0.0	1	0.0	NaN	NaN	9.025116590777715	
2	C4H13N2O2S	[M + H]+	C4H13N2O2S	0.1477386934673367	-0.6094379124341003	-0.6094379124341003	0.0	1	0.0	NaN	NaN	-10.086241640746252	
3	C7H15O	[M + K]+	C7H15O	0.08190954773869348	-1.105170185988091	-1.105170185988091	0.0	1	0.0	NaN	NaN	0.3106614418685023	
4	C10H11	[M + Na]+	C10H11	0.08040201005025127	-1.105170185988091	-1.105170185988091	0.0	1	0.0	NaN	NaN	1.2981513664128035	
5	C7H9N2O2	[M + H]+	C7H9N2O2	0.009045226130653266	-3.605170185988091	-3.605170185988091	0.0	1	0.0	NaN	NaN	11.793473733116013	
