rank	molecularFormula	adduct	precursorFormula	ZodiacScore	SiriusScore	TreeScore	IsotopeScore	numExplainedPeaks	explainedIntensity	medianMassErrorFragmentPeaks(ppm)	medianAbsoluteMassErrorFragmentPeaks(ppm)	massErrorPrecursor(ppm)	lipidClass
1	C19H30O4	[M - H4O2 + H]+	C19H26O2	0.9999999999999999	86.69138825309679	86.69138825309679	0.0	27	0.7229701994910102	3.453677668514529	5.570016041758784	-125419.71417907343	
1	C19H28O3	[M - H2O + H]+	C19H26O2	0.9999999999999999	86.69138825309679	86.69138825309679	0.0	27	0.7229701994910102	3.453677668514529	5.570016041758784	-62709.056313010246	
1	C19H26O2	[M + H]+	C19H26O2	0.9999999999999999	86.69138825309679	86.69138825309679	0.0	26	0.7229701994910102	3.453677668514529	5.570016041758784	1.601553052732849	
2	C17H28N3O3	[M - H4O2 + H]+	C17H24N3O	0.0	60.586266275239325	60.586266275239325	0.0	25	0.7112306050406368	3.453677668514529	5.570016041758784	-125415.03911205448	
2	C17H26N3O2	[M - H2O + H]+	C17H24N3O	0.0	60.586266275239325	60.586266275239325	0.0	25	0.7112306050406368	3.453677668514529	5.570016041758784	-62704.38124599149	
2	C17H24N3O	[M + H]+	C17H24N3O	0.0	60.586266275239325	60.586266275239325	0.0	24	0.7112306050406368	3.453677668514529	5.570016041758784	6.276620071677281	
