rank	molecularFormula	adduct	precursorFormula	ZodiacScore	SiriusScore	TreeScore	IsotopeScore	numExplainedPeaks	explainedIntensity	medianMassErrorFragmentPeaks(ppm)	medianAbsoluteMassErrorFragmentPeaks(ppm)	massErrorPrecursor(ppm)	lipidClass
1	C15H18O2	[M - H2O + H]+	C15H16O	0.9999999999999999	71.6985647263174	71.6985647263174	0.0	19	0.6461758398856328	1.3527096031552437	4.932123847972065	-84503.18329420123	
1	C15H16O	[M + H]+	C15H16O	0.9999999999999999	71.6985647263174	71.6985647263174	0.0	18	0.6461758398856328	1.3527096031552437	4.932123847972065	2.68951047520347	
2	C13H14N3	[M + H]+	C13H14N3	0.0	52.27883018871632	52.27883018871632	0.0	14	0.594889206576126	0.637729182686309	4.725217706603323	8.98940641474288	
2	C13H16N3O	[M - H2O + H]+	C13H14N3	0.0	52.27883018871632	52.27883018871632	0.0	15	0.594889206576126	0.637729182686309	4.725217706603323	-84496.88339826168	
3	C10H22OS	[M + Na]+	C10H22OS	0.0	50.716509739413155	50.716509739413155	0.0	19	0.7482130092923521	-4.0432939662296565	4.8015096262541395	-1.840350263253168	
4	C8H20N3S	[M + Na]+	C8H20N3S	0.0	31.605726544631786	31.605726544631786	0.0	16	0.7169406719085064	-5.62819621336321	7.360266911476732	4.459545676286243	
5	C10H18N3S	[M + H]+	C10H18N3S	0.0	16.7321268647409	16.7321268647409	0.0	9	0.4165475339528236	-5.2688858155825695	8.701566179092866	-6.827982932808736	
5	C10H20N3OS	[M - H2O + H]+	C10H18N3S	0.0	16.7321268647409	16.7321268647409	0.0	10	0.4165475339528236	-5.2688858155825695	8.701566179092866	-84512.70078760924	
