rank	molecularFormula	adduct	precursorFormula	ZodiacScore	SiriusScore	TreeScore	IsotopeScore	numExplainedPeaks	explainedIntensity	medianMassErrorFragmentPeaks(ppm)	medianAbsoluteMassErrorFragmentPeaks(ppm)	massErrorPrecursor(ppm)	lipidClass
1	C10H12O	[M - H2O + H]+	C10H10	0.9999999999999999	22.272720072996385	22.272720072996385	0.0	7	0.7405527354765934	-0.2713210651815334	7.8736305195083	-137390.32652976777	
1	C10H10	[M + H]+	C10H10	0.9999999999999999	22.272720072996385	22.272720072996385	0.0	6	0.7405527354765934	-0.2713210651815334	7.8736305195083	4.569921647269761	
