rank	molecularFormula	adduct	precursorFormula	ZodiacScore	SiriusScore	TreeScore	IsotopeScore	numExplainedPeaks	explainedIntensity	medianMassErrorFragmentPeaks(ppm)	medianAbsoluteMassErrorFragmentPeaks(ppm)	massErrorPrecursor(ppm)	lipidClass
1	C29H52O5	[M + Na]+	C29H52O5	0.9959798994974876	16.14468063024476	16.091068639339362	0.05361199090539914	3	0.31777777777777777	2.0518237208915573	2.0518237208915573	0.6820861732700936	
2	C24H52N2O7	[M + Na]+	C24H52N2O7	0.0035175879396984926	9.891176886375217	9.891176886375217	0.0	3	0.31777777777777777	2.0518237208915573	2.0518237208915573	8.673725917852757	
3	C32H50NO2	[M + Na]+	C32H50NO2	5.025125628140704E-4	6.342151408999402	6.342151408999402	0.0	3	0.31777777777777777	2.0518237208915573	2.0518237208915573	-4.64216928330395	
4	C27H50N3O4	[M + Na]+	C27H50N3O4	0.0	8.145977587997521	7.7995609142072375	0.34641667379028407	4	0.4511111111111112	9.733500313787253	9.733500313787253	3.349470461278712	
