rank	molecularFormula	adduct	precursorFormula	ZodiacScore	SiriusScore	TreeScore	IsotopeScore	numExplainedPeaks	explainedIntensity	medianMassErrorFragmentPeaks(ppm)	medianAbsoluteMassErrorFragmentPeaks(ppm)	massErrorPrecursor(ppm)	lipidClass
1	C26H54O6	[M + Na]+	C26H54O6	0.8969849246231155	39.05415051102241	33.205288940756326	5.848861570266079	14	0.33027859237536666	4.513327433806766	4.513327433806766	1.165313846739694	
2	C24H52N3O5	[M + Na]+	C24H52N3O5	0.09447236180904524	36.79698006923943	31.26001654411505	5.5369635251243805	18	0.4527126099706745	0.06971635197799048	5.008274907128158	3.9315566863376	
3	C29H52NO3	[M + Na]+	C29H52NO3	0.008542713567839196	34.57563445175994	31.224737532094306	3.350896919665633	15	0.34420821114369504	2.4065882809313504	4.954727817809194	-4.356269075606191	
