rank	molecularFormula	adduct	precursorFormula	ZodiacScore	SiriusScore	TreeScore	IsotopeScore	numExplainedPeaks	explainedIntensity	medianMassErrorFragmentPeaks(ppm)	medianAbsoluteMassErrorFragmentPeaks(ppm)	massErrorPrecursor(ppm)	lipidClass
1	C29H48O2	[M - H2O + H]+	C29H46O	0.9999999999999999	25.39338341788683	19.986540982642154	5.406842435244679	4	0.20833333333333334	2.998712668098366	2.998712668098366	-43781.910719264495	
1	C29H46O	[M + H]+	C29H46O	0.9999999999999999	25.39338341788683	19.986540982642154	5.406842435244679	3	0.20833333333333334	2.998712668098366	2.998712668098366	0.8013687025541111	
2	C27H48O	[M + Na]+	C27H48O	0.0	18.928040713367146	14.342360557938258	4.5856801554288875	3	0.20833333333333334	2.998712668098366	2.998712668098366	6.649466578768789	
3	C27H46N3O	[M - H2O + H]+	C27H44N3	0.0	13.226800556334366	8.296547207714337	4.93025334862003	4	0.20833333333333334	2.998712668098366	2.998712668098366	-43778.6467268229	
3	C27H44N3	[M + H]+	C27H44N3	0.0	13.226800556334366	8.296547207714337	4.93025334862003	3	0.20833333333333334	2.998712668098366	2.998712668098366	4.06536114401275	
