rank	molecularFormula	adduct	precursorFormula	ZodiacScore	SiriusScore	TreeScore	IsotopeScore	numExplainedPeaks	explainedIntensity	medianMassErrorFragmentPeaks(ppm)	medianAbsoluteMassErrorFragmentPeaks(ppm)	massErrorPrecursor(ppm)	lipidClass
1	C21H40O6	[M + Na]+	C21H40O6	0.9663316582914573	75.47800601437014	75.47800601437014	0.0	30	0.6257512713823394	4.409468542583065	5.535847206618204	1.919325698877459	
2	C25H40OS	[M + Na]+	C25H40OS	0.030653266331658297	72.13659662625905	72.13659662625905	0.0	33	0.7029588534442902	5.492924644409913	5.925971564356569	8.003126599004823	
3	C22H44OS2	[M + Na]+	C22H44OS2	0.0025125628140703522	69.19305061998152	69.19305061998152	0.0	37	0.8013176144244105	4.0984590253946385	5.5277363580998236	-0.19369669378097906	
4	C24H38NO3	[M + Na]+	C24H38NO3	5.025125628140704E-4	68.17730894917302	68.17730894917302	0.0	34	0.6766065649560796	3.937186202345303	5.535847206618204	-4.59721991536518	
5	C19H38N3O5	[M + Na]+	C19H38N3O5	0.0	65.82791754921598	65.82791754921598	0.0	35	0.6754507628294034	3.7759133792959676	5.492924644409913	5.184032196395335	
6	C20H42N3S2	[M + Na]+	C20H42N3S2	0.0	60.709139349268455	60.709139349268455	0.0	30	0.7167128987517338	2.8556063910451424	5.5103305012548685	3.0710098037368967	
