rank	molecularFormula	adduct	precursorFormula	ZodiacScore	SiriusScore	TreeScore	IsotopeScore	numExplainedPeaks	explainedIntensity	medianMassErrorFragmentPeaks(ppm)	medianAbsoluteMassErrorFragmentPeaks(ppm)	massErrorPrecursor(ppm)	lipidClass
1	C21H32O4	[M - H2O + H]+	C21H30O3	0.9999999999999999	106.3751801406229	106.3751801406229	0.0	36	0.8289599597078822	2.652373507039227	5.417513192136527	-54375.40643545865	
2	C19H30N3O3	[M - H2O + H]+	C19H28N3O2	0.0	75.93391703333683	75.93391703333683	0.0	33	0.8161168471417779	2.5847924492453083	4.593249113948031	-54371.35276523938	
3	C16H34N3O3S	[M - H2O + H]+	C16H32N3O2S	0.0	73.11616629779046	73.11616629779046	0.0	40	0.8822714681440442	2.355416680981319	5.340014858312566	-54381.53046988079	
4	C17H36N2OS2	[M - H2O + H]+	C17H34N2S2	0.0	59.898019138695304	59.898019138695304	0.0	27	0.7375220347519514	2.7199545648331456	4.593249113948031	-54365.88506670169	
5	C24H30NO	[M - H2O + H]+	C24H28N	0.0	55.921735057863806	55.921735057863806	0.0	27	0.7375220347519514	2.7199545648331456	4.593249113948031	-54383.49779892651	
