rank	molecularFormula	adduct	precursorFormula	ZodiacScore	SiriusScore	TreeScore	IsotopeScore	numExplainedPeaks	explainedIntensity	medianMassErrorFragmentPeaks(ppm)	medianAbsoluteMassErrorFragmentPeaks(ppm)	massErrorPrecursor(ppm)	lipidClass
1	C20H36O3	[M + Na]+	C20H36O3	0.9854271356783919	34.102259471688726	31.12623776128477	2.9760217104039555	9	0.561963190184049	2.526615621661298	4.340380272624391	2.7617895753774384	
2	C23H34N	[M + Na]+	C23H34N	0.0135678391959799	28.21171108809029	26.395713976823078	1.8159971112672124	9	0.5723926380368097	2.526615621661298	4.340380272624391	-4.956064625057764	
3	C18H34N3O2	[M + Na]+	C18H34N3O2	0.0010050251256281408	26.30414119197995	24.574194731178206	1.7299464608017452	9	0.5588957055214724	2.526615621661298	4.340380272624391	6.6283364004294425	
4	C20H38NO	[M + K]+	C20H38NO	0.0	26.233758309865987	26.233758309865987	0.0	10	0.6030674846625766	2.29170944300863	3.076913429946037	-5.394207454120023	
