rank	molecularFormula	adduct	precursorFormula	ZodiacScore	SiriusScore	TreeScore	IsotopeScore	numExplainedPeaks	explainedIntensity	medianMassErrorFragmentPeaks(ppm)	medianAbsoluteMassErrorFragmentPeaks(ppm)	massErrorPrecursor(ppm)	lipidClass
1	C17H34O4	[M - H2O + H]+	C17H32O3	0.9969849246231154	57.634059131234	57.634059131234	0.0	11	0.6790409899458624	4.921150402838609	6.792553522102892	-63140.75301287866	
1	C17H32O3	[M + H]+	C17H32O3	0.9969849246231154	57.634059131234	57.634059131234	0.0	10	0.6790409899458624	4.921150402838609	6.792553522102892	0.47290423864511016	
2	C18H32N	[M + Na]+	C18H32N	0.003015075376884423	51.751286376362636	51.751286376362636	0.0	12	0.7625676720804332	6.050565335517591	6.050565335517591	-0.48904198587561915	
3	C15H30N3O2	[M + H]+	C15H30N3O2	0.0	49.80456336693464	49.80456336693464	0.0	12	0.7625676720804332	6.050565335517591	9.29822840385631	5.180070019799844	
3	C15H32N3O3	[M - H2O + H]+	C15H30N3O2	0.0	49.80456336693464	49.80456336693464	0.0	13	0.7625676720804332	6.050565335517591	9.29822840385631	-63136.045847097506	
4	C20H30N	[M + H]+	C20H30N	0.0	48.97178508025669	48.97178508025669	0.0	10	0.6790409899458624	4.921150402838609	6.792553522102892	-8.922874692391959	
4	C20H32NO	[M - H2O + H]+	C20H30N	0.0	48.97178508025669	48.97178508025669	0.0	11	0.6790409899458624	4.921150402838609	6.792553522102892	-63150.1487918095	
