rank	molecularFormula	adduct	precursorFormula	ZodiacScore	SiriusScore	TreeScore	IsotopeScore	numExplainedPeaks	explainedIntensity	medianMassErrorFragmentPeaks(ppm)	medianAbsoluteMassErrorFragmentPeaks(ppm)	massErrorPrecursor(ppm)	lipidClass
1	C36H58N2O5	[M + Na]+	C36H58N2O5	0.9994974874371858	17.121882166788083	17.121882166788083	0.0	9	0.14773820981713187	0.21981076987236406	4.175178646110634	-7.382401060029993	
2	C40H56NO3	[M + Na]+	C40H56NO3	5.025125628140704E-4	8.582202206129558	8.582202206129558	0.0	8	0.13450433108758425	1.215214681308115	4.7239188216341095	6.381743846297925	
3	C28H60N3O10	[M + Na]+	C28H60N3O10	0.0	9.564334602528636	9.564334602528636	0.0	18	0.2969201154956689	-0.9887112674206338	4.669722469899893	3.4039343709750116	
4	C33H60NO8	[M + Na]+	C33H60NO8	0.0	9.11784070540108	9.11784070540108	0.0	10	0.1705967276227142	0.683600787002282	3.1928986194272504	-3.0695700855537362	
5	C30H62O11	[M + Na]+	C30H62O11	0.0	7.526015819479321	7.526015819479321	0.0	8	0.13570741097208858	1.6117036923292911	4.7239188216341095	1.2432608885566259	
6	C43H54N2	[M + Na]+	C43H54N2	0.0	0.6458583958682524	0.6458583958682524	0.0	1	0.0	3.8292471446247704	3.8292471446247704	2.0689128718216687	
