rank	molecularFormula	adduct	precursorFormula	ZodiacScore	SiriusScore	TreeScore	IsotopeScore	numExplainedPeaks	explainedIntensity	medianMassErrorFragmentPeaks(ppm)	medianAbsoluteMassErrorFragmentPeaks(ppm)	massErrorPrecursor(ppm)	lipidClass
1	C29H44O2	[M + H]+	C29H44O2	0.9999999999999999	78.06784122276693	77.27178300822266	0.796058214544269	27	0.7588882797014046	1.2049410095459336	2.3976776398273563	0.656086081815423	
1	C29H46O3	[M - H2O + H]+	C29H44O2	0.9999999999999999	78.06784122276693	77.27178300822266	0.796058214544269	28	0.7588882797014046	1.2049410095459336	2.3976776398273563	-42343.10016918667	
1	C29H48O4	[M - H4O2 + H]+	C29H44O2	0.9999999999999999	78.06784122276693	77.27178300822266	0.796058214544269	28	0.7588882797014046	1.2049410095459336	2.3976776398273563	-84686.8564244553	
2	C24H44N2O4	[M + H]+	C24H44N2O4	0.0	67.05832704738903	65.55957529827666	1.4987517491123739	28	0.7740711062376116	0.5586266490578095	2.502424042468226	10.113800034820102	
2	C24H46N2O5	[M - H2O + H]+	C24H44N2O4	0.0	67.05832704738903	65.55957529827666	1.4987517491123739	29	0.7740711062376116	0.5586266490578095	2.502424042468226	-42333.64245523367	
2	C24H48N2O6	[M - H4O2 + H]+	C24H44N2O4	0.0	67.05832704738903	65.55957529827666	1.4987517491123739	29	0.7740711062376116	0.5586266490578095	2.502424042468226	-84677.39871050228	
3	C27H46N3O3	[M - H4O2 + H]+	C27H42N3O	0.0	65.90870462377158	62.820743076622314	3.0879615471492667	29	0.7740711062376116	0.5586266490578095	2.502424042468226	-84683.69970588363	
3	C27H42N3O	[M + H]+	C27H42N3O	0.0	65.90870462377158	62.820743076622314	3.0879615471492667	28	0.7740711062376116	0.5586266490578095	2.502424042468226	3.8128046534819684	
3	C27H44N3O2	[M - H2O + H]+	C27H42N3O	0.0	65.90870462377158	62.820743076622314	3.0879615471492667	29	0.7740711062376116	0.5586266490578095	2.502424042468226	-42339.943450615145	
