rank	molecularFormula	adduct	precursorFormula	ZodiacScore	SiriusScore	TreeScore	IsotopeScore	numExplainedPeaks	explainedIntensity	medianMassErrorFragmentPeaks(ppm)	medianAbsoluteMassErrorFragmentPeaks(ppm)	massErrorPrecursor(ppm)	lipidClass
1	C20H28O5	[M - H2O + H]+	C20H26O4	0.9999999999999999	133.37010346064207	129.77103908805606	3.5990643725860068	26	0.5381630012936611	0.6468659119005362	6.546366723423044	-54381.674329518944	
1	C20H26O4	[M + H]+	C20H26O4	0.9999999999999999	133.37010346064207	129.77103908805606	3.5990643725860068	25	0.5381630012936611	0.6468659119005362	6.546366723423044	-0.35227765098862784	
2	C18H24N3O3	[M + H]+	C18H24N3O3	0.0	137.8562147497598	135.1894874903863	2.666727259373483	32	0.6677139160968398	0.7145710484808363	4.50463929969378	3.7018390465953748	
2	C18H26N3O4	[M - H2O + H]+	C18H24N3O3	0.0	137.8562147497598	135.1894874903863	2.666727259373483	33	0.6677139160968398	0.7145710484808363	4.50463929969378	-54377.620212821545	
3	C23H26NO2	[M - H2O + H]+	C23H24NO	0.0	105.35506086383765	104.8815527109308	0.4735081529068448	26	0.5381630012936611	-2.233413753978956	6.916146089570261	-54389.766584183875	
3	C23H24NO	[M + H]+	C23H24NO	0.0	105.35506086383765	104.8815527109308	0.4735081529068448	25	0.5381630012936611	-2.233413753978956	6.916146089570261	-8.444532315742126	
