rank	molecularFormula	adduct	precursorFormula	ZodiacScore	SiriusScore	TreeScore	IsotopeScore	numExplainedPeaks	explainedIntensity	medianMassErrorFragmentPeaks(ppm)	medianAbsoluteMassErrorFragmentPeaks(ppm)	massErrorPrecursor(ppm)	lipidClass
1	C32H66O9	[M + H3N + H]+	C32H69NO9	0.9809045226130655	9.652565292195249	9.652565292195249	0.0	3	0.3074380165289255	5.781721401785501	5.781721401785501	0.41934693245895777	
2	C38H62N2O3	[M + H3N + H]+	C38H65N3O3	0.018090452261306532	5.782523672426874	5.782523672426874	0.0	4	0.4165289256198347	16.539255672233722	16.539255672233722	-8.331853542566133	
3	C36H66O4S	[M + H3N + H]+	C36H69NO4S	0.0010050251256281408	2.7933426066209144	2.7933426066209144	0.0	2	0.16528925619834708	5.072301595187025	5.072301595187025	4.50437636982825	
4	C35H64NO6	[M + H3N + H]+	C35H67N2O6	0.0	0.7465742502738753	0.7465742502738753	0.0	4	0.4495867768595041	-7.58191745246572	7.58191745246572	-3.956253304960783	
5	C42H60NO	[M + H3N + H]+	C42H63N2O	0.0	-3.605170185988091	-3.605170185988091	0.0	1	NaN	NaN	NaN	5.632615753806063	
6	C39H64NOS	[M + H3N + H]+	C39H67N2OS	0.0	-5.214608098422191	-5.214608098422191	0.0	1	NaN	NaN	NaN	0.1287761320372905	
7	C36H68NOS2	[M + H3N + H]+	C36H71N2OS2	0.0	-5.421332765682706	-5.421332765682706	0.0	1	NaN	NaN	NaN	-5.3750634893602625	
8	C32H68NO6S	[M + H3N + H]+	C32H71N2O6S	0.0	-7.216194737744397	-7.216194737744397	0.0	3	0.3074380165289255	-2.199063267268666	7.271364862455691	-9.460092926543947	
