rank	molecularFormula	adduct	precursorFormula	ZodiacScore	SiriusScore	TreeScore	IsotopeScore	numExplainedPeaks	explainedIntensity	medianMassErrorFragmentPeaks(ppm)	medianAbsoluteMassErrorFragmentPeaks(ppm)	massErrorPrecursor(ppm)	lipidClass
1	C12H27NO2	[M - H2O + H]+	C12H25NO	0.9999999999999999	28.981520887332998	26.04738844403235	2.9341324433006477	7	0.37696850393700787	-1.2289088015742813	6.873835914199807	-89959.54169985473	
1	C12H25NO	[M + H]+	C12H25NO	0.9999999999999999	28.981520887332998	26.04738844403235	2.9341324433006477	6	0.37696850393700787	-1.2289088015742813	6.873835914199807	2.6776469760398007	
