rank	molecularFormula	adduct	precursorFormula	ZodiacScore	SiriusScore	TreeScore	IsotopeScore	numExplainedPeaks	explainedIntensity	medianMassErrorFragmentPeaks(ppm)	medianAbsoluteMassErrorFragmentPeaks(ppm)	massErrorPrecursor(ppm)	lipidClass
1	C28H54O8	[M - H2O + H]+	C28H52O7	0.9834170854271358	51.920333451531626	51.920333451531626	0.0	14	0.49682216093056725	0.1912772910176615	3.487743327679251	-35921.39093320216	
2	C26H52N3O7	[M - H2O + H]+	C26H50N3O6	0.016582914572864323	48.09937834331866	48.09937834331866	0.0	15	0.5042571051684855	-2.5490715026530726	4.787687456297132	-35918.712950633926	
3	C31H52NO5	[M - H2O + H]+	C31H50NO4	0.0	42.48915396556825	42.48915396556825	0.0	14	0.49682216093056725	-1.7223140838188753	4.65617903513267	-35926.73634344754	
4	C32H54O3S	[M - H2O + H]+	C32H52O2S	0.0	39.45228552924378	39.45228552924378	0.0	14	0.48818803213814604	-0.20644103848400377	4.65617903513267	-35916.40049600006	
5	C29H58O3S2	[M - H2O + H]+	C29H56O2S2	0.0	37.41538360293923	37.41538360293923	0.0	11	0.41239956829356034	-1.4091299327980753	3.4317861245832604	-35923.12420911497	
6	C27H56N3O2S2	[M - H2O + H]+	C27H54N3OS2	0.0	23.870748592788026	23.870748592788026	0.0	13	0.3517208298357117	3.1138717701210124	4.782451270021625	-35920.446226546504	
7	C30H52N3O2S	[M - H2O + H]+	C30H50N3OS	0.0	23.65596912286947	23.65596912286947	0.0	13	0.3517208298357117	5.7063130199888885	5.742981636537145	-35913.72251343183	
