rank	molecularFormula	adduct	precursorFormula	ZodiacScore	SiriusScore	TreeScore	IsotopeScore	numExplainedPeaks	explainedIntensity	medianMassErrorFragmentPeaks(ppm)	medianAbsoluteMassErrorFragmentPeaks(ppm)	massErrorPrecursor(ppm)	lipidClass
1	C32H66O12	[M + Na]+	C32H66O12	0.8924623115577889	4.517503768444451	2.914500659985652	1.6030031084587986	1	0.0	2.6324402830429205	2.6324402830429205	0.8645112635992954	
2	C30H64N3O11	[M + Na]+	C30H64N3O11	0.058793969849246244	1.3899452483759163	-1.0567835147457902	2.4467287631217065	7	0.1019688510138113	2.3164664995230835	4.650159516254006	2.882234064004157	
3	C38H62N2O6	[M + Na]+	C38H62N2O6	0.02261306532663317	0.46836625219388994	0.46836625219388994	0.0	1	0.0	-5.422531537518248	5.422531537518248	-7.190474797617794	
4	C45H58N2O	[M + Na]+	C45H58N2O	0.020100502512562818	0.6902025900335605	0.6902025900335605	0.0	1	0.0	3.4034655674741616	3.4034655674741616	1.6355379111520996	
5	C35H64NO9	[M + Na]+	C35H64NO9	0.005527638190954774	-1.740229491125855	-1.740229491125855	0.0	7	0.1007934175727299	-1.9698931852142108	4.821758489954247	-3.1629817670092493	
6	C41H60N3O3	[M + Na]+	C41H60N3O3	5.025125628140704E-4	-4.670372886689146	-4.670372886689146	0.0	1	0.0	-9.45001744762799	9.45001744762799	-11.217967828055494	
7	C42H60NO4	[M + Na]+	C42H60NO4	0.0	-4.387314545694021	-4.387314545694021	0.0	1	0.0	7.430951477925589	7.430951477925589	5.6630309419314875	
