rank	molecularFormula	adduct	precursorFormula	ZodiacScore	SiriusScore	TreeScore	IsotopeScore	numExplainedPeaks	explainedIntensity	medianMassErrorFragmentPeaks(ppm)	medianAbsoluteMassErrorFragmentPeaks(ppm)	massErrorPrecursor(ppm)	lipidClass
1	C41H84O12	[M + Na]+	C41H84O12	0.9999999999999999	53.76862428208121	46.55094406800386	7.217680214077356	25	0.7108066971080677	3.8964918069399395	5.087064696671039	1.2336204770986432	
2	C39H82N3O11	[M + Na]+	C39H82N3O11	0.0	44.07198785647403	36.35292200157478	7.719065854899251	26	0.7721104958062119	2.4799012589632494	5.262827194554257	2.92981418652913	
3	C47H80N2O6	[M + Na]+	C47H80N2O6	0.0	43.224533481281085	43.01431895608061	0.21021452520047923	32	0.8557595777065325	1.219237058436172	4.93677587483841	-5.537783743320244	
4	C44H82NO9	[M + Na]+	C44H82NO9	0.0	41.586563365075435	37.04923743002355	4.537325935051882	26	0.7063052559992232	1.219237058436172	5.33393108827102	-2.1520816330389905	
5	C48H80O7	[M + Na]+	C48H80O7	0.0	37.725619336732045	37.725619336732045	0.0	26	0.7220441076459735	3.8311838294679106	4.491778251805489	8.653186352676254	
6	C51H78NO4	[M + Na]+	C51H78NO4	0.0	35.94943664852712	35.94943664852712	0.0	26	0.7357103533145508	1.7437029077390398	5.129683341770095	5.267484242395001	
7	C50H78N3O3	[M + Na]+	C50H78N3O3	0.0	35.00116906445175	35.00116906445175	0.0	26	0.7357103533145508	1.219237058436172	5.33393108827102	-8.923485853601496	
8	C54H76N2O	[M + Na]+	C54H76N2O	0.0	16.00743325981521	16.00743325981521	0.0	16	0.30302147090255527	1.6294745043777608	4.341187377806255	1.881782132113748	
