rank	molecularFormula	adduct	precursorFormula	ZodiacScore	SiriusScore	TreeScore	IsotopeScore	numExplainedPeaks	explainedIntensity	medianMassErrorFragmentPeaks(ppm)	medianAbsoluteMassErrorFragmentPeaks(ppm)	massErrorPrecursor(ppm)	lipidClass
1	C35H66O6	[M + Na]+	C35H66O6	0.9859296482412062	8.720030824406319	8.720030824406319	0.0	3	0.21669106881405567	-3.3897781778372194	3.3897781778372194	0.8152438020989075	
2	C33H64N3O5	[M + Na]+	C33H64N3O5	0.010552763819095479	4.412618274377134	4.412618274377134	0.0	5	0.3792093704245974	-0.09116610348053378	4.060430500457139	3.0328127344995712	
3	C41H62N2	[M + Na]+	C41H62N2	0.0025125628140703522	3.1368854564127284	3.1368854564127284	0.0	4	0.27964860907759886	-3.454017665535722	3.454017665535722	-8.037551456343556	
4	C38H64NO3	[M + Na]+	C38H64NO3	5.025125628140704E-4	1.5137390702170022	1.5137390702170022	0.0	3	0.21669106881405567	-3.3897781778372194	3.3897781778372194	-3.6111538269345593	
5	C34H68N3S2	[M + Na]+	C34H68N3S2	5.025125628140704E-4	0.09855340825322134	0.09855340825322134	0.0	4	0.3060029282576867	-3.454017665535722	3.454017665535722	1.5975312428895856	
6	C39H66OS	[M + Na]+	C39H66OS	0.0	-0.6094379124341003	-0.6094379124341003	0.0	1	0.0	NaN	NaN	4.947697324851382	
7	C36H70OS2	[M + Na]+	C36H70OS2	0.0	-0.8991547171808482	-0.8991547171808482	0.0	1	0.0	NaN	NaN	-0.6200376896988425	
8	C35H68NO3S	[M + Na]+	C35H68NO3S	0.0	-1.44361865561642	-1.44361865561642	0.0	3	0.21669106881405567	-3.3897781778372194	3.3897781778372194	-9.17888884167255	
9	C37H64N3S	[M + Na]+	C37H64N3S	0.0	-4.875382004934063	-4.875382004934063	0.0	4	0.27964860907759886	-3.454017665535722	3.454017665535722	7.165266257439811	
