rank	molecularFormula	adduct	precursorFormula	ZodiacScore	SiriusScore	TreeScore	IsotopeScore	numExplainedPeaks	explainedIntensity	medianMassErrorFragmentPeaks(ppm)	medianAbsoluteMassErrorFragmentPeaks(ppm)	massErrorPrecursor(ppm)	lipidClass
1	C14H12O2	[M + H]+	C14H12O2	0.9999999999999999	31.007766974348545	27.78212866037019	3.225638313978354	5	0.25028790786948185	3.7759133792959676	4.983328896026065	1.8793635753585387	
1	C14H14O3	[M - H2O + H]+	C14H12O2	0.9999999999999999	31.007766974348545	27.78212866037019	3.225638313978354	6	0.25028790786948185	3.7759133792959676	4.983328896026065	-84518.49137966255	
2	C12H10N3O	[M + H]+	C12H10N3O	0.0	12.699539242490665	10.812190691322535	1.8873485511681305	4	0.2119001919385797	7.348769691268018	7.348769691268018	8.180340333322098	
2	C12H12N3O2	[M - H2O + H]+	C12H10N3O	0.0	12.699539242490665	10.812190691322535	1.8873485511681305	5	0.2119001919385797	7.348769691268018	7.348769691268018	-84512.19040290473	
3	C9H14N3OS	[M + H]+	C9H14N3OS	0.0	9.671102831013954	9.671102831013954	0.0	6	0.27447216890595016	-1.791912449115367	5.019787611432902	-7.639762666326765	
3	C9H16N3O2S	[M - H2O + H]+	C9H14N3OS	0.0	9.671102831013954	9.671102831013954	0.0	7	0.27447216890595016	-1.791912449115367	5.019787611432902	-84528.01050590437	
4	C6H16N2O4S	[M + H]+	C6H16N2O4S	0.0	5.184242891731552	5.184242891731552	0.0	6	0.14548944337811906	5.751980545047471	7.629712778946011	4.937356436465783	
4	C6H18N2O5S	[M - H2O + H]+	C6H16N2O4S	0.0	5.184242891731552	5.184242891731552	0.0	7	0.14548944337811906	5.751980545047471	7.629712778946011	-84515.43338680145	
