rank	molecularFormula	adduct	precursorFormula	ZodiacScore	SiriusScore	TreeScore	IsotopeScore	numExplainedPeaks	explainedIntensity	medianMassErrorFragmentPeaks(ppm)	medianAbsoluteMassErrorFragmentPeaks(ppm)	massErrorPrecursor(ppm)	lipidClass
1	C19H40N3O5	[M - H4O2 + H]+	C19H36N3O3	0.9844221105527639	26.149179892997015	22.479547779971487	3.66963211302553	22	0.3384474467597893	3.001089038327109	7.779300253404217	-101389.33199113273	
2	C21H42O6	[M - H4O2 + H]+	C21H38O4	0.01507537688442211	22.189680915596067	20.718283326161938	1.4713975894341305	16	0.2404396610945729	-0.6425314207616214	5.871805822360291	-101393.11119491955	
3	C19H40O4	[M + Na]+	C19H40O4	5.025125628140704E-4	19.74592405176493	15.451313151046747	4.294610900718184	12	0.1884588962674605	2.6884854926619903	5.807136845061468	1.021823246207056	
4	C17H38N3O3	[M + Na]+	C17H38N3O3	0.0	13.388663629515385	8.666127781346976	4.722535848168408	14	0.21983054728646664	6.732595115194187	6.732595115194187	4.8010270330239395	
5	C22H38NO	[M + Na]+	C22H38NO	0.0	-0.162518078396098	-0.35530168268653384	0.19278360429043584	12	0.18365010304556906	1.9079283835483165	5.614001011080401	-6.521689127560607	
