rank	molecularFormula	adduct	precursorFormula	ZodiacScore	SiriusScore	TreeScore	IsotopeScore	numExplainedPeaks	explainedIntensity	medianMassErrorFragmentPeaks(ppm)	medianAbsoluteMassErrorFragmentPeaks(ppm)	massErrorPrecursor(ppm)	lipidClass
1	C21H42N3O5	[M - H2O + H]+	C21H40N3O4	0.9999999999999999	154.00637504322458	154.00637504322458	0.0	37	0.7031163475620446	2.4393477681447653	5.11813793569428	-45099.152074243044	
2	C23H44O6	[M - H2O + H]+	C23H42O5	0.0	133.97504693191354	133.97504693191354	0.0	30	0.5986222459286912	2.2169206384213314	5.352962797880582	-45102.51457506163	
3	C26H42NO3	[M - H2O + H]+	C26H40NO2	0.0	122.16656092274293	122.16656092274293	0.0	30	0.5986222459286912	2.2169206384213314	5.352962797880582	-45109.22632387548	
4	C27H44OS	[M - H2O + H]+	C27H42S	0.0	105.13303840313681	105.13303840313681	0.0	24	0.5170051058399516	0.8488132737494956	5.605723253064851	-45096.24853383484	
5	C24H48OS2	[M - H2O + H]+	C24H46S2	0.0	102.05238816644241	102.05238816644241	0.0	24	0.5170051058399516	-0.5943147858458181	5.352962797880582	-45104.69089306462	
