rank	molecularFormula	adduct	precursorFormula	ZodiacScore	SiriusScore	TreeScore	IsotopeScore	numExplainedPeaks	explainedIntensity	medianMassErrorFragmentPeaks(ppm)	medianAbsoluteMassErrorFragmentPeaks(ppm)	massErrorPrecursor(ppm)	lipidClass
1	C12H12O2	[M - H2O + H]+	C12H10O	0.9999999999999999	61.366876799051795	61.366876799051795	0.0	14	0.529764001408947	2.290664289551449	7.590762247499224	-105271.35139991928	
1	C12H10O	[M + H]+	C12H10O	0.9999999999999999	61.366876799051795	61.366876799051795	0.0	13	0.529764001408947	2.290664289551449	7.590762247499224	3.677702998007673	
2	C7H16OS	[M + Na]+	C7H16OS	0.0	46.938193845614016	46.938193845614016	0.0	12	0.4834448749559705	1.5850828267836128	4.810811360453093	-1.9654695442774013	
3	C5H14N3S	[M + Na]+	C5H14N3S	0.0	12.009454527791533	12.009454527791533	0.0	6	0.27544910179640725	0.5082320239016782	8.174356398147555	5.882762849148164	
4	C7H12N3S	[M + H]+	C7H12N3S	0.0	8.414397200012557	8.414397200012557	0.0	4	0.26805213103205366	-8.323485431699934	10.774762933643188	-8.178921426559679	
4	C7H14N3OS	[M - H2O + H]+	C7H12N3S	0.0	8.414397200012557	8.414397200012557	0.0	5	0.26805213103205366	-8.323485431699934	10.774762933643188	-105283.20802434385	
