rank	molecularFormula	adduct	precursorFormula	ZodiacScore	SiriusScore	TreeScore	IsotopeScore	numExplainedPeaks	explainedIntensity	medianMassErrorFragmentPeaks(ppm)	medianAbsoluteMassErrorFragmentPeaks(ppm)	massErrorPrecursor(ppm)	lipidClass
1	C18H26O	[M + H]+	C18H26O	0.9999999999999999	99.11062951365216	95.8617587055239	3.2488708081282596	18	0.5469638739431207	3.1037050704064946	4.635910218208964	2.4583993862867786	
1	C18H30O3	[M - H4O2 + H]+	C18H26O	0.9999999999999999	99.11062951365216	95.8617587055239	3.2488708081282596	19	0.5469638739431207	3.1037050704064946	4.635910218208964	-138964.5816274891	
1	C18H28O2	[M - H2O + H]+	C18H26O	0.9999999999999999	99.11062951365216	95.8617587055239	3.2488708081282596	19	0.5469638739431207	3.1037050704064946	4.635910218208964	-69481.06161405152	
2	C13H32N3O2S	[M - H4O2 + H]+	C13H28N3S	0.0	83.38452649272732	83.38452649272732	0.0	25	0.6256725595695619	1.8263434452734932	5.5382872104242304	-138972.4072249506	
2	C13H30N3OS	[M - H2O + H]+	C13H28N3S	0.0	83.38452649272732	83.38452649272732	0.0	25	0.6256725595695619	1.8263434452734932	5.5382872104242304	-69488.88721151302	
2	C13H28N3S	[M + H]+	C13H28N3S	0.0	83.38452649272732	83.38452649272732	0.0	24	0.6256725595695619	1.8263434452734932	5.5382872104242304	-5.3671980752194415	
3	C16H24N3	[M + H]+	C16H24N3	0.0	75.02155477324241	73.13198334122973	1.8895714320126835	16	0.5291314373558802	5.04305515126299	5.624651526222415	7.63838192537968	
3	C16H26N3O	[M - H2O + H]+	C16H24N3	0.0	75.02155477324241	73.13198334122973	1.8895714320126835	17	0.5291314373558802	5.04305515126299	5.624651526222415	-69475.88163151221	
3	C16H28N3O2	[M - H4O2 + H]+	C16H24N3	0.0	75.02155477324241	73.13198334122973	1.8895714320126835	17	0.5291314373558802	5.04305515126299	5.624651526222415	-138959.40164495	
