rank	molecularFormula	adduct	precursorFormula	ZodiacScore	SiriusScore	TreeScore	IsotopeScore	numExplainedPeaks	explainedIntensity	medianMassErrorFragmentPeaks(ppm)	medianAbsoluteMassErrorFragmentPeaks(ppm)	massErrorPrecursor(ppm)	lipidClass
1	C35H56N2O8	[M + Na]+	C35H56N2O8	0.9994974874371858	43.52962864061594	43.52962864061594	0.0	18	0.4457692307692306	-7.108939690343181	7.108939690343181	-6.983985808937154	
2	C27H58N3O13	[M + Na]+	C27H58N3O13	5.025125628140704E-4	36.71711895170097	31.401526072635257	5.315592879065712	14	0.35115384615384604	-2.597799927817581	3.2282040371472407	3.2432884578022048	
3	C29H60O14	[M + Na]+	C29H60O14	0.0	31.230461007271895	26.135518463950834	5.09494254332106	13	0.32230769230769213	-0.6338185271563214	4.3352753017946775	1.1946037635618656	
4	C42H52N2O3	[M + Na]+	C42H52N2O3	0.0	29.776796983786145	29.776796983786145	0.0	16	0.39115384615384596	0.43514593845364563	4.350440282322063	1.9774617912978487	
5	C32H58NO11	[M + Na]+	C32H58NO11	0.0	25.67692852997687	23.979582454381365	1.6973460755955052	20	0.48269230769230753	-0.7256263012197018	3.0835418661662564	-2.894691022774377	
6	C39H54NO6	[M + Na]+	C39H54NO6	0.0	20.516189165059135	20.516189165059135	0.0	18	0.43615384615384595	-0.11397320647698211	3.358804632541001	6.0667565776340915	
7	C47H52O	[M + Na]+	C47H52O	0.0	15.145066666481316	15.145066666481316	0.0	5	0.1138461538461538	-0.8174340752830823	3.113577072819518	-4.160517689278733	
8	C45H50N3	[M + Na]+	C45H50N3	0.0	-1.9905562683059226	-1.9905562683059226	0.0	3	0.043846153846153826	-0.09735957201007488	2.5851863179498173	-2.111832995038394	
