rank	molecularFormula	adduct	precursorFormula	ZodiacScore	SiriusScore	TreeScore	IsotopeScore	numExplainedPeaks	explainedIntensity	medianMassErrorFragmentPeaks(ppm)	medianAbsoluteMassErrorFragmentPeaks(ppm)	massErrorPrecursor(ppm)	lipidClass
1	C30H50O2	[M - H2O + H]+	C30H48O	0.9999999999999999	57.600530442421324	57.600530442421324	0.0	27	0.7288700141560499	3.134106636163312	7.051134512986199	-42339.07123283182	
1	C30H52O3	[M - H4O2 + H]+	C30H48O	0.9999999999999999	57.600530442421324	57.600530442421324	0.0	27	0.7288700141560499	3.134106636163312	7.051134512986199	-84679.18900171637	
1	C30H48O	[M + H]+	C30H48O	0.9999999999999999	57.600530442421324	57.600530442421324	0.0	26	0.7288700141560499	3.134106636163312	7.051134512986199	1.046536052868819	
2	C28H50N3O2	[M - H4O2 + H]+	C28H46N3	0.0	45.314883048067706	45.314883048067706	0.0	27	0.7288700141560499	3.134106636163312	7.051134512986199	-84676.03255439326	
2	C28H46N3	[M + H]+	C28H46N3	0.0	45.314883048067706	45.314883048067706	0.0	26	0.7288700141560499	3.134106636163312	7.051134512986199	4.202983375968513	
2	C28H48N3O	[M - H2O + H]+	C28H46N3	0.0	45.314883048067706	45.314883048067706	0.0	27	0.7288700141560499	3.134106636163312	7.051134512986199	-42335.91478550858	
