rank	molecularFormula	adduct	precursorFormula	ZodiacScore	SiriusScore	TreeScore	IsotopeScore	numExplainedPeaks	explainedIntensity	medianMassErrorFragmentPeaks(ppm)	medianAbsoluteMassErrorFragmentPeaks(ppm)	massErrorPrecursor(ppm)	lipidClass
1	C20H30O2	[M - H2O + H]+	C20H28O	0.9999999999999999	80.74583103099475	80.74583103099475	0.0	31	0.8294844312832862	1.1464794195106307	4.726499268178827	-63144.1296132281	
1	C20H28O	[M + H]+	C20H28O	0.9999999999999999	80.74583103099475	80.74583103099475	0.0	30	0.8294844312832862	1.1464794195106307	4.726499268178827	1.6965747604131838	
2	C13H32N3S	[M + Na]+	C13H32N3S	0.0	65.37223965978394	65.37223965978394	0.0	31	0.8504563435062205	1.6176567877041663	4.531848133519045	3.0192086962121154	
3	C15H32N3OS	[M - H2O + H]+	C15H30N3S	0.0	61.199105088966405	61.199105088966405	0.0	31	0.8305009834036818	-0.19589924295809358	4.95077181946661	-63151.2414264611	
3	C15H30N3S	[M + H]+	C15H30N3S	0.0	61.199105088966405	61.199105088966405	0.0	30	0.8305009834036818	-0.19589924295809358	4.95077181946661	-5.415238472794759	
4	C18H28N3O	[M - H2O + H]+	C18H26N3	0.0	57.7723607074709	57.7723607074709	0.0	27	0.8077169565313473	0.3384429639556014	5.082847519691085	-63139.422104497666	
4	C18H26N3	[M + H]+	C18H26N3	0.0	57.7723607074709	57.7723607074709	0.0	26	0.8077169565313473	0.3384429639556014	5.082847519691085	6.404083490643276	
