rank	molecularFormula	adduct	precursorFormula	ZodiacScore	SiriusScore	TreeScore	IsotopeScore	numExplainedPeaks	explainedIntensity	medianMassErrorFragmentPeaks(ppm)	medianAbsoluteMassErrorFragmentPeaks(ppm)	massErrorPrecursor(ppm)	lipidClass
1	C15H30N3O3S	[M + Na]+	C15H30N3O3S	0.9999999999999999	97.15881216587474	97.15881216587474	0.0	34	0.8400809716599195	3.1992033915519644	3.6366284558294732	-3.7455094352464755	
2	C18H26N3O3	[M + Na]+	C18H26N3O3	0.0	88.04024345272317	88.04024345272317	0.0	27	0.7155870445344131	1.8645858183593278	4.3290479017911485	5.74558137726537	
3	C17H32O4S	[M + Na]+	C17H32O4S	0.0	79.98648828316946	79.98648828316946	0.0	27	0.7224190283400812	3.2030775060576273	3.52391459404274	-7.525708756434333	
4	C20H28O4	[M + Na]+	C20H28O4	0.0	77.59912963121235	77.59912963121235	0.0	24	0.6485323886639678	-0.7042650397505765	4.225389972928406	1.9653820562375495	
5	C23H26NO	[M + Na]+	C23H26NO	0.0	63.730477374182776	63.730477374182776	0.0	22	0.6072874493927128	1.2430871663350676	4.317627364363149	-5.580117462193997	
