rank	molecularFormula	adduct	precursorFormula	ZodiacScore	SiriusScore	TreeScore	IsotopeScore	numExplainedPeaks	explainedIntensity	medianMassErrorFragmentPeaks(ppm)	medianAbsoluteMassErrorFragmentPeaks(ppm)	massErrorPrecursor(ppm)	lipidClass
1	C21H39NO	[M - H2O + H]+	C21H37N	0.9999999999999999	39.07618383690098	39.07618383690098	0.0	22	0.7016982844302319	-5.446540486614096	5.600877084486405	-59184.3210501605	
1	C21H37N	[M + H]+	C21H37N	0.9999999999999999	39.07618383690098	39.07618383690098	0.0	21	0.7016982844302319	-5.446540486614096	5.600877084486405	2.42961302199271	
