rank	molecularFormula	adduct	precursorFormula	ZodiacScore	SiriusScore	TreeScore	IsotopeScore	numExplainedPeaks	explainedIntensity	medianMassErrorFragmentPeaks(ppm)	medianAbsoluteMassErrorFragmentPeaks(ppm)	massErrorPrecursor(ppm)	lipidClass
1	C22H44OS2	[M - H2O + H]+	C22H42S2	0.9804020100502514	75.78526814146882	75.78526814146882	0.0	24	0.5238523852385236	1.6435113846611566	7.078613662183516	-48509.853877449495	
2	C19H38N3O5	[M - H2O + H]+	C19H36N3O4	0.019095477386934675	71.63653778614328	71.63653778614328	0.0	32	0.6809180918091806	-1.6306713461778526	6.048806737010861	-48503.896883829555	
3	C25H40OS	[M - H2O + H]+	C25H38S	5.025125628140704E-4	69.44503491550016	69.44503491550016	0.0	26	0.5604560456045602	-1.305508261723316	7.050084979710597	-48500.774129277714	
4	C21H40O6	[M - H2O + H]+	C21H38O5	0.0	63.21218458622111	63.21218458622111	0.0	19	0.41914191419141894	0.30001822206003714	5.843413617980919	-48507.51324980371	
5	C24H38NO3	[M - H2O + H]+	C24H36NO2	0.0	62.34597029452218	62.34597029452218	0.0	20	0.403090309030903	-1.9419348550419402	6.04891327907052	-48514.73172835494	
