rank	formulaRank	ConfidenceScore	CSI:FingerIDScore	molecularFormula	adduct	InChIkey2D	InChI	name	smiles	xlogp	pubchemids	links	dbflags
1	2	N/A	-247.2452730424963	C16H24O3	[M - H2O + H]+	DEMNMQDWPCIOLA	InChI=1S/C16H24O3/c1-11(2)9-15(17)10-12(3)13-5-7-14(8-6-13)16(18)19-4/h7,9,12-13H,5-6,8,10H2,1-4H3	Dehydrojuvabione	CC(CC(=O)C=C(C)C)C1CCC(=CC1)C(=O)OC	3.5999999	557966;85259;15558822	COCONUT:(CNP0161745);KNApSAcK:(3126);Natural Products:(UNPD73034 UNPD170866 UNPD22162 UNPD206188);PubChem:(557966 85259 15558822);PNC:(LTS0153295 LTS0011733);SuperNatural:(SN00266390 SN00157119);CHEBI:(4365);KEGG:(C09657)	68722655538
2	2	N/A	-267.16377526313755	C16H24O3	[M - H2O + H]+	QGBVBYUDRGXELK	InChI=1S/C16H24O3/c1-11(2)9-15(17)10-12(3)13-5-7-14(8-6-13)16(18)19-4/h7,10-11,13H,5-6,8-9H2,1-4H3	null	CC(C)CC(=O)C=C(C)C1CCC(=CC1)C(=O)OC	3.5999999	14192388	COCONUT:(CNP0372897);KNApSAcK:(49003);Natural Products:(UNPD11949 UNPD113748);PubChem:(14192388);PNC:(LTS0275660 LTS0044975);SuperNatural:(SN00230517 SN00309565);KEGG Mine	77312589842
3	2	N/A	-316.4199684142518	C16H24O3	[M - H2O + H]+	ZJGMUVOCFLKRTL	InChI=1S/C16H24O3/c1-10(2)7-13-8-11(3)14-6-5-12(16(17)18-4)9-15(14)19-13/h8-11,14-15H,5-7H2,1-4H3	null	CC1C=C(OC2C1CCC(=C2)C(=O)OC)CC(C)C	3.5999999	101635417	COCONUT:(CNP0281571);Natural Products:(UNPD151478);PubChem:(101635417);PNC:(LTS0028322);SuperNatural:(SN00229248)	68722655234
1	2	0.03907775655826467	-206.1854512119863	C16H26O4	[M - H4O2 + H]+	IAUBRHPIASCCJN	InChI=1S/C16H26O4/c1-10(2)9-14(17)15(18)11(3)12-5-7-13(8-6-12)16(19)20-4/h7,10-12,15,18H,5-6,8-9H2,1-4H3	null	CC(C)CC(=O)C(C(C)C1CCC(=CC1)C(=O)OC)O	3.06773019	""	COCONUT:(CNP0153072);Natural Products:(UNPD152);PNC:(LTS0081418 LTS0125673);SuperNatural:(SN00296269);KEGG Mine	77312589824
2	2	N/A	-239.45528950522862	C16H26O4	[M - H4O2 + H]+	KAJIJADFNSETGE	InChI=1S/C16H26O4/c1-11(9-14(17)10-16(2,3)19)12-5-7-13(8-6-12)15(18)20-4/h7,11-12,19H,5-6,8-10H2,1-4H3	null	CC(CC(=O)CC(C)(C)O)C1CCC(=CC1)C(=O)OC	2.0999999	101636135	COCONUT:(CNP0126234);Natural Products:(UNPD26385);PubChem:(101636135);PNC:(LTS0047243 LTS0203109);SuperNatural:(SN00291354);KEGG Mine	77312589826
3	2	N/A	-263.54708071108104	C16H26O4	[M - H4O2 + H]+	ZPNVTCIACICSQA	InChI=1S/C16H26O4/c1-11(2)9-14(17)10-12(3)13-5-7-16(19,8-6-13)15(18)20-4/h5,7,11-13,19H,6,8-10H2,1-4H3	null	CC(C)CC(=O)CC(C)C1CCC(C=C1)(C(=O)OC)O	2.67866898	""	COCONUT:(CNP0318310);Natural Products:(UNPD9860);PNC:(LTS0204542 LTS0185970);SuperNatural:(SN00306848)	68722655232