rank	molecularFormula	adduct	precursorFormula	ZodiacScore	SiriusScore	TreeScore	IsotopeScore	numExplainedPeaks	explainedIntensity	medianMassErrorFragmentPeaks(ppm)	medianAbsoluteMassErrorFragmentPeaks(ppm)	massErrorPrecursor(ppm)	lipidClass
1	C18H32O5	[M - H6O3 + H]+	C18H26O2	0.9999999999999999	81.43201539502256	81.43201539502256	0.0	20	0.4844192634560905	0.685164737589674	6.440594299163397	-196333.70254408603	
2	C16H30N3O4	[M - H6O3 + H]+	C16H24N3O	0.0	53.84052258673198	53.84052258673198	0.0	17	0.4493232609379917	1.693641577665832	6.465488681407399	-196328.82362314741	
