rank	molecularFormula	adduct	precursorFormula	ZodiacScore	SiriusScore	TreeScore	IsotopeScore	numExplainedPeaks	explainedIntensity	medianMassErrorFragmentPeaks(ppm)	medianAbsoluteMassErrorFragmentPeaks(ppm)	massErrorPrecursor(ppm)	lipidClass
1	C16H22O	[M + H]+	C16H22O	0.9994974874371858	13.974908548626978	13.974908548626978	0.0	5	0.237696335078534	2.652373507039227	4.924275330822586	2.7724479782194007	
1	C16H24O2	[M - H2O + H]+	C16H22O	0.9994974874371858	13.974908548626978	13.974908548626978	0.0	6	0.237696335078534	2.652373507039227	4.924275330822586	-77906.02405717579	
2	C14H20N3	[M + H]+	C14H20N3	5.025125628140704E-4	7.434747143382331	7.434747143382331	0.0	5	0.237696335078534	2.652373507039227	4.924275330822586	8.58053319723936	
2	C14H22N3O	[M - H2O + H]+	C14H20N3	5.025125628140704E-4	7.434747143382331	7.434747143382331	0.0	6	0.237696335078534	2.652373507039227	4.924275330822586	-77900.21597195676	
3	C11H26N3OS	[M - H2O + H]+	C11H24N3S	0.0	0.27493671538302245	0.27493671538302245	0.0	5	0.19895287958115182	-2.5880330107998284	2.7199545648331456	-77914.79855334455	
3	C11H24N3S	[M + H]+	C11H24N3S	0.0	0.27493671538302245	0.27493671538302245	0.0	4	0.19895287958115182	-2.5880330107998284	2.7199545648331456	-6.0020481905597025	
