rank	molecularFormula	adduct	precursorFormula	ZodiacScore	SiriusScore	TreeScore	IsotopeScore	numExplainedPeaks	explainedIntensity	medianMassErrorFragmentPeaks(ppm)	medianAbsoluteMassErrorFragmentPeaks(ppm)	massErrorPrecursor(ppm)	lipidClass
1	C30H46O4	[M - H4O2 + H]+	C30H42O2	0.9999999999999999	116.55906160317369	116.55906160317369	0.0	37	0.834030234802187	-1.4980037285206755	3.7449859865169834	-82743.73222297397	
1	C30H44O3	[M - H2O + H]+	C30H42O2	0.9999999999999999	116.55906160317369	116.55906160317369	0.0	37	0.834030234802187	-1.4980037285206755	3.7449859865169834	-41371.17500896656	
1	C30H42O2	[M + H]+	C30H42O2	0.9999999999999999	116.55906160317369	116.55906160317369	0.0	36	0.834030234802187	-1.4980037285206755	3.7449859865169834	1.3822050407084894	
2	C25H46N2O6	[M - H4O2 + H]+	C25H42N2O4	0.0	103.18110511442838	101.67059426018652	1.5105108542418622	37	0.834030234802187	-1.4980037285206755	3.7449859865169834	-82734.49143173944	
2	C25H44N2O5	[M - H2O + H]+	C25H42N2O4	0.0	103.18110511442838	101.67059426018652	1.5105108542418622	37	0.834030234802187	-1.4980037285206755	3.7449859865169834	-41361.934217732174	
2	C25H42N2O4	[M + H]+	C25H42N2O4	0.0	103.18110511442838	101.67059426018652	1.5105108542418622	36	0.834030234802187	-1.4980037285206755	3.7449859865169834	10.622996275088314	
3	C28H44N3O3	[M - H4O2 + H]+	C28H40N3O	0.0	98.25683516206892	98.25683516206892	0.0	37	0.834030234802187	-1.4980037285206755	3.7449859865169834	-82740.64790709685	
3	C28H40N3O	[M + H]+	C28H40N3O	0.0	98.25683516206892	98.25683516206892	0.0	36	0.834030234802187	-1.4980037285206755	3.7449859865169834	4.466520917823046	
3	C28H42N3O2	[M - H2O + H]+	C28H40N3O	0.0	98.25683516206892	98.25683516206892	0.0	37	0.834030234802187	-1.4980037285206755	3.7449859865169834	-41368.09069308958	
