rank	molecularFormula	adduct	precursorFormula	ZodiacScore	SiriusScore	TreeScore	IsotopeScore	numExplainedPeaks	explainedIntensity	medianMassErrorFragmentPeaks(ppm)	medianAbsoluteMassErrorFragmentPeaks(ppm)	massErrorPrecursor(ppm)	lipidClass
1	C29H50O4	[M - H4O2 + H]+	C29H46O2	0.9994974874371858	16.831313541650285	10.77716797486021	6.0541455667900745	4	0.6875	7.668312819117895	8.212072649685192	-84286.91988612004	
2	C27H48O2	[M + Na]+	C27H48O2	5.025125628140704E-4	11.629483524338147	6.903630458962722	4.725853065375425	2	0.36875	15.880385468803087	15.880385468803087	6.7499596764164895	
3	C24H50N2O6	[M - H4O2 + H]+	C24H46N2O4	0.0	10.223861398432753	7.247600997033184	2.9762604013995686	3	0.36875	15.880385468803087	15.880385468803087	-84277.5067843024	
4	C27H48N3O3	[M - H4O2 + H]+	C27H44N3O	0.0	5.845094035430206	0.6634275669287426	5.181666468501463	3	0.36875	15.880385468803087	15.880385468803087	-84283.77805782284	
5	C25H46N3O	[M + Na]+	C25H46N3O	0.0	0.47177482181174213	-2.7423558150064196	3.2141306368181617	2	0.36875	15.880385468803087	15.880385468803087	9.891787973610494	
