rank	molecularFormula	adduct	precursorFormula	ZodiacScore	SiriusScore	TreeScore	IsotopeScore	numExplainedPeaks	explainedIntensity	medianMassErrorFragmentPeaks(ppm)	medianAbsoluteMassErrorFragmentPeaks(ppm)	massErrorPrecursor(ppm)	lipidClass
1	C23H36O11	[M + Na]+	C23H36O11	0.9587939698492463	35.664115182763105	30.64859386190783	5.015521320855274	10	0.48794826572604355	3.547035522139729	3.547035522139729	0.6978655425164532	
2	C29H32N2O5	[M + Na]+	C29H32N2O5	0.0407035175879397	32.363318638604504	28.899420897087317	3.4638977415171883	12	0.5526161081716638	1.3872878972488343	3.547035522139729	-9.787250193524043	
3	C21H34N3O10	[M + Na]+	C21H34N3O10	5.025125628140704E-4	28.531823201759792	24.618807569539488	3.9130156322203034	17	0.7383891828336273	0.03270433096208654	3.1455274252906715	3.324320377466819	
4	C26H34NO8	[M + Na]+	C26H34NO8	0.0	24.982079427290646	19.501016744314068	5.481062682976578	12	0.5526161081716637	1.3872878972488343	2.7440193284416146	-4.544692325614988	
5	C36H28N2	[M + Na]+	C36H28N2	0.0	17.313493025009507	17.313493025009507	0.0	8	0.41740152851263973	6.189330555501669	6.189330555501669	1.7015052231541339	
6	C33H30NO3	[M + Na]+	C33H30NO3	0.0	9.06749979370205	7.7837074610315655	1.283792332670484	7	0.37566137566137564	7.187662829185651	7.187662829185651	6.944063091174383	
