rank	molecularFormula	adduct	precursorFormula	ZodiacScore	SiriusScore	TreeScore	IsotopeScore	numExplainedPeaks	explainedIntensity	medianMassErrorFragmentPeaks(ppm)	medianAbsoluteMassErrorFragmentPeaks(ppm)	massErrorPrecursor(ppm)	lipidClass
1	C10H8O3	[M + H]+	C10H8O3	0.9999999999999999	6.401353337473159	3.5	2.901353337473159	1	0.0	NaN	NaN	4.308156899619355	
2	C11H8N	[M + Na]+	C11H8N	0.0	-0.7978046398960319	-3.605170185988091	2.807365546092059	1	0.0	NaN	NaN	2.758427121036287	
3	C13H6N	[M + H]+	C13H6N	0.0	-3.131433260317916	-3.605170185988091	0.4737369256701749	1	0.0	NaN	NaN	-10.828779065290545	
4	C8H12NO	[M + K]+	C8H12NO	0.0	-3.605170185988091	-3.605170185988091	0.0	1	0.0	NaN	NaN	1.8991027836192576	
