rank	molecularFormula	adduct	precursorFormula	ZodiacScore	SiriusScore	TreeScore	IsotopeScore	numExplainedPeaks	explainedIntensity	medianMassErrorFragmentPeaks(ppm)	medianAbsoluteMassErrorFragmentPeaks(ppm)	massErrorPrecursor(ppm)	lipidClass
1	C24H30N3O11	[M + Na]+	C24H30N3O11	0.9999999999999999	62.87439855802449	57.12984616061156	5.744552397412931	25	0.4356533809240531	0.057820155241742485	2.668938359388977	3.499105321173385	
2	C26H32O12	[M + Na]+	C26H32O12	0.0	55.623640406929304	49.10949705677553	6.514143350153773	16	0.2813801308744794	-0.8926008038379256	3.5626760315038117	1.097935940825372	
3	C32H28N2O6	[M + Na]+	C32H28N2O6	0.0	51.70373246550538	48.94140696614886	2.762325499356521	17	0.2843545508625817	-0.4474318661762664	3.691456615349445	-8.487813839610908	
4	C21H32N2O14	[M + Na]+	C21H32N2O14	0.0	49.3986994876126	46.52530485882483	2.8733946287877714	22	0.3934166170930001	0.6688319821882197	3.8850767914413247	8.291980211594835	
5	C29H30NO9	[M + Na]+	C29H30NO9	0.0	43.449307106879765	37.80651006960407	5.642797037275694	16	0.2698790402538171	-1.590006056654485	3.7463033360781868	-3.6949389495960783	
