rank	molecularFormula	adduct	precursorFormula	ZodiacScore	SiriusScore	TreeScore	IsotopeScore	numExplainedPeaks	explainedIntensity	medianMassErrorFragmentPeaks(ppm)	medianAbsoluteMassErrorFragmentPeaks(ppm)	massErrorPrecursor(ppm)	lipidClass
1	C11H24N3O6S	[M + K]+	C11H24N3O6S	0.9999999999999999	67.7787556368423	67.7787556368423	0.0	30	0.5471907617144126	-1.6087804940604502	4.612315176780055	-5.1522409338712265	
2	C16H22O7	[M + K]+	C16H22O7	0.0	56.36042239369586	56.36042239369586	0.0	19	0.37841439040639574	0.33915295406898444	5.9218367019818405	0.4036198882079739	
3	C15H24N3OS2	[M + K]+	C15H24N3OS2	0.0	51.217425975310476	51.217425975310476	0.0	22	0.41216966466799915	5.5459500316657255	8.519170103481255	1.7009526287234018	
4	C20H22O2S	[M + K]+	C20H22O2S	0.0	45.75999761618241	45.75999761618241	0.0	17	0.3344437041972019	0.5150798770932729	5.9218367019818405	7.256813450646909	
5	C19H20NO4	[M + K]+	C19H20NO4	0.0	45.31482226872409	45.31482226872409	0.0	17	0.341105929380413	0.33915295406898444	5.9218367019818405	-6.937045788893157	
6	C14H20N3O6	[M + K]+	C14H20N3O6	0.0	44.6533387591644	44.6533387591644	0.0	22	0.4070619586942037	4.150182846749035	6.064678044127976	4.081200059023422	
7	C17H26O2S2	[M + K]+	C17H26O2S2	0.0	44.56057173795213	44.56057173795213	0.0	16	0.3206751054852321	0.11297341732945856	5.7789953598357044	-1.9766275420920458	
8	C13H26O7S	[M + K]+	C13H26O7S	0.0	35.605919399330176	35.605919399330176	0.0	20	0.3606484565844992	1.1236682281662533	7.210946851603371	-8.82982110453098	
9	C12H28N3OS3	[M + K]+	C12H28N3OS3	0.0	32.562704368545496	32.562704368545496	0.0	17	0.3366644459249389	7.1226182549920525	7.930989509469189	-7.532488364171246	
