rank	molecularFormula	adduct	precursorFormula	ZodiacScore	SiriusScore	TreeScore	IsotopeScore	numExplainedPeaks	explainedIntensity	medianMassErrorFragmentPeaks(ppm)	medianAbsoluteMassErrorFragmentPeaks(ppm)	massErrorPrecursor(ppm)	lipidClass
1	C27H44N3O7	[M - H2O + H]+	C27H42N3O6	0.9999999999999999	92.64350350850883	88.28891925437347	4.354584254135359	37	0.8074753173483779	-2.5875055511273586	5.4331599283691965	-35637.07487449628	
2	C24H46N2O10	[M - H2O + H]+	C24H44N2O9	0.0	76.14016485658969	72.19394158631971	3.946223270269983	27	0.7116663308482771	4.290144603335693	5.406910225048364	-35631.77112444285	
3	C29H46O8	[M - H2O + H]+	C29H44O7	0.0	69.02529522751843	64.69547554444804	4.329819683070387	19	0.6382228490832158	0.711818036356681	5.4331599283691965	-35639.73198583803	
4	C32H44NO5	[M - H2O + H]+	C32H42NO4	0.0	56.51407809837258	55.74241732104963	0.7716607773229508	19	0.6382228490832158	0.711818036356681	5.4331599283691965	-35645.035735891455	
5	C35H42N2O2	[M - H2O + H]+	C35H40N2O	0.0	31.036396784537423	31.036396784537423	0.0	13	0.3696353012290952	0.711818036356681	5.027628946512568	-35650.33948594466	
