rank	molecularFormula	adduct	precursorFormula	ZodiacScore	SiriusScore	TreeScore	IsotopeScore	numExplainedPeaks	explainedIntensity	medianMassErrorFragmentPeaks(ppm)	medianAbsoluteMassErrorFragmentPeaks(ppm)	massErrorPrecursor(ppm)	lipidClass
1	C9H8O5	[M - H2O + H]+	C9H6O4	0.9994974874371858	7.848544419122764	7.848544419122764	0.0	4	0.34134615384615385	2.875849051688019	2.875849051688019	-100595.26899585829	
1	C9H6O4	[M + H]+	C9H6O4	0.9994974874371858	7.848544419122764	7.848544419122764	0.0	3	0.34134615384615385	2.875849051688019	2.875849051688019	3.059464852132453	
2	C7H10NO2	[M + K]+	C7H10NO2	5.025125628140704E-4	2.568633774415238	2.568633774415238	0.0	4	0.5288461538461539	-2.5950527808245134	6.670513770266307	0.6770404595408086	
3	C2H10N3O3S	[M + Na]+	C2H10N3O3S	0.0	0.7449585805276473	0.7449585805276473	0.0	2	0.2091346153846154	2.346545196360789	2.636407294939417	5.166567904846042	
4	C10H6NO	[M + Na]+	C10H6NO	0.0	-0.5237661738539767	-0.5237661738539767	0.0	2	0.2091346153846154	-1.6596547253957024	3.002904455501901	1.526865811960893	
5	C7H4N3O3	[M + H]+	C7H4N3O3	0.0	-1.5253810565279844	-1.5253810565279844	0.0	2	0.2091346153846154	8.282020514006513	8.282020514006513	10.559050146741837	
5	C7H6N3O4	[M - H2O + H]+	C7H4N3O3	0.0	-1.5253810565279844	-1.5253810565279844	0.0	3	0.2091346153846154	8.282020514006513	8.282020514006513	-100587.76941056368	
6	C4H8N3O3S	[M + H]+	C4H8N3O3S	0.0	-5.740740506267809	-5.740740506267809	0.0	2	0.13221153846153846	-7.677201154510919	7.677201154510919	-8.270445084362233	
6	C4H10N3O4S	[M - H2O + H]+	C4H8N3O3S	0.0	-5.740740506267809	-5.740740506267809	0.0	3	0.13221153846153846	-7.677201154510919	7.677201154510919	-100606.59890579476	
