rank	molecularFormula	adduct	precursorFormula	ZodiacScore	SiriusScore	TreeScore	IsotopeScore	numExplainedPeaks	explainedIntensity	medianMassErrorFragmentPeaks(ppm)	medianAbsoluteMassErrorFragmentPeaks(ppm)	massErrorPrecursor(ppm)	lipidClass
1	C16H32N3O4	[M + Na]+	C16H32N3O4	0.7839195979899497	117.88882415355863	117.88882415355863	0.0	29	0.6448896631823463	2.8031055417693755	6.650539667904909	4.806127248335442	
2	C18H34O5	[M + Na]+	C18H34O5	0.2155778894472362	119.38499724414014	119.38499724414014	0.0	26	0.6130952380952384	1.9882659595231038	6.899895760762828	1.0049686825265627	
3	C21H32NO2	[M + Na]+	C21H32NO2	5.025125628140704E-4	110.86528124444143	110.86528124444143	0.0	25	0.596254355400697	2.8031055417693755	6.650539667904909	-6.582366718035602	
4	C19H38S2	[M + Na]+	C19H38S2	0.0	55.31537299762556	55.31537299762556	0.0	18	0.40113240418118484	10.13600257757809	10.13600257757809	-1.4552626349613018	
5	C22H34S	[M + Na]+	C22H34S	0.0	53.94406073941297	53.94406073941297	0.0	16	0.3729674796747969	11.390847233524603	11.390847233524603	8.088451354484052	
