rank	molecularFormula	adduct	precursorFormula	ZodiacScore	SiriusScore	TreeScore	IsotopeScore	numExplainedPeaks	explainedIntensity	medianMassErrorFragmentPeaks(ppm)	medianAbsoluteMassErrorFragmentPeaks(ppm)	massErrorPrecursor(ppm)	lipidClass
1	C11H20O10	[M + Na]+	C11H20O10	0.9969849246231155	8.248135755604546	3.3100196528390153	4.93811610276553	1	0.0	2.185823715679925	2.185823715679925	2.0558414768474496	
2	C9H18N3O9	[M + Na]+	C9H18N3O9	0.003015075376884423	2.264947792413194	-2.0537525469148434	4.318700339328037	2	0.2147058823529412	-1.3651203076425156	7.557812510855783	6.062710485203667	
3	C14H18NO7	[M + Na]+	C14H18NO7	0.0	-2.317793424578956	-3.803768337011669	1.4859749124327128	2	0.2147058823529412	-7.36752678507465	7.36752678507465	-5.9421040300764805	
