rank	molecularFormula	adduct	precursorFormula	ZodiacScore	SiriusScore	TreeScore	IsotopeScore	numExplainedPeaks	explainedIntensity	medianMassErrorFragmentPeaks(ppm)	medianAbsoluteMassErrorFragmentPeaks(ppm)	massErrorPrecursor(ppm)	lipidClass
1	C18H32O3	[M + Na]+	C18H32O3	0.9999999999999999	135.5881108866751	135.5881108866751	0.0	53	0.9759637008228166	3.615707053543347	4.813558504897883	1.650669906628122	
2	C16H30N3O2	[M + Na]+	C16H30N3O2	0.0	124.20909473403476	124.20909473403476	0.0	52	0.9723126174034975	3.447626229982388	5.062385300768501	5.856745408309443	
3	C21H30N	[M + Na]+	C21H30N	0.0	77.58279719163262	77.58279719163262	0.0	34	0.857157975500701	1.9168320456576136	4.550499140600033	-6.744903442612819	
