rank	molecularFormula	adduct	precursorFormula	ZodiacScore	SiriusScore	TreeScore	IsotopeScore	numExplainedPeaks	explainedIntensity	medianMassErrorFragmentPeaks(ppm)	medianAbsoluteMassErrorFragmentPeaks(ppm)	massErrorPrecursor(ppm)	lipidClass
1	C20H32O2	[M - H2O + H]+	C20H30O	0.9999999999999999	82.53942672432822	82.53942672432822	0.0	27	0.8028597868593091	0.1769886546754269	4.019834196682901	-62702.62051596569	
1	C20H30O	[M + H]+	C20H30O	0.9999999999999999	82.53942672432822	82.53942672432822	0.0	26	0.8028597868593091	0.1769886546754269	4.019834196682901	0.18250630782438207	
2	C18H32O	[M + Na]+	C18H32O	0.0	75.81230418608739	75.81230418608739	0.0	29	0.8217558733096508	2.29170944300863	4.114181423819975	8.557778457491974	
3	C18H30N3O	[M - H2O + H]+	C18H28N3	0.0	72.65484865389196	72.65484865389196	0.0	27	0.8028597868593091	0.6922123111321467	4.084247633534757	-62697.94603452378	
3	C18H28N3	[M + H]+	C18H28N3	0.0	72.65484865389196	72.65484865389196	0.0	26	0.8028597868593091	0.6922123111321467	4.084247633534757	4.856987749535218	
4	C15H32N3S	[M + H]+	C15H32N3S	0.0	68.59946955014404	68.59946955014404	0.0	26	0.8028597868593091	0.07043579632258892	4.084247633534757	-6.879411339202303	
4	C15H34N3OS	[M - H2O + H]+	C15H32N3S	0.0	68.59946955014404	68.59946955014404	0.0	27	0.8028597868593091	0.07043579632258892	4.084247633534757	-62709.682433612725	
