rank	molecularFormula	adduct	precursorFormula	ZodiacScore	SiriusScore	TreeScore	IsotopeScore	numExplainedPeaks	explainedIntensity	medianMassErrorFragmentPeaks(ppm)	medianAbsoluteMassErrorFragmentPeaks(ppm)	massErrorPrecursor(ppm)	lipidClass
1	C20H32O3	[M + Na]+	C20H32O3	0.9909547738693467	61.375384344674444	61.375384344674444	0.0	15	0.4669229213028525	5.699812799050344	5.839718520335525	2.7141052969523725	
2	C17H36O3S	[M + Na]+	C17H36O3S	0.008542713567839196	59.45203146184181	59.45203146184181	0.0	18	0.5100141614404208	5.563602175410556	5.836023422690131	-7.107804766725365	
3	C18H30N3O2	[M + Na]+	C18H30N3O2	5.025125628140704E-4	54.65827518949137	54.65827518949137	0.0	16	0.4778474610560388	5.563602175410556	5.836023422690131	6.626066364985471	
4	C15H34N3O2S	[M + Na]+	C15H34N3O2S	0.0	54.02084897348682	54.02084897348682	0.0	20	0.5482500505765728	3.6766992910594114	5.836023422690131	-3.1958436986922667	
5	C23H30N	[M + Na]+	C23H30N	0.0	38.94679524444459	38.94679524444459	0.0	11	0.39469957515678733	5.05078800106565	5.24786301169131	-5.0943983956033625	
