rank	molecularFormula	adduct	precursorFormula	ZodiacScore	SiriusScore	TreeScore	IsotopeScore	numExplainedPeaks	explainedIntensity	medianMassErrorFragmentPeaks(ppm)	medianAbsoluteMassErrorFragmentPeaks(ppm)	massErrorPrecursor(ppm)	lipidClass
1	C20H24O6	[M - H4O2 + H]+	C20H20O4	0.9798994974874373	86.95195389290188	81.99382793124651	4.9581259616553695	29	0.7046492878258532	1.8709726321719882	3.600515005734169	-110782.62280539655	
1	C20H22O5	[M - H2O + H]+	C20H20O4	0.9798994974874373	86.95195389290188	81.99382793124651	4.9581259616553695	29	0.7046492878258532	1.8709726321719882	3.600515005734169	-55390.08372499623	
1	C20H20O4	[M + H]+	C20H20O4	0.9798994974874373	86.95195389290188	81.99382793124651	4.9581259616553695	28	0.7046492878258532	1.8709726321719882	3.600515005734169	2.455355404086787	
2	C18H22N3O5	[M - H4O2 + H]+	C18H18N3O3	0.020100502512562814	84.18994234185071	79.83688712557455	4.35305521627616	34	0.7464839200931651	3.000574248941384	6.238912428012683	-110778.4933026716	
2	C18H20N3O4	[M - H2O + H]+	C18H18N3O3	0.020100502512562814	84.18994234185071	79.83688712557455	4.35305521627616	34	0.7464839200931651	3.000574248941384	6.238912428012683	-55385.954222271306	
2	C18H18N3O3	[M + H]+	C18H18N3O3	0.020100502512562814	84.18994234185071	79.83688712557455	4.35305521627616	33	0.7464839200931651	3.000574248941384	6.238912428012683	6.584858129181194	
3	C23H20NO2	[M - H2O + H]+	C23H18NO	0.0	61.34252541879858	60.09859111373402	1.2439343050645641	24	0.5926722207291947	-0.25854444107282726	3.615707053543347	-55398.32645459275	
3	C23H18NO	[M + H]+	C23H18NO	0.0	61.34252541879858	60.09859111373402	1.2439343050645641	23	0.5926722207291947	-0.25854444107282726	3.615707053543347	-5.787374192269409	
3	C23H22NO3	[M - H4O2 + H]+	C23H18NO	0.0	61.34252541879858	60.09859111373402	1.2439343050645641	24	0.5926722207291947	-0.25854444107282726	3.615707053543347	-110790.86553499306	
