rank	formulaRank	ConfidenceScore	CSI:FingerIDScore	molecularFormula	adduct	InChIkey2D	InChI	name	smiles	xlogp	pubchemids	links	dbflags
1	2	0.09113076582918339	-259.11513482229344	C20H18O7	[M + Na]+	OTWLSQPCSOEBAY	InChI=1S/C20H18O7/c21-19-20(22,8-13-2-4-16-18(7-13)27-11-25-16)14(9-23-19)5-12-1-3-15-17(6-12)26-10-24-15/h1-4,6-7,14,22H,5,8-11H2	null	C1C(C(C(=O)O1)(CC2=CC3=C(C=C2)OCO3)O)CC4=CC5=C(C=C4)OCO5	2.9000001	14186850;11079164;11143166;129316648;137795510	COCONUT:(CNP0200245);KNApSAcK:(42729);Natural Products:(UNPD172 UNPD102161);PubChem:(14186850 11079164 11143166 129316648 137795510);PNC:(LTS0044016);SuperNatural:(SN00393011);Training Set;KEGG Mine	77312606226