rank	molecularFormula	adduct	precursorFormula	ZodiacScore	SiriusScore	TreeScore	IsotopeScore	numExplainedPeaks	explainedIntensity	medianMassErrorFragmentPeaks(ppm)	medianAbsoluteMassErrorFragmentPeaks(ppm)	massErrorPrecursor(ppm)	lipidClass
1	C7H6O3	[M + H]+	C7H6O3	0.9999999999999999	8.490994400748791	8.490994400748791	0.0	2	0.06377079482439925	-3.0316183235989382	8.278291824018861	5.044234217992576	
1	C7H8O4	[M - H2O + H]+	C7H6O3	0.9999999999999999	8.490994400748791	8.490994400748791	0.0	3	0.06377079482439925	-3.0316183235989382	8.278291824018861	-129530.39298310158	
2	C5H10NO	[M + K]+	C5H10NO	0.0	0.7313705032511209	0.7313705032511209	0.0	2	0.06377079482439925	-6.486075173116912	8.665020535311527	1.9765054587353263	
3	C8H6N	[M + Na]+	C8H6N	0.0	-3.8036296374316443	-3.8036296374316443	0.0	1	0.0	3.273222751916786	3.273222751916786	3.07078306998339	
4	C10H4N	[M + H]+	C10H4N	0.0	-4.715602839746657	-4.715602839746657	0.0	1	0.0	-14.028943463788977	14.028943463788977	-14.231386648378864	
5	C2H8N3O2S	[M + H]+	C2H8N3O2S	0.0	-5.956232051412803	-5.956232051412803	0.0	1	0.0	-9.342282028240062	9.342282028240062	-9.544724264060592	
