rank	molecularFormula	adduct	precursorFormula	ZodiacScore	SiriusScore	TreeScore	IsotopeScore	numExplainedPeaks	explainedIntensity	medianMassErrorFragmentPeaks(ppm)	medianAbsoluteMassErrorFragmentPeaks(ppm)	massErrorPrecursor(ppm)	lipidClass
1	C19H28O3	[M - H4O2 + H]+	C19H24O	0.9999999999999999	84.07760641212334	80.9473317808786	3.13027463124474	22	0.5575430050235957	-0.5437598305672977	4.943243879570978	-133810.4856581572	
1	C19H26O2	[M - H2O + H]+	C19H24O	0.9999999999999999	84.07760641212334	80.9473317808786	3.13027463124474	22	0.5575430050235957	-0.5437598305672977	4.943243879570978	-66904.11930258431	
1	C19H24O	[M + H]+	C19H24O	0.9999999999999999	84.07760641212334	80.9473317808786	3.13027463124474	21	0.5575430050235957	-0.5437598305672977	4.943243879570978	2.2470529887894233	
2	C17H26N3O2	[M - H4O2 + H]+	C17H22N3	0.0	63.943949988400334	61.86788583209478	2.076064156305554	22	0.5586847313137465	-0.5437598305672977	4.943243879570978	-133805.49780190855	
2	C17H22N3	[M + H]+	C17H22N3	0.0	63.943949988400334	61.86788583209478	2.076064156305554	21	0.5586847313137465	-0.5437598305672977	4.943243879570978	7.234909237422129	
2	C17H24N3O	[M - H2O + H]+	C17H22N3	0.0	63.943949988400334	61.86788583209478	2.076064156305554	22	0.5586847313137465	-0.5437598305672977	4.943243879570978	-66899.13144633546	
