rank	molecularFormula	adduct	precursorFormula	ZodiacScore	SiriusScore	TreeScore	IsotopeScore	numExplainedPeaks	explainedIntensity	medianMassErrorFragmentPeaks(ppm)	medianAbsoluteMassErrorFragmentPeaks(ppm)	massErrorPrecursor(ppm)	lipidClass
1	C20H34O	[M - H2O + H]+	C20H32	0.9999999999999999	72.65887369559698	72.65887369559698	0.0	31	0.7467434110875493	0.23986995189927218	5.607259475671592	-65908.82466528182	
1	C20H32	[M + H]+	C20H32	0.9999999999999999	72.65887369559698	72.65887369559698	0.0	30	0.7467434110875493	0.23986995189927218	5.607259475671592	1.621635035422827	
