rank	molecularFormula	adduct	precursorFormula	ZodiacScore	SiriusScore	TreeScore	IsotopeScore	numExplainedPeaks	explainedIntensity	medianMassErrorFragmentPeaks(ppm)	medianAbsoluteMassErrorFragmentPeaks(ppm)	massErrorPrecursor(ppm)	lipidClass
1	C15H30N3O3S	[M + Na]+	C15H30N3O3S	0.691959798994975	63.92341374500631	63.92341374500631	0.0	25	0.5370034613482775	-0.39624546813801276	3.4024724047383264	-3.3163711083184753	
2	C20H28O4	[M + Na]+	C20H28O4	0.3065326633165829	62.47365005498906	62.47365005498906	0.0	19	0.4539311026866655	4.46477280520802	4.829081079542382	2.394517932412309	
3	C17H32O4S	[M + Na]+	C17H32O4S	0.0015075376884422112	57.97570781447843	57.97570781447843	0.0	23	0.5149167628152299	1.381033468280165	4.829081079542382	-7.0965688072839965	
4	C18H26N3O3	[M + Na]+	C18H26N3O3	0.0	51.0727573336495	51.0727573336495	0.0	20	0.4720619746167792	5.074064117757918	5.853528920036974	6.174715631217793	
5	C23H26NO	[M + Na]+	C23H26NO	0.0	47.20322370252034	47.20322370252034	0.0	19	0.45689797263886595	3.5254439823343353	5.237079802349716	-5.150978347968327	
