rank	molecularFormula	adduct	precursorFormula	ZodiacScore	SiriusScore	TreeScore	IsotopeScore	numExplainedPeaks	explainedIntensity	medianMassErrorFragmentPeaks(ppm)	medianAbsoluteMassErrorFragmentPeaks(ppm)	massErrorPrecursor(ppm)	lipidClass
1	C15H30N2O4	[M + H]+	C15H30N2O4	0.571356783919598	30.320072234063904	26.15918268066446	4.160889553399443	11	0.2826267664172901	1.7642665443501553	4.383456941382929	2.340108684987712	
1	C15H32N2O5	[M - H2O + H]+	C15H30N2O4	0.571356783919598	30.320072234063904	26.15918268066446	4.160889553399443	12	0.2826267664172901	1.7642665443501553	4.383456941382929	-59393.66686780691	
2	C18H32O2	[M + Na]+	C18H32O2	0.42864321608040207	29.297894975468623	26.836176432430424	2.4617185430381996	10	0.258520365752286	0.12460704756080537	3.686640504017582	-2.992740199982929	
3	C16H30N3O	[M + Na]+	C16H30N3O	0.0	10.55574480212723	6.822105524286372	3.733639277840857	7	0.19160432252701579	1.2466769081253173	1.2918307793863864	1.4352202571670905	
4	C18H30N3O2	[M - H2O + H]+	C18H28N3O	0.0	9.026905347346476	8.156847212734563	0.8700581346119134	8	0.18869492934330845	-0.9974628130037065	5.242986634593372	-59402.505336538416	
4	C18H28N3O	[M + H]+	C18H28N3O	0.0	9.026905347346476	8.156847212734563	0.8700581346119134	7	0.18869492934330845	-0.9974628130037065	5.242986634593372	-6.498360046331739	
