rank	molecularFormula	adduct	precursorFormula	ZodiacScore	SiriusScore	TreeScore	IsotopeScore	numExplainedPeaks	explainedIntensity	medianMassErrorFragmentPeaks(ppm)	medianAbsoluteMassErrorFragmentPeaks(ppm)	massErrorPrecursor(ppm)	lipidClass
1	C21H32O4	[M + Na]+	C21H32O4	0.7150753768844222	27.10639292412039	27.10639292412039	0.0	9	0.2784530386740331	0.13194360402085625	5.863894420849448	0.5004081441615372	
2	C17H36N2OS2	[M + Na]+	C17H36N2OS2	0.13115577889447236	27.577937264136114	27.577937264136114	0.0	14	0.5709023941068139	-1.7816408160120616	6.461850814289573	8.996007888218003	
3	C16H34N3O3S	[M + Na]+	C16H34N3O3S	0.11005025125628143	27.841780683914266	27.841780683914266	0.0	15	0.5782688766114179	3.00934725528409	5.221233502020615	-4.96386349549112	
4	C18H36O4S	[M + Na]+	C18H36O4S	0.04371859296482412	26.870049725995706	26.870049725995706	0.0	11	0.44935543278084705	3.8975528803651054	5.377541589862006	-8.580818216799155	
5	C19H30N3O3	[M + Na]+	C19H30N3O3	0.0	17.89688840876007	17.89688840876007	0.0	10	0.31528545119705337	0.5515386116861537	5.107062137609433	4.117362865316446	
6	C24H30NO	[M + Na]+	C24H30NO	0.0	17.661241771623207	17.661241771623207	0.0	9	0.2784530386740331	0.13194360402085625	5.863894420849448	-6.719245580140645	
