rank	formulaRank	ConfidenceScore	CSI:FingerIDScore	molecularFormula	adduct	InChIkey2D	InChI	name	smiles	xlogp	pubchemids	links	dbflags
1	1	0.049059566981267275	-231.18253307788567	C12H18O	[M - H2O + H]+	SSDLCRAPQKJETK	InChI=1S/C12H18O/c1-9-4-6-12(7-5-9)10(2)8-11(3)13/h4,8,12H,5-7H2,1-3H3	null	CC1=CCC(CC1)C(=CC(=O)C)C	2.70000005	12454901;85971871;131111018;133674386;133678137	COCONUT:(CNP0176423);KNApSAcK:(11892);Natural Products:(UNPD22779 UNPD123167);PubChem:(12454901 85971871 131111018 133674386 133678137);PNC:(LTS0074388 LTS0234836 LTS0003708);SuperNatural:(SN00335806 SN00239622);PubMed	68722655314