rank	molecularFormula	adduct	precursorFormula	ZodiacScore	SiriusScore	TreeScore	IsotopeScore	numExplainedPeaks	explainedIntensity	medianMassErrorFragmentPeaks(ppm)	medianAbsoluteMassErrorFragmentPeaks(ppm)	massErrorPrecursor(ppm)	lipidClass
1	C16H24O7	[M - H2O + H]+	C16H22O6	0.9381909547738695	94.94483646653994	89.9536928020156	4.991143664524339	22	0.4861253854059609	-0.2876514036444412	4.926211146170167	-57881.723101529504	
1	C16H22O6	[M + H]+	C16H22O6	0.9381909547738695	94.94483646653994	89.9536928020156	4.991143664524339	21	0.4861253854059609	-0.2876514036444412	4.926211146170167	2.215794610267109	
1	C16H26O8	[M - H4O2 + H]+	C16H22O6	0.9381909547738695	94.94483646653994	89.9536928020156	4.991143664524339	22	0.4861253854059609	-0.2876514036444412	4.926211146170167	-115765.66199766926	
2	C14H20N3O5	[M + H]+	C14H20N3O5	0.06180904522613066	92.38725447718735	88.9328242789508	3.4544301982365515	27	0.5750991043899574	2.1251708094290995	7.070030274624498	6.53103069402671	
2	C14H24N3O7	[M - H4O2 + H]+	C14H20N3O5	0.06180904522613066	92.38725447718735	88.9328242789508	3.4544301982365515	28	0.5750991043899574	2.1251708094290995	7.070030274624498	-115761.3467615857	
2	C14H22N3O6	[M - H2O + H]+	C14H20N3O5	0.06180904522613066	92.38725447718735	88.9328242789508	3.4544301982365515	28	0.5750991043899574	2.1251708094290995	7.070030274624498	-57877.40786544575	
3	C19H24NO5	[M - H4O2 + H]+	C19H20NO3	0.0	84.37617153500743	80.58618086649665	3.789990668510787	21	0.4671854353252091	-0.679078660181812	6.54497138354502	-115774.27546194124	
3	C19H20NO3	[M + H]+	C19H20NO3	0.0	84.37617153500743	80.58618086649665	3.789990668510787	20	0.4671854353252091	-0.679078660181812	6.54497138354502	-6.397669661525156	
3	C19H22NO4	[M - H2O + H]+	C19H20NO3	0.0	84.37617153500743	80.58618086649665	3.789990668510787	21	0.4671854353252091	-0.679078660181812	6.54497138354502	-57890.33656580147	
