rank	formulaRank	ConfidenceScore	CSI:FingerIDScore	molecularFormula	adduct	InChIkey2D	InChI	name	smiles	xlogp	pubchemids	links	dbflags
1	1	0.046598080068153226	-194.7553131094909	C16H24O7	[M - H2O + H]+	KLLYDTMVSVIJEH	InChI=1S/C16H24O7/c1-9(2-3-10-4-6-11(18)7-5-10)22-16-15(21)14(20)13(19)12(8-17)23-16/h4-7,9,12-21H,2-3,8H2,1H3	Betuloside	CC(CCC1=CC=C(C=C1)O)OC2C(C(C(C(O2)CO)O)O)O	0.300000012	656573;442538;3536732;6325917;9883892;69403446;71363423;117694572;117695743	COCONUT:(CNP0223841);KNApSAcK:(3014);Natural Products:(UNPD100771 UNPD180371 UNPD25399);PubChem:(656573 442538 3536732 6325917 9883892 69403446 71363423 117694572 117695743);PNC:(LTS0041884 LTS0032578);SuperNatural:(SN00402608 SN00157168);CHEBI:(8832);MeSH:(442538);KEGG:(C09965);PubMed	68722655606