rank	molecularFormula	adduct	precursorFormula	ZodiacScore	SiriusScore	TreeScore	IsotopeScore	numExplainedPeaks	explainedIntensity	medianMassErrorFragmentPeaks(ppm)	medianAbsoluteMassErrorFragmentPeaks(ppm)	massErrorPrecursor(ppm)	lipidClass
1	C21H30O5	[M - H2O + H]+	C21H28O4	0.9999999999999999	108.17280380241583	108.17280380241583	0.0	34	0.7894686771631071	1.5828436320935224	3.4942883452741813	-52177.68534888547	
1	C21H28O4	[M + H]+	C21H28O4	0.9999999999999999	108.17280380241583	108.17280380241583	0.0	33	0.7894686771631071	1.5828436320935224	3.4942883452741813	-4.0946200479818575	
2	C16H28N2O6	[M + H]+	C16H28N2O6	0.0	83.13528597614506	83.13528597614506	0.0	32	0.7805260904723398	1.8345458419626768	3.374987804447434	7.5586422190633975	
2	C16H30N2O7	[M - H2O + H]+	C16H28N2O6	0.0	83.13528597614506	83.13528597614506	0.0	33	0.7805260904723398	1.8345458419626768	3.374987804447434	-52166.03208661842	
3	C19H26N3O3	[M + H]+	C19H26N3O3	0.0	80.9475497980853	80.9475497980853	0.0	32	0.7786709794035105	0.8909004585986381	3.1634513995388485	-0.20508927958766707	
3	C19H28N3O4	[M - H2O + H]+	C19H26N3O3	0.0	80.9475497980853	80.9475497980853	0.0	33	0.7786709794035105	0.8909004585986381	3.1634513995388485	-52173.795818117236	
4	C17H34N2O2S2	[M - H2O + H]+	C17H32N2OS2	0.0	75.68064157680848	75.68064157680848	0.0	32	0.775388859820197	1.7300049311482397	3.4942883452741813	-52168.549515249884	
4	C17H32N2OS2	[M + H]+	C17H32N2OS2	0.0	75.68064157680848	75.68064157680848	0.0	31	0.775388859820197	1.7300049311482397	3.4942883452741813	5.041213587756434	
