rank	molecularFormula	adduct	precursorFormula	ZodiacScore	SiriusScore	TreeScore	IsotopeScore	numExplainedPeaks	explainedIntensity	medianMassErrorFragmentPeaks(ppm)	medianAbsoluteMassErrorFragmentPeaks(ppm)	massErrorPrecursor(ppm)	lipidClass
1	C10H10O4	[M - H2O + H]+	C10H8O3	0.9999999999999999	15.330660836920748	15.330660836920748	0.0	4	0.1191553544494721	2.707811915595497	2.707811915595497	-101720.44553050108	
1	C10H8O3	[M + H]+	C10H8O3	0.9999999999999999	15.330660836920748	15.330660836920748	0.0	3	0.1191553544494721	2.707811915595497	2.707811915595497	2.510937968818358	
2	C8H12NO	[M + K]+	C8H12NO	0.0	10.480489887933672	10.480489887933672	0.0	5	0.17911010558069385	0.2987539442611191	3.224478843059548	0.10187952320194481	
3	C3H12N3O2S	[M + Na]+	C3H12N3O2S	0.0	5.329674074235547	5.329674074235547	0.0	5	0.17496229260935148	4.838470676580415	4.838470676580415	4.641597149275611	
4	C5H10N3O2S	[M + H]+	C5H10N3O2S	0.0	0.2839604606845354	0.2839604606845354	0.0	3	0.12217194570135748	-7.820930601775531	7.820930601775531	-8.945633456501122	
4	C5H12N3O3S	[M - H2O + H]+	C5H10N3O2S	0.0	0.2839604606845354	0.2839604606845354	0.0	4	0.12217194570135748	-7.820930601775531	7.820930601775531	-101731.90210192624	
5	C8H8N3O3	[M - H2O + H]+	C8H6N3O2	0.0	0.2394155014177377	0.2394155014177377	0.0	3	0.024886877828054297	10.374641651172013	10.374641651172013	-101712.8621044131	
5	C8H6N3O2	[M + H]+	C8H6N3O2	0.0	0.2394155014177377	0.2394155014177377	0.0	2	0.024886877828054297	10.374641651172013	10.374641651172013	10.094364056627821	
6	C11H8N	[M + Na]+	C11H8N	0.0	-1.2261733206462258	-1.2261733206462258	0.0	2	0.02790346907993967	2.850839688633837	2.850839688633837	0.9612054050195947	
