rank	molecularFormula	adduct	precursorFormula	ZodiacScore	SiriusScore	TreeScore	IsotopeScore	numExplainedPeaks	explainedIntensity	medianMassErrorFragmentPeaks(ppm)	medianAbsoluteMassErrorFragmentPeaks(ppm)	massErrorPrecursor(ppm)	lipidClass
1	C39H72O8	[M + Na]+	C39H72O8	0.8170854271356783	6.212113069839952	3.4575901805174025	2.7545228893225495	1	0.0	0.520650044064589	0.520650044064589	-0.22798542834167645	
2	C45H68N2O2	[M + Na]+	C45H68N2O2	0.1492462311557789	4.449326141092019	3.9972986174582	0.45202752363381915	3	0.1991199119911991	-1.8646913950360977	7.230697256598305	-7.97933853194114	
3	C46H68O3	[M + Na]+	C46H68O3	0.02261306532663317	2.4986355507831925	2.4986355507831925	0.0	1	0.0	9.013959562986102	9.013959562986102	8.26533044897593	
4	C37H70N3O7	[M + Na]+	C37H70N3O7	0.004522613065326634	1.3977580580761142	-0.34451708691563443	1.7422751449917486	4	0.3091309130913092	0.008551975927356237	2.9419637765181026	1.7136792465057147	
5	C42H70NO5	[M + Na]+	C42H70NO5	0.0035175879396984926	1.0107381904342922	-1.2557966809701986	2.266534871404491	4	0.2618261826182618	-1.8813179082342892	1.8813179082342892	-4.10366198022361	
6	C34H72N2O10	[M + Na]+	C34H72N2O10	0.003015075376884422	0.9115672349383201	0.9115672349383201	0.0	5	0.33003300330033003	6.337986915726909	6.337986915726909	5.589355798387648	
7	C49H66N	[M + Na]+	C49H66N	0.0	-2.282781588336573	-2.282781588336573	0.0	3	0.21782178217821782	9.083102818697666	9.083102818697666	4.3896538970939964	
