rank	molecularFormula	adduct	precursorFormula	ZodiacScore	SiriusScore	TreeScore	IsotopeScore	numExplainedPeaks	explainedIntensity	medianMassErrorFragmentPeaks(ppm)	medianAbsoluteMassErrorFragmentPeaks(ppm)	massErrorPrecursor(ppm)	lipidClass
1	C13H14O2	[M - H2O + H]+	C13H12O	0.9999999999999999	20.386387411189254	20.386387411189254	0.0	6	0.3066322136089578	3.287708043767083	3.287708043767083	-97300.36296070306	
1	C13H12O	[M + H]+	C13H12O	0.9999999999999999	20.386387411189254	20.386387411189254	0.0	5	0.3066322136089578	3.287708043767083	3.287708043767083	3.1894706319257167	
2	C8H18OS	[M + Na]+	C8H18OS	0.0	10.461496640039034	10.461496640039034	0.0	5	0.26614987080103364	-2.265096487590432	4.8577903482680584	-2.0263981265668836	
3	C11H10N3	[M + H]+	C11H10N3	0.0	1.6536254005661872	1.6536254005661872	0.0	3	0.17054263565891473	7.590762247499224	7.590762247499224	10.44343103159873	
3	C11H12N3O	[M - H2O + H]+	C11H10N3	0.0	1.6536254005661872	1.6536254005661872	0.0	4	0.17054263565891473	7.590762247499224	7.590762247499224	-97293.10900030338	
4	C6H16N3S	[M + Na]+	C6H16N3S	0.0	-2.917885952956846	-2.917885952956846	0.0	2	0.058570198105081836	-0.822634044942149	6.1484335296721575	5.227562273106129	
5	C8H14N3S	[M + H]+	C8H14N3S	0.0	-5.953306951881667	-5.953306951881667	0.0	1	0.0	-7.671125906215839	7.671125906215839	-7.76936439462823	
