rank	molecularFormula	adduct	precursorFormula	ZodiacScore	SiriusScore	TreeScore	IsotopeScore	numExplainedPeaks	explainedIntensity	medianMassErrorFragmentPeaks(ppm)	medianAbsoluteMassErrorFragmentPeaks(ppm)	massErrorPrecursor(ppm)	lipidClass
1	C16H31NO2	[M + H]+	C16H31NO2	0.9999999999999999	111.45201030612515	111.45201030612515	0.0	27	0.7008906724087304	2.7542416726314687	5.433872043096385	2.6631168074676532	
1	C16H33NO3	[M - H2O + H]+	C16H31NO2	0.9999999999999999	111.45201030612515	111.45201030612515	0.0	28	0.7008906724087304	2.7542416726314687	5.433872043096385	-66643.03354274153	
