rank	molecularFormula	adduct	precursorFormula	ZodiacScore	SiriusScore	TreeScore	IsotopeScore	numExplainedPeaks	explainedIntensity	medianMassErrorFragmentPeaks(ppm)	medianAbsoluteMassErrorFragmentPeaks(ppm)	massErrorPrecursor(ppm)	lipidClass
1	C10H22N3O2S2	[M + Na]+	C10H22N3O2S2	0.9994974874371858	15.295687908857316	15.295687908857316	0.0	8	0.6345419847328244	1.860303633273149	2.6292851077658237	2.7798835502525407	
2	C11H20O8	[M + Na]+	C11H20O8	5.025125628140704E-4	6.801707170603192	3.4999999999999996	3.301707170603193	1	0.0	NaN	NaN	1.2172060501580502	
3	C9H18N3O7	[M + Na]+	C9H18N3O7	0.0	6.46749002554318	4.121149134108585	2.3463408914345956	3	0.23854961832061067	9.330756449529698	9.330756449529698	5.646965361556719	
4	C12H24O3S2	[M + Na]+	C12H24O3S2	0.0	4.539030031416156	4.539030031416156	0.0	4	0.3673664122137404	1.0782335433836774	1.0782335433836774	-1.6498757609585908	
5	C12H24O4S	[M + K]+	C12H24O4S	0.0	1.7523296017259893	1.7523296017259893	0.0	3	0.10209923664122138	4.549354729209536	4.549354729209536	8.97012613613892	
6	C15H20O3S	[M + Na]+	C15H20O3S	0.0	1.0223042008059962	1.0223042008059962	0.0	4	0.2251908396946565	1.0782335433836774	1.0782335433836774	9.472090127560588	
7	C14H18NO5	[M + Na]+	C14H18NO5	0.0	0.4326973472941473	0.05580120800558408	0.37689613928856325	2	0.19083969465648853	10.765049859082302	10.765049859082302	-7.624853299353502	
8	C18H18NS	[M + Na]+	C18H18NS	0.0	-2.8557794778965446	-2.8557794778965446	0.0	4	0.2194656488549618	4.206944262290748	4.206944262290748	0.630030778049035	
9	C15H22NOS	[M + K]+	C15H22NOS	0.0	-3.4865488447890787	-3.4865488447890787	0.0	2	0.0534351145038168	-13.25569567000196	13.25569567000196	0.1280667868149035	
