rank	molecularFormula	adduct	precursorFormula	ZodiacScore	SiriusScore	TreeScore	IsotopeScore	numExplainedPeaks	explainedIntensity	medianMassErrorFragmentPeaks(ppm)	medianAbsoluteMassErrorFragmentPeaks(ppm)	massErrorPrecursor(ppm)	lipidClass
1	C28H48O8	[M + Na]+	C28H48O8	0.9904522613065327	9.015895385054856	3.4757444696940096	5.540150915360846	1	0.0	0.3003859706467037	0.3003859706467037	0.3682169885106638	
2	C23H48N2O10	[M + Na]+	C23H48N2O10	0.009045226130653266	4.510308667532253	-0.10427911502209408	4.614587782554347	1	0.0	7.815008415392843	7.815008415392843	7.8828389235321605	
3	C26H46N3O7	[M + Na]+	C26H46N3O7	5.025125628140704E-4	1.587120680772335	-3.85514395914066	5.442264639912995	1	0.0	2.8085553178345006	2.8085553178345006	2.8763861655667298	
4	C31H46NO5	[M + Na]+	C31H46NO5	0.0	-2.062014916039754	-4.054710052659122	1.9926951366193686	1	0.0	-4.706067127124009	4.706067127124009	-4.638235769667137	
5	C38H42N	[M + Na]+	C38H42N	0.0	-4.238222267353745	-4.238222267353745	0.0	1	0.0	6.265278653445468	6.265278653445468	6.333109266704564	
