rank	molecularFormula	adduct	precursorFormula	ZodiacScore	SiriusScore	TreeScore	IsotopeScore	numExplainedPeaks	explainedIntensity	medianMassErrorFragmentPeaks(ppm)	medianAbsoluteMassErrorFragmentPeaks(ppm)	massErrorPrecursor(ppm)	lipidClass
1	C12H12O2	[M - H2O + H]+	C12H10O	0.9999999999999999	61.773152390357374	61.773152390357374	0.0	14	0.529764001408947	2.096131824704758	7.590762247499224	-105272.77986789198	
1	C12H10O	[M + H]+	C12H10O	0.9999999999999999	61.773152390357374	61.773152390357374	0.0	13	0.529764001408947	2.096131824704758	7.590762247499224	2.3852939281403924	
2	C7H16OS	[M + Na]+	C7H16OS	0.0	46.159343531840435	46.159343531840435	0.0	12	0.4834448749559705	1.5850828267836128	4.810811360453093	-3.2578859074588813	
3	C10H10N3O	[M - H2O + H]+	C10H8N3	0.0	24.204237441612428	24.204237441612428	0.0	11	0.4226840436773513	-4.075940338203825	8.94540784789611	-105264.93162535538	
3	C10H8N3	[M + H]+	C10H8N3	0.0	24.204237441612428	24.204237441612428	0.0	10	0.4226840436773513	-4.075940338203825	8.94540784789611	10.233536464729989	
4	C5H14N3S	[M + Na]+	C5H14N3S	0.0	12.714028201462947	12.714028201462947	0.0	6	0.27544910179640725	0.38307010212812576	7.422744936937866	4.5903566291307145	
5	C7H12N3S	[M + H]+	C7H12N3S	0.0	8.364055769032912	8.364055769032912	0.0	4	0.26805213103205366	-9.200271143666196	11.335003142003954	-9.47134582009226	
5	C7H14N3OS	[M - H2O + H]+	C7H12N3S	0.0	8.364055769032912	8.364055769032912	0.0	5	0.26805213103205366	-9.200271143666196	11.335003142003954	-105284.63650764021	
