rank	molecularFormula	adduct	precursorFormula	ZodiacScore	SiriusScore	TreeScore	IsotopeScore	numExplainedPeaks	explainedIntensity	medianMassErrorFragmentPeaks(ppm)	medianAbsoluteMassErrorFragmentPeaks(ppm)	massErrorPrecursor(ppm)	lipidClass
1	C10H12O	[M + H]+	C10H12O	0.9999999999999999	20.40265640177489	19.242113673709248	1.1605427280656413	3	0.42553191489361697	7.590762247499224	7.590762247499224	3.0334733338594155	
1	C10H14O2	[M - H2O + H]+	C10H12O	0.9999999999999999	20.40265640177489	19.242113673709248	1.1605427280656413	4	0.42553191489361697	7.590762247499224	7.590762247499224	-120794.96916737576	
2	C8H10N3	[M + H]+	C8H10N3	0.0	-3.6195660648728785	-4.641803555282504	1.0222374904096254	1	0.0	12.416298624310306	12.416298624310306	12.038940304180608	
3	C5H14N3S	[M + H]+	C5H14N3S	0.0	-4.138478184983955	-6.019168641488852	1.8806904565048965	1	0.0	-10.194062711881969	10.194062711881969	-10.571429564325577	
