rank	molecularFormula	adduct	precursorFormula	ZodiacScore	SiriusScore	TreeScore	IsotopeScore	numExplainedPeaks	explainedIntensity	medianMassErrorFragmentPeaks(ppm)	medianAbsoluteMassErrorFragmentPeaks(ppm)	massErrorPrecursor(ppm)	lipidClass
1	C11H12O3	[M + H]+	C11H12O3	0.7532663316582916	6.55548105947952	3.5	3.0554810594795203	1	0.0	NaN	NaN	1.7901373405961805	
2	C9H12N3O3	[M - H2O + H]+	C9H10N3O2	0.13417085427135678	4.120491233991777	2.5274118954679405	1.5930793385238369	4	0.20075757575757575	8.665916400483122	8.665916400483122	-93268.55135671886	
2	C9H14N3O4	[M - H4O2 + H]+	C9H10N3O2	0.13417085427135678	4.120491233991777	2.5274118954679405	1.5930793385238369	4	0.20075757575757575	8.665916400483122	8.665916400483122	-186545.84665451254	
2	C9H10N3O2	[M + H]+	C9H10N3O2	0.13417085427135678	4.120491233991777	2.5274118954679405	1.5930793385238369	3	0.20075757575757575	8.665916400483122	8.665916400483122	8.74394107496613	
3	C6H16N3O3S	[M - H2O + H]+	C6H14N3O2S	0.11256281407035176	4.728406527476972	4.728406527476972	0.0	5	0.32765151515151514	-7.664255098359048	7.664255098359048	-93286.010537342	
3	C6H18N3O4S	[M - H4O2 + H]+	C6H14N3O2S	0.11256281407035176	4.728406527476972	4.728406527476972	0.0	5	0.32765151515151514	-7.664255098359048	7.664255098359048	-186563.30583513566	
3	C6H14N3O2S	[M + H]+	C6H14N3O2S	0.11256281407035176	4.728406527476972	4.728406527476972	0.0	4	0.32765151515151514	-7.664255098359048	7.664255098359048	-8.715239548159794	
