rank	formulaRank	ConfidenceScore	CSI:FingerIDScore	molecularFormula	adduct	InChIkey2D	InChI	name	smiles	xlogp	pubchemids	links	dbflags
1	4	0.05626774176298135	-171.70816574494205	C19H28O4	[M + H]+	JXHQWTYFUSHCGX	InChI=1S/C19H28O4/c1-12-7-9-15-18(3,10-5-11-19(15,4)17(22)23)14(12)8-6-13(2)16(20)21/h6,14-15H,1,5,7-11H2,2-4H3,(H,20,21)(H,22,23)	15-nor-Labda-8(17),12E-dien-13,19-dienoic acid	CC(=CCC1C(=C)CCC2C1(CCCC2(C)C(=O)O)C)C(=O)O	4.0	637057;11759027;22297540;22297541	COCONUT:(CNP0197850);Natural Products:(UNPD105001 UNPD174489);PubChem:(637057 11759027 22297540 22297541);PNC:(LTS0058186 LTS0165757 LTS0048384);SuperNatural:(SN00402607);PubMed	68722655298
2	4	N/A	-188.89462674187482	C19H28O4	[M + H]+	FZMONKRUPXQHKO	InChI=1S/C19H28O4/c1-11-5-7-13-12(15(11)16(20)21)6-8-14-18(13,2)9-4-10-19(14,3)17(22)23/h11,13-14H,4-10H2,1-3H3,(H,20,21)(H,22,23)	null	CC1CCC2C(=C1C(=O)O)CCC3C2(CCCC3(C)C(=O)O)C	3.97728777	""	COCONUT:(CNP0218294);Natural Products:(UNPD93474);PNC:(LTS0266553);SuperNatural:(SN00337919)	68722655232