rank	molecularFormula	adduct	precursorFormula	ZodiacScore	SiriusScore	TreeScore	IsotopeScore	numExplainedPeaks	explainedIntensity	medianMassErrorFragmentPeaks(ppm)	medianAbsoluteMassErrorFragmentPeaks(ppm)	massErrorPrecursor(ppm)	lipidClass
1	C21H32N2O14	[M + Na]+	C21H32N2O14	0.9618090452261306	84.69569872953575	83.51661804584437	1.1790806836913847	30	0.5918644067796609	2.2623517746205604	5.7209702151783866	8.77226389084169	
2	C24H30N3O11	[M + Na]+	C24H30N3O11	0.03819095477386936	81.52302527198583	77.51276520847598	4.01026006350985	34	0.6433898305084743	-1.3468348707952893	3.928680828522831	3.9793913023789145	
3	C17H34N3O16	[M + Na]+	C17H34N3O16	0.0	74.7504299870928	74.7504299870928	0.0	31	0.6020338983050846	-1.045788428920718	3.3380150602698606	-6.523905426877294	
4	C26H32O12	[M + Na]+	C26H32O12	0.0	73.76346214348078	68.96491546818474	4.798546675296038	27	0.5186440677966099	-1.045788428920718	5.220737101880419	1.5782230752829287	
5	C32H28N2O6	[M + Na]+	C32H28N2O6	0.0	73.14863094605099	70.99886746870024	2.1497634773507395	26	0.5066666666666664	-1.2742032828742365	5.7209702151783866	-8.007522101236002	
6	C29H30NO9	[M + Na]+	C29H30NO9	0.0	68.19241334384017	63.60966434838373	4.582748995456445	26	0.5066666666666664	-1.2742032828742365	5.0586112018861	-3.214649513179847	
7	C19H36O17	[M + Na]+	C19H36O17	0.0	61.35716827974948	61.35716827974948	0.0	26	0.5303954802259885	-1.241375303371016	6.2356334841790275	-8.92507365417659	
8	C36H26NO4	[M + Na]+	C36H26NO4	0.0	44.28819272288831	44.18576089646114	0.1024318264271713	19	0.36248587570621454	-9.929676894397342E-4	5.220737101880419	7.288647216279671	
9	C39H24N2O	[M + Na]+	C39H24N2O	0.0	32.62455538419938	32.62455538419938	0.0	15	0.2838418079096044	7.657056559262734	7.657056559262734	2.4957746280202047	
