rank	molecularFormula	adduct	precursorFormula	ZodiacScore	SiriusScore	TreeScore	IsotopeScore	numExplainedPeaks	explainedIntensity	medianMassErrorFragmentPeaks(ppm)	medianAbsoluteMassErrorFragmentPeaks(ppm)	massErrorPrecursor(ppm)	lipidClass
1	C29H63NO	[M - H2O + H]+	C29H61N	0.9999999999999999	113.71312920878238	108.68148903765652	5.031640171125858	48	0.9597585513078468	1.7690722151447669	4.230206667884171	-42427.08394498479	
1	C29H61N	[M + H]+	C29H61N	0.9999999999999999	113.71312920878238	108.68148903765652	5.031640171125858	47	0.9597585513078468	1.7690722151447669	4.230206667884171	1.7861340222940125	
