rank	molecularFormula	adduct	precursorFormula	ZodiacScore	SiriusScore	TreeScore	IsotopeScore	numExplainedPeaks	explainedIntensity	medianMassErrorFragmentPeaks(ppm)	medianAbsoluteMassErrorFragmentPeaks(ppm)	massErrorPrecursor(ppm)	lipidClass
1	C29H24O11	[M - H4O2 + H]+	C29H20O9	0.9999999999999999	80.62370906187847	74.54387887708246	6.079830184796008	25	0.7932285885065323	0.5608811487835903	4.966734975527153	-70198.50376640678	
2	C22H28O16	[M - H4O2 + H]+	C22H24O14	0.0	74.15034533911236	72.223688242965	1.926657096147372	25	0.7932285885065323	-0.20991949411269442	5.645888912058801	-70209.9498997861	
3	C32H22NO8	[M - H4O2 + H]+	C32H18NO6	0.0	70.41429035798396	64.75554611699451	5.658744240989455	25	0.7932285885065323	-0.20991949411269442	4.966734975527153	-70203.7268749535	
4	C27H22N3O10	[M - H4O2 + H]+	C27H18N3O8	0.0	69.64609250647841	64.56501647885932	5.081076027619088	25	0.7932285885065323	0.5608811487835903	5.3223495980665625	-70195.88705543458	
5	C20H26N3O15	[M - H4O2 + H]+	C20H22N3O13	0.0	65.40362585902993	63.74704224216173	1.6565836168681964	25	0.7932285885065323	-0.20991949411269442	5.645888912058801	-70207.33318881388	
6	C35H20N2O5	[M - H4O2 + H]+	C35H16N2O3	0.0	48.402946083324515	46.01774086800526	2.3852052153192536	25	0.7010075996925966	-4.804995439137033	6.005920080080601	-70208.94998349999	
