rank	molecularFormula	adduct	precursorFormula	ZodiacScore	SiriusScore	TreeScore	IsotopeScore	numExplainedPeaks	explainedIntensity	medianMassErrorFragmentPeaks(ppm)	medianAbsoluteMassErrorFragmentPeaks(ppm)	massErrorPrecursor(ppm)	lipidClass
1	C19H28O2	[M - H2O + H]+	C19H26O	0.9999999999999999	58.8296170292827	58.8296170292827	0.0	23	0.7449490760707298	2.0245566083728006	2.7590548989129013	-66407.86272637715	
1	C19H26O	[M + H]+	C19H26O	0.9999999999999999	58.8296170292827	58.8296170292827	0.0	22	0.7449490760707298	2.0245566083728006	2.7590548989129013	1.305756059267224	
2	C17H24N3	[M + H]+	C17H24N3	0.0	44.33852625400045	44.33852625400045	0.0	20	0.7354609693792924	2.0245566083728006	2.7966238523870173	6.256546305762674	
2	C17H26N3O	[M - H2O + H]+	C17H24N3	0.0	44.33852625400045	44.33852625400045	0.0	21	0.7354609693792924	2.0245566083728006	2.7966238523870173	-66402.91193613045	
3	C14H30N3OS	[M - H2O + H]+	C14H28N3S	0.0	38.956098840160706	38.956098840160706	0.0	21	0.7354609693792924	1.3791761160067502	2.7966238523870173	-66415.34207428865	
3	C14H28N3S	[M + H]+	C14H28N3S	0.0	38.956098840160706	38.956098840160706	0.0	20	0.7354609693792924	1.3791761160067502	2.7966238523870173	-6.1735918522431215	
4	C12H30N3S	[M + Na]+	C12H30N3S	0.0	35.57825878568619	35.57825878568619	0.0	21	0.7197359254221545	1.9095389582640045	2.5047757690552586	2.6967430046524927	
