rank	molecularFormula	adduct	precursorFormula	ZodiacScore	SiriusScore	TreeScore	IsotopeScore	numExplainedPeaks	explainedIntensity	medianMassErrorFragmentPeaks(ppm)	medianAbsoluteMassErrorFragmentPeaks(ppm)	massErrorPrecursor(ppm)	lipidClass
1	C21H34O4	[M - H4O2 + H]+	C21H30O2	0.9994974874371858	80.07199866900969	77.66926699206009	2.4027316769495988	29	0.771878072763029	0.6375764266447435	5.367992760178484	-114272.3572116484	
2	C19H32O2	[M + Na]+	C19H32O2	5.025125628140704E-4	62.99735516635815	60.53798073656381	2.459374429794335	26	0.7547408343868525	0.6375764266447435	5.367992760178484	4.334857952142416	
3	C19H32N3O3	[M - H4O2 + H]+	C19H28N3O	0.0	55.21343766778163	52.65101352708379	2.5624241406978445	27	0.7547408343868525	0.6375764266447435	5.367992760178484	-114268.09784382742	
4	C16H34N2O6	[M - H4O2 + H]+	C16H30N2O4	0.0	53.90611940603145	53.684417791891164	0.22170161414028788	28	0.7609917123191462	0.6607011757922667	5.732844660125345	-114259.59589588408	
5	C17H30N3O	[M + Na]+	C17H30N3O	0.0	46.965776850751794	46.211480988370845	0.7542958623809501	27	0.7609917123191462	0.6607011757922667	5.732844660125345	8.594225773128336	
