rank	molecularFormula	adduct	precursorFormula	ZodiacScore	SiriusScore	TreeScore	IsotopeScore	numExplainedPeaks	explainedIntensity	medianMassErrorFragmentPeaks(ppm)	medianAbsoluteMassErrorFragmentPeaks(ppm)	massErrorPrecursor(ppm)	lipidClass
1	C19H42N3O4	[M + Na]+	C19H42N3O4	0.8653266331658291	94.26383490649216	89.41588103414036	4.847953872351814	31	0.6321225071225073	-0.22481402467628106	5.372769434752364	3.7688299350889256	
2	C21H44O5	[M + Na]+	C21H44O5	0.07939698492462312	91.63553411574836	86.15295751890551	5.4825765968428515	26	0.5867610398860399	2.13978480327359	5.218270090823678	0.40630493115120697	
3	C24H42NO2	[M + Na]+	C24H42NO2	0.05527638190954774	91.70448196374797	89.9169458361312	1.7875361276167587	31	0.6321225071225073	-0.4543796020743308	5.578769768826495	-6.305492158066787	
