rank	molecularFormula	adduct	precursorFormula	ZodiacScore	SiriusScore	TreeScore	IsotopeScore	numExplainedPeaks	explainedIntensity	medianMassErrorFragmentPeaks(ppm)	medianAbsoluteMassErrorFragmentPeaks(ppm)	massErrorPrecursor(ppm)	lipidClass
1	C31H56NO3	[M + Na]+	C31H56NO3	0.39849246231155777	5.660319493930015	5.660319493930015	0.0	11	0.22864117168429618	-0.25854444107282726	4.101561624569496	-3.868425285455391	
2	C34H54N2	[M + Na]+	C34H54N2	0.29597989949748743	5.357194190420358	5.357194190420358	0.0	8	0.18853888178542366	-0.22069648519468626	4.441900893870223	-9.088539837896537	
3	C28H58O6	[M + Na]+	C28H58O6	0.27437185929648245	4.80147232985249	4.80147232985249	0.0	9	0.2330582354992444	-0.18284852931654524	1.913280240792691	1.3516892672071876	
4	C26H56N3O5	[M + Na]+	C26H56N3O5	0.02763819095477387	3.0550222987402256	3.0550222987402256	0.0	11	0.22864117168429618	-0.18284852931654524	4.101561624569496	3.966900286465249	
5	C27H60N3S2	[M + Na]+	C27H60N3S2	0.0035175879396984926	1.1375089400528573	1.1375089400528573	0.0	9	0.20248750435894453	-0.18284852931654524	3.159498702829819	2.2742521266932316	
6	C30H56N3S	[M + Na]+	C30H56N3S	0.0	-0.5139708117318973	-0.5139708117318973	0.0	9	0.20248750435894453	-0.18284852931654524	5.724303084910626	8.840362315925397	
7	C32H58OS	[M + Na]+	C32H58OS	0.0	-0.5406852491382184	-0.5406852491382184	0.0	8	0.19655933976519815	5.990180979918172	5.990180979918172	6.225151296667335	
