rank	molecularFormula	adduct	precursorFormula	ZodiacScore	SiriusScore	TreeScore	IsotopeScore	numExplainedPeaks	explainedIntensity	medianMassErrorFragmentPeaks(ppm)	medianAbsoluteMassErrorFragmentPeaks(ppm)	massErrorPrecursor(ppm)	lipidClass
1	C22H42O8	[M + Na]+	C22H42O8	0.9311557788944727	25.747289836860812	19.157837118407482	6.589452718453329	7	0.23249738766980146	-0.00861099735010389	5.499255152651728	0.5881718539381201	
2	C25H40NO5	[M + Na]+	C25H40NO5	0.05678391959798995	22.93377503041771	18.554581255975734	4.379193774441974	9	0.31295715778474403	-4.3860672933285265	4.3860672933285265	-5.272768704978967	
3	C20H40N3O7	[M + Na]+	C20H40N3O7	0.01206030150753769	22.160131792655758	16.421984738545106	5.7381470541106525	9	0.31295715778474403	-0.00861099735010389	5.499255152651728	3.5244285544885807	
