rank	molecularFormula	adduct	precursorFormula	ZodiacScore	SiriusScore	TreeScore	IsotopeScore	numExplainedPeaks	explainedIntensity	medianMassErrorFragmentPeaks(ppm)	medianAbsoluteMassErrorFragmentPeaks(ppm)	massErrorPrecursor(ppm)	lipidClass
1	C37H70O6	[M + Na]+	C37H70O6	0.9884422110552765	6.072360765427774	3.4999999999999996	2.5723607654277747	1	0.0	NaN	NaN	1.312273482936753	
2	C43H66N2	[M + Na]+	C43H66N2	0.009045226130653268	1.0	1.0	0.0	1	0.0	NaN	NaN	-7.148800395494522	
3	C35H68N3O5	[M + Na]+	C35H68N3O5	0.0025125628140703522	0.338586208402607	-1.8577124788290909	2.196298687231698	2	0.2658227848101266	-14.23685642098054	14.23685642098054	3.431718699933345	
4	C40H68NO3	[M + Na]+	C40H68NO3	0.0	-3.1392393236520175	-3.605170185988091	0.4659308623360734	1	0.0	NaN	NaN	-2.918263456099428	
