rank	formulaRank	ConfidenceScore	CSI:FingerIDScore	molecularFormula	adduct	InChIkey2D	InChI	name	smiles	xlogp	pubchemids	links	dbflags
1	1	0.38313225097942866	-38.268299176803325	C12H16O8	[M + H]+	WXTPOHDTGNYFSB	InChI=1S/C12H16O8/c13-4-8-9(16)10(17)11(18)12(20-8)19-7-2-5(14)1-6(15)3-7/h1-3,8-18H,4H2	Phloroglucinol-1-O-.beta.-D-glucopyranoside	C1=C(C=C(C=C1O)OC2C(C(C(C(O2)CO)O)O)O)O	-1.2058841	476785;12314169;22489368;54455262;54455263;54455264;57997973;70943554;70943571;90714586	COCONUT:(CNP0174833);HMDB:(35589);Natural Products:(UNPD134813);PubChem:(476785 12314169 22489368 54455262 54455263 54455264 57997973 70943554 70943571 90714586);PNC:(LTS0172238 LTS0123170);SuperNatural:(SN00157851);YMDB Mine;PubChem class - bio and metabolites;Training Set;PubMed;KEGG Mine	111689121866