rank	molecularFormula	adduct	precursorFormula	ZodiacScore	SiriusScore	TreeScore	IsotopeScore	numExplainedPeaks	explainedIntensity	medianMassErrorFragmentPeaks(ppm)	medianAbsoluteMassErrorFragmentPeaks(ppm)	massErrorPrecursor(ppm)	lipidClass
1	C29H52O7	[M + Na]+	C29H52O7	0.9994974874371859	53.491019937947335	47.938848375792944	5.55217156215439	17	0.7099437148217637	2.8875446796367283	7.045198422194781	1.097787266043222	
2	C24H52N2O9	[M + Na]+	C24H52N2O9	5.025125628140704E-4	47.792394601947194	44.092879112270644	3.6995154896765516	18	0.7129455909943715	-1.4602364186228955	6.203785413761062	8.611892991501424	
3	C27H50N3O6	[M + Na]+	C27H50N3O6	0.0	49.03725613199089	43.47748669691233	5.559769435078557	18	0.7129455909943715	-1.4602364186228955	6.203785413761062	3.605784146672066	
4	C32H50NO4	[M + Na]+	C32H50NO4	0.0	44.14811898329426	40.5980610142983	3.550057968995961	17	0.7099437148217637	2.8875446796367283	7.045198422194781	-3.9083215787861354	
5	C35H48N2O	[M + Na]+	C35H48N2O	0.0	24.369024788389126	24.369024788389126	0.0	10	0.4050656660412758	5.352962797880582	6.203785413761062	-8.914430423403138	
