rank	molecularFormula	adduct	precursorFormula	ZodiacScore	SiriusScore	TreeScore	IsotopeScore	numExplainedPeaks	explainedIntensity	medianMassErrorFragmentPeaks(ppm)	medianAbsoluteMassErrorFragmentPeaks(ppm)	massErrorPrecursor(ppm)	lipidClass
1	C20H26O2	[M + H]+	C20H26O2	0.9999999999999999	108.3614658025316	108.3614658025316	0.0	35	0.8614555931354126	1.268183623610435	4.573862855143213	2.426913171241941	
2	C17H30O2S	[M + H]+	C17H30O2S	0.0	82.38278041286631	82.38278041286631	0.0	35	0.8623131847483594	1.268183623610435	4.4441559925482235	-8.840177564666405	
3	C18H24N3O	[M + H]+	C18H24N3O	0.0	80.12985427436647	80.12985427436647	0.0	35	0.8623131847483594	1.268183623610435	4.4441559925482235	6.914474147159875	
4	C15H28N3OS	[M + H]+	C15H28N3OS	0.0	78.69376971173637	78.69376971173637	0.0	37	0.8701953188988136	0.8318839996414888	4.2240084062890135	-4.352616588558487	
5	C12H27NO4S	[M + H3N + H]+	C12H30N2O4S	0.0	74.14215983291636	74.14215983291636	0.0	34	0.8370190500968404	1.9073350878131685	5.251878919272064	4.60481827304986	
