rank	molecularFormula	adduct	precursorFormula	ZodiacScore	SiriusScore	TreeScore	IsotopeScore	numExplainedPeaks	explainedIntensity	medianMassErrorFragmentPeaks(ppm)	medianAbsoluteMassErrorFragmentPeaks(ppm)	massErrorPrecursor(ppm)	lipidClass
1	C23H40O7	[M - H2O + H]+	C23H38O6	0.9788944723618092	59.10142581069063	59.10142581069063	0.0	27	0.7122662347224271	4.111787070256796	6.397113993389322	-43789.731210163074	
2	C21H38N3O6	[M - H2O + H]+	C21H36N3O5	0.015075376884422112	52.28310986238661	52.28310986238661	0.0	30	0.7314092180827568	4.980393236094612	6.924569545511795	-43786.46652396189	
3	C27H40O2S	[M - H2O + H]+	C27H38OS	0.006030150753768846	63.75041964370602	63.75041964370602	0.0	29	0.7687380356353999	4.111787070256796	7.682086806091128	-43783.64744708529	
4	C24H44O2S2	[M - H2O + H]+	C24H42OS2	0.0	64.00260418207986	64.00260418207986	0.0	28	0.7486379031070536	3.6054981400160346	7.372515425440467	-43791.84421941928	
5	C18H42N3O6S	[M - H2O + H]+	C18H40N3O5S	0.0	55.874025672487676	55.874025672487676	0.0	28	0.7486379031070536	3.6054981400160346	7.372515425440467	-43794.66329629588	
6	C26H38NO4	[M - H2O + H]+	C26H36NO3	0.0	48.95421314787631	48.95421314787631	0.0	26	0.7000441761154472	3.8044352291078027	5.737864897788524	-43796.24771526463	
7	C22H42N3OS2	[M - H2O + H]+	C22H40N3S2	0.0	48.33820491104063	48.33820491104063	0.0	30	0.7300103077602713	3.8044352291078027	5.457046882650319	-43788.57953321797	
