rank	molecularFormula	adduct	precursorFormula	ZodiacScore	SiriusScore	TreeScore	IsotopeScore	numExplainedPeaks	explainedIntensity	medianMassErrorFragmentPeaks(ppm)	medianAbsoluteMassErrorFragmentPeaks(ppm)	massErrorPrecursor(ppm)	lipidClass
1	C19H28O3	[M - H4O2 + H]+	C19H24O	0.9999999999999999	79.98550735426716	79.98550735426716	0.0	30	0.8317246403205246	1.635255117277301	3.007318421497462	-133810.8582408139	
1	C19H26O2	[M - H2O + H]+	C19H24O	0.9999999999999999	79.98550735426716	79.98550735426716	0.0	30	0.8317246403205246	1.635255117277301	3.007318421497462	-66904.46989906956	
1	C19H24O	[M + H]+	C19H24O	0.9999999999999999	79.98550735426716	79.98550735426716	0.0	29	0.8317246403205246	1.635255117277301	3.007318421497462	1.9184426749898231	
2	C17H26N3O2	[M - H4O2 + H]+	C17H22N3	0.0	50.906939019420875	50.906939019420875	0.0	25	0.7500000000000001	2.1008334480793214	3.1609729353582114	-133805.8703829262	
2	C17H22N3	[M + H]+	C17H22N3	0.0	50.906939019420875	50.906939019420875	0.0	24	0.7500000000000001	2.1008334480793214	3.1609729353582114	6.906300562687219	
2	C17H24N3O	[M - H2O + H]+	C17H22N3	0.0	50.906939019420875	50.906939019420875	0.0	25	0.7500000000000001	2.1008334480793214	3.1609729353582114	-66899.48204118165	
3	C14H30N3O2S	[M - H4O2 + H]+	C14H26N3S	0.0	45.88831634189593	45.88831634189593	0.0	31	0.8125341467856494	1.202447314666525	5.4064587522205905	-133818.3935882265	
3	C14H26N3S	[M + H]+	C14H26N3S	0.0	45.88831634189593	45.88831634189593	0.0	30	0.8125341467856494	1.202447314666525	5.4064587522205905	-5.616904737813198	
3	C14H28N3OS	[M - H2O + H]+	C14H26N3S	0.0	45.88831634189593	45.88831634189593	0.0	31	0.8125341467856494	1.202447314666525	5.4064587522205905	-66912.00524648215	
