rank	formulaRank	ConfidenceScore	CSI:FingerIDScore	molecularFormula	adduct	InChIkey2D	InChI	name	smiles	xlogp	pubchemids	links	dbflags
1	1	0.05704467519024336	-187.36998741414362	C19H28O3	[M - H4O2 + H]+	NBGCWDAYASHSEK	InChI=1S/C19H28O3/c1-13(12-20)6-8-15-14(2)7-9-16-18(15,3)10-5-11-19(16,4)17(21)22/h6,12,15-16H,2,5,7-11H2,1,3-4H3,(H,21,22)	(1S,4aR,5S,8aR)-1,4a-dimethyl-6-methylidene-5-[(E)-3-methyl-4-oxobut-2-enyl]-3,4,5,7,8,8a-hexahydro-2H-naphthalene-1-carboxylic acid	CC(=CCC1C(=C)CCC2C1(CCCC2(C)C(=O)O)C)C=O	3.9000001	44592589;91885095;91895343;101155075;129317160;132587045;133561832	COCONUT:(CNP0257995);KNApSAcK:(23425);Natural Products:(UNPD106949 UNPD122966 UNPD137136);PubChem:(44592589 91885095 91895343 101155075 129317160 132587045 133561832);PNC:(LTS0155854 LTS0057750 LTS0015954);SuperNatural:(SN00327900 SN00344271 SN00357937);CHEBI:(69972);PubMed	68722655346
2	1	N/A	-244.49050654900878	C19H28O3	[M - H4O2 + H]+	UCZOWTWXCJXISA	InChI=1S/C19H28O3/c1-17(2,21)12-6-7-14-13(10-12)15(20)11-16-18(14,3)8-5-9-19(16,4)22/h6-7,10,15-16,20-22H,5,8-9,11H2,1-4H3	(1R,4aS,9S,10aR)-7-(2-hydroxypropan-2-yl)-1,4a-dimethyl-2,3,4,9,10,10a-hexahydrophenanthrene-1,9-diol	CC12CCCC(C1CC(C3=C2C=CC(=C3)C(C)(C)O)O)(C)O	2.4000001	3009625;101105394	COCONUT:(CNP0278377);Natural Products:(UNPD1905);PubChem:(3009625 101105394);PNC:(LTS0180245 LTS0249399);SuperNatural:(SN00230961);PubMed	68722655298
1	1	N/A	-228.30286800430906	C19H26O2	[M - H2O + H]+	PTQFIYQNKVSVGM	InChI=1S/C19H26O2/c1-12(2)13-6-7-15-14(10-13)16(20)11-17-18(15,3)8-5-9-19(17,4)21/h6-7,10,12,17,21H,5,8-9,11H2,1-4H3	1-hydroxy-1,4a-dimethyl-7-propan-2-yl-3,4,10,10a-tetrahydro-2H-phenanthren-9-one	CC(C)C1=CC2=C(C=C1)C3(CCCC(C3CC2=O)(C)O)C	4.0	10979029;13392644;91884799;101923613;129317141	COCONUT:(CNP0147516);Natural Products:(UNPD60474 UNPD184093 UNPD196318);PubChem:(10979029 13392644 91884799 101923613 129317141);PNC:(LTS0201139 LTS0162978 LTS0108097);SuperNatural:(SN00301994 SN00333142 SN00336152)	68722655234
1	1	N/A	-249.25221627621818	C19H24O	[M + H]+	FITFAFMCWGCVDQ	InChI=1S/C19H24O/c20-19(16-15-18-11-5-2-6-12-18)14-8-7-13-17-9-3-1-4-10-17/h1-6,9-12,19-20H,7-8,13-16H2	null	C1=CC=C(C=C1)CCCCC(CCC2=CC=CC=C2)O	5.0999999	11076452;44560925;129821339	COCONUT:(CNP0196277);Natural Products:(UNPD156073);PubChem:(11076452 44560925 129821339);PNC:(LTS0100915 LTS0155650);SuperNatural:(SN00400878);PubMed	68722655298