rank	molecularFormula	adduct	precursorFormula	ZodiacScore	SiriusScore	TreeScore	IsotopeScore	numExplainedPeaks	explainedIntensity	medianMassErrorFragmentPeaks(ppm)	medianAbsoluteMassErrorFragmentPeaks(ppm)	massErrorPrecursor(ppm)	lipidClass
1	C28H45NO	[M - H2O + H]+	C28H43N	0.9999999999999999	25.540381893204955	22.72133034015725	2.819051553047702	19	0.9060447950896475	2.697189808910382	2.7309313661010592	-45669.85876515232	
1	C28H43N	[M + H]+	C28H43N	0.9999999999999999	25.540381893204955	22.72133034015725	2.819051553047702	18	0.9060447950896475	2.697189808910382	2.7309313661010592	1.9420005354072687	
2	C25H49NOS	[M - H2O + H]+	C25H47NS	0.0	16.917230055103268	16.917230055103268	0.0	20	0.9045242261240982	2.3758819469968717	3.0659411329034363	-45678.40738586879	
2	C25H47NS	[M + H]+	C25H47NS	0.0	16.917230055103268	16.917230055103268	0.0	19	0.9045242261240982	2.3758819469968717	3.0659411329034363	-6.606620181054979	
3	C23H49NO	[M + K]+	C23H49NO	0.0	15.475969641978857	15.475969641978857	0.0	16	0.8987425386358111	2.7309313661010592	2.7309313661010592	7.65660369774751	
4	C26H45N	[M + Na]+	C26H45N	0.0	1.6320730488804216	0.13293194938525055	1.499141099495171	11	0.1114060299512193	2.761521800313966	8.061060621238166	8.042425756304565	
5	C23H49NS	[M + Na]+	C23H49NS	0.0	-0.6491004205904183	-0.6491004205904183	0.0	14	0.1270700241027344	-1.0938330009955521	3.820008258063348	-0.5061949600135376	
6	C25H47O4	[M - H2O + H]+	C25H45O3	0.0	-0.8282499493307931	-2.0695997326406856	1.2413497833098925	12	0.11146447769059063	2.3758819469968717	8.476391576021337	-45663.06253753503	
6	C25H45O3	[M + H]+	C25H45O3	0.0	-0.8282499493307931	-2.0695997326406856	1.2413497833098925	11	0.11146447769059063	2.3758819469968717	8.476391576021337	8.738228152844766	
