rank	molecularFormula	adduct	precursorFormula	ZodiacScore	SiriusScore	TreeScore	IsotopeScore	numExplainedPeaks	explainedIntensity	medianMassErrorFragmentPeaks(ppm)	medianAbsoluteMassErrorFragmentPeaks(ppm)	massErrorPrecursor(ppm)	lipidClass
1	C18H30O3	[M - H2O + H]+	C18H28O2	0.9999999999999999	54.69250014180497	54.69250014180497	0.0	24	0.7160827431979129	-1.4575564211195375	6.2363882696973265	-64967.75048899327	
1	C18H28O2	[M + H]+	C18H28O2	0.9999999999999999	54.69250014180497	54.69250014180497	0.0	23	0.7160827431979129	-1.4575564211195375	6.2363882696973265	1.5288006495838349	
2	C16H28N3O2	[M - H2O + H]+	C16H26N3O	0.0	31.27353516128596	31.27353516128596	0.0	23	0.7091874767051808	-0.14206502192135273	6.24949274666914	-64962.907042198516	
2	C16H26N3O	[M + H]+	C16H26N3O	0.0	31.27353516128596	31.27353516128596	0.0	22	0.7091874767051808	-0.14206502192135273	6.24949274666914	6.372247444549943	
3	C13H30N3OS	[M + H]+	C13H30N3OS	0.0	29.03040683001972	29.03040683001972	0.0	23	0.7148714125978384	-4.926211146170167	6.650539667904909	-5.78837940960995	
3	C13H32N3O2S	[M - H2O + H]+	C13H30N3OS	0.0	29.03040683001972	29.03040683001972	0.0	24	0.7148714125978384	-4.926211146170167	6.650539667904909	-64975.06766905247	
4	C16H32N	[M + K]+	C16H32N	0.0	27.103261149635934	27.103261149635934	0.0	22	0.7091874767051808	-1.1748145475752294	6.106150677719595	-0.009837199846343228	
