rank	molecularFormula	adduct	precursorFormula	ZodiacScore	SiriusScore	TreeScore	IsotopeScore	numExplainedPeaks	explainedIntensity	medianMassErrorFragmentPeaks(ppm)	medianAbsoluteMassErrorFragmentPeaks(ppm)	massErrorPrecursor(ppm)	lipidClass
1	C28H46O4	[M - H2O + H]+	C28H44O3	0.9999999999999999	94.88731661658461	91.53768693867826	3.3496296779063455	34	0.7973296432044279	1.4913949022990258	4.832394928094929	-41947.76460928593	
1	C28H44O3	[M + H]+	C28H44O3	0.9999999999999999	94.88731661658461	91.53768693867826	3.3496296779063455	33	0.7973296432044279	1.4913949022990258	4.832394928094929	1.9352370505588916	
2	C26H44N3O3	[M - H2O + H]+	C26H42N3O2	0.0	77.49984272462507	74.19358018474023	3.3062625398848358	31	0.7740668711197547	1.9339154517894155	4.538704775225194	-41944.63726754084	
2	C26H42N3O2	[M + H]+	C26H42N3O2	0.0	77.49984272462507	74.19358018474023	3.3062625398848358	30	0.7740668711197547	1.9339154517894155	4.538704775225194	5.0625787955105945	
3	C31H44NO	[M - H2O + H]+	C31H42N	0.0	73.94259447105249	73.94259447105249	0.0	31	0.7740668711197547	1.603870172572229	4.7492995098713155	-41954.006966798726	
3	C31H42N	[M + H]+	C31H42N	0.0	73.94259447105249	73.94259447105249	0.0	30	0.7740668711197547	1.603870172572229	4.7492995098713155	-4.30712046237443	
