rank	molecularFormula	adduct	precursorFormula	ZodiacScore	SiriusScore	TreeScore	IsotopeScore	numExplainedPeaks	explainedIntensity	medianMassErrorFragmentPeaks(ppm)	medianAbsoluteMassErrorFragmentPeaks(ppm)	massErrorPrecursor(ppm)	lipidClass
1	C46H76O4	[M + Na]+	C46H76O4	0.9984924623115577	47.29661173125538	41.71132960923996	5.585282122015423	12	0.4026564138413143	0.5987216315744044	3.9026482580155735	-0.3743404907633979	
2	C44H74N3O3	[M + Na]+	C44H74N3O3	0.0010050251256281408	39.312282065310534	33.39612887476003	5.916153190550505	16	0.47780496329954564	-0.08574725932173591	2.848489866686494	1.5020609039905612	
3	C41H76N2O6	[M + Na]+	C41H76N2O6	5.025125628140704E-4	40.61376867320836	34.887450367334374	5.7263183058739875	14	0.45660025632063395	2.122492170103669	4.549393485936101	5.247468121711128	
4	C39H80O9	[M + Na]+	C39H80O9	0.0	39.33122569301561	34.67338483762812	4.657840855387491	12	0.4026564138413143	-1.8897404112362375	4.398883878645028	-8.582178828878503	
5	C37H78N3O8	[M + Na]+	C37H78N3O8	0.0	37.341300580468975	32.266978842033566	5.074321738435408	14	0.422579517651171	-1.9864159813876838	3.209661375812292	-6.705777434283421	
6	C38H78NO9	[M + Na]+	C38H78NO9	0.0	33.96913662365468	29.59016130100531	4.378975322649366	14	0.45660025632063395	2.122492170103669	5.412150208352234	8.992875339272816	
7	C49H74NO	[M + Na]+	C49H74NO	0.0	13.437180376922829	10.911509333844386	2.525671043078443	10	0.13550040778282654	-1.7643435179434257	4.1982687001716235	-4.119747708483964	
