rank	molecularFormula	adduct	precursorFormula	ZodiacScore	SiriusScore	TreeScore	IsotopeScore	numExplainedPeaks	explainedIntensity	medianMassErrorFragmentPeaks(ppm)	medianAbsoluteMassErrorFragmentPeaks(ppm)	massErrorPrecursor(ppm)	lipidClass
1	C20H34O2	[M + Na]+	C20H34O2	0.9999999999999999	121.24739850438851	121.24739850438851	0.0	26	0.6302092192549759	5.603847115302746	5.902035240062386	6.066480634104178	
2	C22H32O2	[M + H]+	C22H32O2	0.0	116.3543314321079	116.3543314321079	0.0	23	0.5259397856778367	5.645286169426995	6.373774872585102	-1.240153233609393	
2	C22H34O3	[M - H2O + H]+	C22H32O2	0.0	116.3543314321079	116.3543314321079	0.0	24	0.5259397856778367	5.645286169426995	6.373774872585102	-54703.513222807676	
3	C15H36N3OS	[M + Na]+	C15H36N3OS	0.0	107.38423159663945	107.38423159663945	0.0	26	0.6302092192549759	5.603847115302746	5.902035240062386	-0.0943754822396073	
4	C20H30N3O	[M + H]+	C20H30N3O	0.0	90.01916970982927	90.01916970982927	0.0	21	0.5062085388671544	6.373774872585102	7.639080154204172	2.8378902982422254	
4	C20H32N3O2	[M - H2O + H]+	C20H30N3O	0.0	90.01916970982927	90.01916970982927	0.0	22	0.5062085388671544	6.373774872585102	7.639080154204172	-54699.43517927599	
5	C17H36N3O2S	[M - H2O + H]+	C17H34N3OS	0.0	88.85986705173597	88.85986705173597	0.0	27	0.5568974315359758	3.4186355394233985	7.105714989508321	-54709.67407892419	
5	C17H34N3OS	[M + H]+	C17H34N3OS	0.0	88.85986705173597	88.85986705173597	0.0	26	0.5568974315359758	3.4186355394233985	7.105714989508321	-7.401009350125826	
6	C20H36N	[M + K]+	C20H36N	0.0	84.29628389277599	84.29628389277599	0.0	20	0.48783806769858845	5.824695049984215	6.696984409652613	-2.535642251110767	
