rank	molecularFormula	adduct	precursorFormula	ZodiacScore	SiriusScore	TreeScore	IsotopeScore	numExplainedPeaks	explainedIntensity	medianMassErrorFragmentPeaks(ppm)	medianAbsoluteMassErrorFragmentPeaks(ppm)	massErrorPrecursor(ppm)	lipidClass
1	C18H34O3S	[M + Na]+	C18H34O3S	0.9768844221105529	108.39239077171824	108.39239077171824	0.0	33	0.6282201405152228	0.01601897236050598	6.606230575393953	-7.98908929886289	
2	C21H30O3	[M + Na]+	C21H30O3	0.021608040201005027	102.69297736315517	102.69297736315517	0.0	23	0.4893149882903983	2.598808790117979	6.9493720561463075	1.5551903553343802	
3	C16H32N3O2S	[M + Na]+	C16H32N3O2S	0.0015075376884422112	101.81883752692539	101.81883752692539	0.0	36	0.7126756440281032	2.352361547822971	5.975755336470057	-4.187705434807307	
4	C19H28N3O2	[M + Na]+	C19H28N3O2	0.0	82.30342044268384	82.30342044268384	0.0	23	0.48931498829039827	4.340991715956859	5.41575172306201	5.356574219389962	
5	C24H28N	[M + Na]+	C24H28N	0.0	66.06257345316534	66.06257345316534	0.0	18	0.4244730679156909	3.740487468379027	6.77780131577013	-6.032594753739886	
