rank	molecularFormula	adduct	precursorFormula	ZodiacScore	SiriusScore	TreeScore	IsotopeScore	numExplainedPeaks	explainedIntensity	medianMassErrorFragmentPeaks(ppm)	medianAbsoluteMassErrorFragmentPeaks(ppm)	massErrorPrecursor(ppm)	lipidClass
1	C18H28O3	[M + Na]+	C18H28O3	0.9999999999999999	62.94890602064019	62.94890602064019	0.0	28	0.771878072763029	0.6375764266447435	5.367992760178484	3.9282565911793887	
2	C21H26N	[M + Na]+	C21H26N	0.0	49.482114480995826	49.482114480995826	0.0	26	0.7547408343868525	0.6375764266447435	5.367992760178484	-4.574676264093361	
3	C15H32O3S	[M + Na]+	C15H32O3S	0.0	49.10701589076041	49.10701589076041	0.0	26	0.7547408343868525	0.6375764266447435	5.367992760178484	-6.7671397446895245	
4	C16H26N3O2	[M + Na]+	C16H26N3O2	0.0	47.90051760499025	47.90051760499025	0.0	27	0.7609917123191462	0.6607011757922667	5.732844660125345	8.188117840350346	
5	C13H30N3O2S	[M + Na]+	C13H30N3O2S	0.0	39.824382479685895	39.824382479685895	0.0	29	0.7949852507374634	-0.40099321452045583	5.3974741019628745	-2.5072784951578795	
