rank	molecularFormula	adduct	precursorFormula	ZodiacScore	SiriusScore	TreeScore	IsotopeScore	numExplainedPeaks	explainedIntensity	medianMassErrorFragmentPeaks(ppm)	medianAbsoluteMassErrorFragmentPeaks(ppm)	massErrorPrecursor(ppm)	lipidClass
1	C22H30O3	[M + Na]+	C22H30O3	0.9999999999999999	114.87397151114166	114.87397151114166	0.0	27	0.6161154759729583	-0.29531477289757024	4.076533180079803	1.8500828556129636	
2	C19H34O3S	[M + Na]+	C19H34O3S	0.0	103.39535441973264	103.39535441973264	0.0	33	0.7476703818746576	0.6365117577167423	3.808043654374548	-7.380588866726417	
3	C17H32N3O2S	[M + Na]+	C17H32N3O2S	0.0	100.70815106080637	100.70815106080637	0.0	38	0.8074182349716792	-0.18710554553457387	5.07950849549749	-3.704111666661988	
4	C20H28N3O2	[M + Na]+	C20H28N3O2	0.0	90.80588367606818	90.80588367606818	0.0	29	0.6429746025945552	0.06534253860066494	3.808043654374548	5.526560055677392	
5	C25H28N	[M + Na]+	C25H28N	0.0	72.99490731515958	72.99490731515958	0.0	23	0.5691576831719349	0.6365117577167423	3.488303369432499	-5.488381227500752	
