rank	molecularFormula	adduct	precursorFormula	ZodiacScore	SiriusScore	TreeScore	IsotopeScore	numExplainedPeaks	explainedIntensity	medianMassErrorFragmentPeaks(ppm)	medianAbsoluteMassErrorFragmentPeaks(ppm)	massErrorPrecursor(ppm)	lipidClass
1	C18H28N3O4	[M + H]+	C18H28N3O4	0.9999999999999999	98.29747695345836	93.78960220252713	4.507874750931219	34	0.7167943429581612	-0.8117982556517831	5.400953772236225	-1.315670122623063	
2	C15H30N2O7	[M + H]+	C15H30N2O7	0.0	87.50875712321148	84.40881801635766	3.0999391068538173	38	0.7631113730111961	-0.8292654128577843	6.032583713805417	6.315204295294957	
3	C20H30O5	[M + H]+	C20H30O5	0.0	85.10053885935969	81.34791573762939	3.752623121730299	22	0.6002357100766056	-5.022861346883233	6.003936289337984	-5.138641182546391	
