rank	molecularFormula	adduct	precursorFormula	ZodiacScore	SiriusScore	TreeScore	IsotopeScore	numExplainedPeaks	explainedIntensity	medianMassErrorFragmentPeaks(ppm)	medianAbsoluteMassErrorFragmentPeaks(ppm)	massErrorPrecursor(ppm)	lipidClass
1	C18H39NO3	[M + H]+	C18H39NO3	0.9999999999999999	82.85527250815295	77.5037685100663	5.351503998086649	21	0.46014492753623165	-1.1476497849634932	6.857037879692823	1.299474842319903	
1	C18H41NO4	[M - H2O + H]+	C18H39NO3	0.9999999999999999	82.85527250815295	77.5037685100663	5.351503998086649	22	0.46014492753623165	-1.1476497849634932	6.857037879692823	-56582.19399197895	
2	C21H37N2	[M + H]+	C21H37N2	0.0	46.512464972629026	44.68174170087925	1.8307232717497768	15	0.3992408557625948	-1.3690904257239345	6.857037879692823	-7.120475642116766	
2	C21H39N2O	[M - H2O + H]+	C21H37N2	0.0	46.512464972629026	44.68174170087925	1.8307232717497768	16	0.3992408557625948	-1.3690904257239345	6.857037879692823	-56590.61394246321	
