rank	molecularFormula	adduct	precursorFormula	ZodiacScore	SiriusScore	TreeScore	IsotopeScore	numExplainedPeaks	explainedIntensity	medianMassErrorFragmentPeaks(ppm)	medianAbsoluteMassErrorFragmentPeaks(ppm)	massErrorPrecursor(ppm)	lipidClass
1	C12H18	[M + H]+	C12H18	0.9999999999999999	6.75364479536596	6.75364479536596	0.0	2	0.2698412698412698	6.3340392287136185	6.3340392287136185	2.9427586610277148	
1	C12H20O	[M - H2O + H]+	C12H18	0.9999999999999999	6.75364479536596	6.75364479536596	0.0	3	0.2698412698412698	6.3340392287136185	6.3340392287136185	-110390.67322292957	
