rank	molecularFormula	adduct	precursorFormula	ZodiacScore	SiriusScore	TreeScore	IsotopeScore	numExplainedPeaks	explainedIntensity	medianMassErrorFragmentPeaks(ppm)	medianAbsoluteMassErrorFragmentPeaks(ppm)	massErrorPrecursor(ppm)	lipidClass
1	C19H28O	[M - H2O + H]+	C19H26	0.9999999999999999	95.28939286163401	95.28939286163401	0.0	19	0.6150185087255423	3.2612480849069287	4.939153350183569	-70569.1587376754	
1	C19H26	[M + H]+	C19H26	0.9999999999999999	95.28939286163401	95.28939286163401	0.0	18	0.6150185087255423	3.2612480849069287	4.939153350183569	2.0436135389788204	
