rank	molecularFormula	adduct	precursorFormula	ZodiacScore	SiriusScore	TreeScore	IsotopeScore	numExplainedPeaks	explainedIntensity	medianMassErrorFragmentPeaks(ppm)	medianAbsoluteMassErrorFragmentPeaks(ppm)	massErrorPrecursor(ppm)	lipidClass
1	C19H34N3O5	[M - H2O + H]+	C19H32N3O4	0.9125628140703519	51.46472918351801	48.55644475615484	2.9082844273631707	18	0.48396946564885485	-2.107048838609656	10.528565612565831	-49043.01660085225	
2	C25H36OS	[M - H2O + H]+	C25H34S	0.034170854271356785	48.247954346646985	48.247954346646985	0.0	13	0.3477862595419846	-3.65124594224236	8.738377867657144	-49039.85954758386	
3	C16H36N2O8	[M - H2O + H]+	C16H34N2O7	0.029145728643216084	48.292419632169285	48.292419632169285	0.0	17	0.40274809160305336	1.1754342549504322	6.883022770643243	-49035.71883827608	
4	C22H40OS2	[M - H2O + H]+	C22H38S2	0.015577889447236183	47.41496230614982	47.41496230614982	0.0	15	0.41374045801526704	-5.253302190853065	7.777260217969657	-49049.03902300085	
5	C21H36O6	[M - H2O + H]+	C21H34O5	0.008542713567839198	45.67240136091121	43.00456108123439	2.667840279676814	12	0.28549618320610676	-2.107048838609656	9.736258792928933	-49046.67268711485	
