rank	molecularFormula	adduct	precursorFormula	ZodiacScore	SiriusScore	TreeScore	IsotopeScore	numExplainedPeaks	explainedIntensity	medianMassErrorFragmentPeaks(ppm)	medianAbsoluteMassErrorFragmentPeaks(ppm)	massErrorPrecursor(ppm)	lipidClass
1	C20H30O4	[M + K]+	C20H30O4	0.9999999999999999	104.61474367332497	104.61474367332497	0.0	31	0.6797030359273499	1.5413572671517417	4.235554925286047	1.6103683828560738	
2	C17H34O4S	[M + K]+	C17H34O4S	0.0	108.41521698619867	108.41521698619867	0.0	35	0.715100092801273	1.2150955671550085	4.268415795169668	-7.4231932897629465	
3	C15H32N3O3S	[M + K]+	C15H32N3O3S	0.0	102.09411121153667	102.09411121153667	0.0	35	0.715100092801273	1.2150955671550085	4.268415795169668	-3.825222901065959	
4	C23H28NO	[M + K]+	C23H28NO	0.0	91.15139131802054	91.15139131802054	0.0	31	0.6840779530690707	1.5413572671517417	4.363775898191916	-5.571391500908965	
5	C18H28N3O3	[M + K]+	C18H28N3O3	0.0	90.49034756791762	90.49034756791762	0.0	34	0.7206681691634629	1.3527096031552437	4.2107760965657866	5.2083387717053835	
