rank	molecularFormula	adduct	precursorFormula	ZodiacScore	SiriusScore	TreeScore	IsotopeScore	numExplainedPeaks	explainedIntensity	medianMassErrorFragmentPeaks(ppm)	medianAbsoluteMassErrorFragmentPeaks(ppm)	massErrorPrecursor(ppm)	lipidClass
1	C9H10O2	[M - H2O + H]+	C9H8O	0.9999999999999999	10.344704230327508	10.344704230327508	0.0	3	0.46341463414634143	9.44499558940808	9.44499558940808	-135347.31972421304	
1	C9H8O	[M + H]+	C9H8O	0.9999999999999999	10.344704230327508	10.344704230327508	0.0	2	0.46341463414634143	9.44499558940808	9.44499558940808	3.98362841648038	
2	C7H6N3	[M + H]+	C7H6N3	0.0	-3.605170185988091	-3.605170185988091	0.0	1	0.0	NaN	NaN	14.074041048197627	
3	C4H10N3S	[M + H]+	C4H10N3S	0.0	-5.214608098422191	-5.214608098422191	0.0	1	0.0	NaN	NaN	-11.260343329743922	
