rank	molecularFormula	adduct	precursorFormula	ZodiacScore	SiriusScore	TreeScore	IsotopeScore	numExplainedPeaks	explainedIntensity	medianMassErrorFragmentPeaks(ppm)	medianAbsoluteMassErrorFragmentPeaks(ppm)	massErrorPrecursor(ppm)	lipidClass
1	C8H18O3	[M + Na]+	C8H18O3	0.6618090452261307	6.476800387754067	6.476800387754067	0.0	4	0.05216138328530259	1.9731291729819187	2.9122437761257265	2.377566065209181	
2	C8H14N3O2	[M + H]+	C8H14N3O2	0.3236180904522613	5.746474343418364	5.746474343418364	0.0	6	0.0994236311239193	2.881116331919262	6.051112970710334	-3.3648239854578326	
2	C8H16N3O3	[M - H2O + H]+	C8H14N3O2	0.3236180904522613	5.746474343418364	5.746474343418364	0.0	7	0.0994236311239193	2.881116331919262	6.051112970710334	-97297.15435375289	
3	C10H18O4	[M - H2O + H]+	C10H16O3	0.01457286432160804	2.8123751783780966	2.8123751783780966	0.0	3	0.02046109510086455	-9.075604846367886	9.075604846367886	-97304.4075863302	
3	C10H16O3	[M + H]+	C10H16O3	0.01457286432160804	2.8123751783780966	2.8123751783780966	0.0	2	0.02046109510086455	-9.075604846367886	9.075604846367886	-10.618056562615358	
4	C6H16N3O2	[M + Na]+	C6H16N3O2	0.0	-2.529917177557787	-2.529917177557787	0.0	3	0.03688760806916427	4.087744421094809	9.87248438914951	9.630798642213172	
