rank	molecularFormula	adduct	precursorFormula	ZodiacScore	SiriusScore	TreeScore	IsotopeScore	numExplainedPeaks	explainedIntensity	medianMassErrorFragmentPeaks(ppm)	medianAbsoluteMassErrorFragmentPeaks(ppm)	massErrorPrecursor(ppm)	lipidClass
1	C11H18O	[M - H2O + H]+	C11H16	0.9999999999999999	13.61411038389757	13.61411038389757	0.0	4	0.6070381231671554	-8.255566186712404	8.255566186712404	-120765.44850383583	
1	C11H16	[M + H]+	C11H16	0.9999999999999999	13.61411038389757	13.61411038389757	0.0	3	0.6070381231671554	-8.255566186712404	8.255566186712404	3.0765082325542075	
