rank	molecularFormula	adduct	precursorFormula	ZodiacScore	SiriusScore	TreeScore	IsotopeScore	numExplainedPeaks	explainedIntensity	medianMassErrorFragmentPeaks(ppm)	medianAbsoluteMassErrorFragmentPeaks(ppm)	massErrorPrecursor(ppm)	lipidClass
1	C24H47NO4	[M + H]+	C24H47NO4	0.9999999999999999	56.9883663508932	56.9883663508932	0.0	25	0.6572995202193285	0.8488132737494956	6.217917548989669	1.8958889521335915	
2	C27H45N2O	[M + H]+	C27H45N2O	0.0	39.87482433380277	39.87482433380277	0.0	18	0.23257939227781582	-3.0251766615828903	6.353316989943439	-4.572122541812717	
