rank	molecularFormula	adduct	precursorFormula	ZodiacScore	SiriusScore	TreeScore	IsotopeScore	numExplainedPeaks	explainedIntensity	medianMassErrorFragmentPeaks(ppm)	medianAbsoluteMassErrorFragmentPeaks(ppm)	massErrorPrecursor(ppm)	lipidClass
1	C20H43O3	[M + H]+	C20H43O3	0.9994974874371858	63.30577535946422	63.30577535946422	0.0	26	0.7524788932432074	3.6194997693770423	7.200156714237876	9.704846515622782	
1	C20H45O4	[M - H2O + H]+	C20H43O3	0.9994974874371858	63.30577535946422	63.30577535946422	0.0	27	0.7524788932432074	3.6194997693770423	7.200156714237876	-54184.834814456946	
2	C23H43NO	[M - H2O + H]+	C23H41N	5.025125628140704E-4	57.030177034520285	57.030177034520285	0.0	25	0.7278083164566947	2.7780830132981533	6.51098750596274	-54192.89927482364	
2	C23H41N	[M + H]+	C23H41N	5.025125628140704E-4	57.030177034520285	57.030177034520285	0.0	24	0.7278083164566947	2.7780830132981533	6.51098750596274	1.6403861487584588	
3	C21H43N	[M + Na]+	C21H43N	0.0	51.520166366446546	51.520166366446546	0.0	26	0.7454301570184896	8.321121676843633	8.617775822813094	8.8792015893595	
