rank	molecularFormula	adduct	precursorFormula	ZodiacScore	SiriusScore	TreeScore	IsotopeScore	numExplainedPeaks	explainedIntensity	medianMassErrorFragmentPeaks(ppm)	medianAbsoluteMassErrorFragmentPeaks(ppm)	massErrorPrecursor(ppm)	lipidClass
1	C24H50N3O7	[M - H4O2 + H]+	C24H46N3O5	0.5618090452261306	112.73977286405697	108.20735548725774	4.53241737679923	39	0.793714904935474	-1.0113444983238988	6.234389879208331	-78759.66618574836	
2	C26H52O8	[M - H4O2 + H]+	C26H48O6	0.42010050251256287	111.10912086811712	107.70484937391707	3.404271494200045	39	0.7650477785439858	-1.1821235274017696	5.521744030936016	-78762.60196827403	
3	C24H50O6	[M + Na]+	C24H50O6	0.017085427135678392	108.67520456456162	103.90197104459818	4.773233519963441	38	0.7715496010245294	-1.1821235274017696	5.025255495227128	2.963666970724194	
4	C22H48N3O5	[M + Na]+	C22H48N3O5	0.0010050251256281408	105.42145182500452	100.98400779749021	4.437444027514318	38	0.7717466259481821	0.20578596838272845	4.623526498176657	5.899449496387291	
5	C29H50NO5	[M - H4O2 + H]+	C29H46NO3	0.0	100.26551554306756	100.26551554306756	0.0	34	0.7014087282041178	-0.9670954243486073	5.932130421601346	-78768.46196235169	
6	C27H48NO3	[M + Na]+	C27H48NO3	0.0	99.74114795546112	97.47831986278942	2.2628280926716924	36	0.7512560338882869	-1.1821235274017696	6.144986541885958	-2.8963271069393186	
7	C30H46N2	[M + Na]+	C30H46N2	0.0	88.45993062626275	88.45993062626275	0.0	31	0.6916559944833021	-0.6344788819286664	5.932130421601346	-8.75632118460283	
