rank	molecularFormula	adduct	precursorFormula	ZodiacScore	SiriusScore	TreeScore	IsotopeScore	numExplainedPeaks	explainedIntensity	medianMassErrorFragmentPeaks(ppm)	medianAbsoluteMassErrorFragmentPeaks(ppm)	massErrorPrecursor(ppm)	lipidClass
1	C30H60O10	[M + Na]+	C30H60O10	0.935678391959799	8.472465229296	3.212483426193156	5.2599818031028445	1	0.0	0.8802991631504917	0.8802991631504917	0.6230461122497859	
2	C28H58N3O9	[M + Na]+	C28H58N3O9	0.06432160804020101	5.806945891086595	0.5643456353101648	5.242600255776431	7	0.13399412628487511	-2.153798368827374	3.1054654018660792	2.848212923396681	
3	C36H56N2O4	[M + Na]+	C36H56N2O4	0.0	0.14090947993294978	0.14090947993294978	0.0	1	0.0	-8.002825433878446	8.002825433878446	-8.260080769992067	
4	C33H58NO7	[M + Na]+	C33H58NO7	0.0	-1.650260326489211	-3.931252227338349	2.2809919008491377	1	0.0	-3.5612631355523847	3.5612631355523847	-3.8185173290595484	
5	C40H54NO2	[M + Na]+	C40H54NO2	0.0	-4.22675531152505	-4.22675531152505	0.0	1	0.0	6.172157877736451	6.172157877736451	5.914906188183743	
