rank	molecularFormula	adduct	precursorFormula	ZodiacScore	SiriusScore	TreeScore	IsotopeScore	numExplainedPeaks	explainedIntensity	medianMassErrorFragmentPeaks(ppm)	medianAbsoluteMassErrorFragmentPeaks(ppm)	massErrorPrecursor(ppm)	lipidClass
1	C19H28	[M + H]+	C19H28	0.9999999999999999	63.82062919335574	63.82062919335574	0.0	26	0.8362283495918772	0.7505682612616862	4.694221979668459	2.5543131411593354	
1	C19H30O	[M - H2O + H]+	C19H28	0.9999999999999999	63.82062919335574	63.82062919335574	0.0	27	0.8362283495918772	0.7505682612616862	4.694221979668459	-70015.60970666021	
