rank	molecularFormula	adduct	precursorFormula	ZodiacScore	SiriusScore	TreeScore	IsotopeScore	numExplainedPeaks	explainedIntensity	medianMassErrorFragmentPeaks(ppm)	medianAbsoluteMassErrorFragmentPeaks(ppm)	massErrorPrecursor(ppm)	lipidClass
1	C22H32O3	[M + H]+	C22H32O3	0.9999999999999999	72.18174449656357	72.18174449656357	0.0	23	0.770494262356559	2.292931237186487	4.398962008750011	1.3780848412715372	
2	C19H36O3S	[M + H]+	C19H36O3S	0.0	42.65177497908451	42.65177497908451	0.0	26	0.7902947573689343	0.49613286306535054	5.43755308291818	-8.386425966176406	
3	C17H34N3O2S	[M + H]+	C17H34N3O2S	0.0	40.860871985925066	40.860871985925066	0.0	26	0.7902947573689345	1.9288958753941932	4.209221678344257	-4.4973264041283185	
4	C20H30N3O2	[M + H]+	C20H30N3O2	0.0	40.811038111600304	40.811038111600304	0.0	21	0.7594689867246683	3.725607234232028	5.269173646152677	5.267184403319624	
5	C25H30N	[M + H]+	C25H30N	0.0	38.4661137535937	38.4661137535937	0.0	20	0.7557188929723245	3.0092692357092576	5.427576773652394	-6.3847859447197415	
