rank	molecularFormula	adduct	precursorFormula	ZodiacScore	SiriusScore	TreeScore	IsotopeScore	numExplainedPeaks	explainedIntensity	medianMassErrorFragmentPeaks(ppm)	medianAbsoluteMassErrorFragmentPeaks(ppm)	massErrorPrecursor(ppm)	lipidClass
1	C24H50O5	[M + Na]+	C24H50O5	0.9577889447236183	9.831482998156769	4.606575015413043	5.224907982743726	4	0.09977011494252874	1.4715655345687353	5.266998454287083	1.915945952330709	
2	C27H48NO2	[M + Na]+	C27H48NO2	0.02914572864321608	6.684914844995487	4.13280201318629	2.552112831809197	4	0.09977011494252874	-2.497496523678008	4.834383497256433	-4.156423431680018	
3	C22H48N3O4	[M + Na]+	C22H48N3O4	0.013065326633165831	5.476000825244173	0.4005806645505201	5.075420160693653	5	0.13425287356321838	-1.085504809875086	5.205058749527326	4.958125806021869	
