rank	molecularFormula	adduct	precursorFormula	ZodiacScore	SiriusScore	TreeScore	IsotopeScore	numExplainedPeaks	explainedIntensity	medianMassErrorFragmentPeaks(ppm)	medianAbsoluteMassErrorFragmentPeaks(ppm)	massErrorPrecursor(ppm)	lipidClass
1	C2H6N2OS	[M + K]+	C2H6N2OS	0.9999999999999999	19.281518581353136	19.281518581353136	0.0	5	0.6578933831724421	1.0310427933864375	4.4275112361306	-4.607867310015601	
2	C5H2N2S	[M + Na]+	C5H2N2S	0.0	-0.8244300714379642	-0.8244300714379642	0.0	1	0.0	-3.3780887538206277	3.3780887538206277	-3.558444638436748	
3	C4H4NO4S	[M - H2O + H]+	C4H2NO3S	0.0	-4.2520019969421945	-4.2520019969421945	0.0	3	0.0013717185919308653	0.12703983679266828	1.6125704489007617	-124227.38629881426	
3	C4H2NO3S	[M + H]+	C4H2NO3S	0.0	-4.2520019969421945	-4.2520019969421945	0.0	2	0.0013717185919308653	0.12703983679266828	1.6125704489007617	-1.6658861553913693	
