rank	molecularFormula	adduct	precursorFormula	ZodiacScore	SiriusScore	TreeScore	IsotopeScore	numExplainedPeaks	explainedIntensity	medianMassErrorFragmentPeaks(ppm)	medianAbsoluteMassErrorFragmentPeaks(ppm)	massErrorPrecursor(ppm)	lipidClass
1	C21H36O6	[M + Na]+	C21H36O6	0.9869346733668344	11.676121503155814	5.45799961298296	6.218121890172854	2	0.5068493150684932	10.829319980688549	10.829319980688549	1.6540140629658207	
2	C19H34N3O5	[M + Na]+	C19H34N3O5	0.01256281407035176	7.5811527275579245	2.3299222867970597	5.251230440760865	2	0.5068493150684932	9.07091174274544	9.07091174274544	4.951038983807266	
3	C24H34NO3	[M + Na]+	C24H34NO3	5.025125628140704E-4	4.4706126532391695	0.25231603650806544	4.218296616731104	2	0.5068493150684932	9.07091174274544	9.07091174274544	-4.927041019410804	
