rank	molecularFormula	adduct	precursorFormula	ZodiacScore	SiriusScore	TreeScore	IsotopeScore	numExplainedPeaks	explainedIntensity	medianMassErrorFragmentPeaks(ppm)	medianAbsoluteMassErrorFragmentPeaks(ppm)	massErrorPrecursor(ppm)	lipidClass
1	C19H28O4	[M - H4O2 + H]+	C19H24O2	0.9999999999999999	46.73492133231683	46.73492133231683	0.0	19	0.7007595310080379	1.4528130896043903	4.929167497071116	-126306.37389867651	
1	C19H26O3	[M - H2O + H]+	C19H24O2	0.9999999999999999	46.73492133231683	46.73492133231683	0.0	19	0.7007595310080379	1.4528130896043903	4.929167497071116	-63152.47410097659	
1	C19H24O2	[M + H]+	C19H24O2	0.9999999999999999	46.73492133231683	46.73492133231683	0.0	18	0.7007595310080379	1.4528130896043903	4.929167497071116	1.4256967231135178	
2	C17H22N3O	[M + H]+	C17H22N3O	0.0	23.905618344378887	23.905618344378887	0.0	20	0.7264950962318414	2.3853570192491222	5.144378232054086	6.1338073395343775	
2	C17H26N3O3	[M - H4O2 + H]+	C17H22N3O	0.0	23.905618344378887	23.905618344378887	0.0	21	0.7264950962318414	2.3853570192491222	5.144378232054086	-126301.66578806008	
2	C17H24N3O2	[M - H2O + H]+	C17H22N3O	0.0	23.905618344378887	23.905618344378887	0.0	21	0.7264950962318414	2.3853570192491222	5.144378232054086	-63147.76599036037	
3	C14H26N3OS	[M + H]+	C14H26N3OS	0.0	19.688202310324684	19.688202310324684	0.0	23	0.7528943293267459	0.1804596537004917	5.732778269304956	-5.687025802249608	
3	C14H28N3O2S	[M - H2O + H]+	C14H26N3OS	0.0	19.688202310324684	19.688202310324684	0.0	24	0.7528943293267459	0.1804596537004917	5.732778269304956	-63159.58682350195	
3	C14H30N3O3S	[M - H4O2 + H]+	C14H26N3OS	0.0	19.688202310324684	19.688202310324684	0.0	24	0.7528943293267459	0.1804596537004917	5.732778269304956	-126313.48662120166	
