rank	molecularFormula	adduct	precursorFormula	ZodiacScore	SiriusScore	TreeScore	IsotopeScore	numExplainedPeaks	explainedIntensity	medianMassErrorFragmentPeaks(ppm)	medianAbsoluteMassErrorFragmentPeaks(ppm)	massErrorPrecursor(ppm)	lipidClass
1	C8H20NO	[M + K]+	C8H20NO	0.9859296482412061	8.90041810411218	8.90041810411218	0.0	2	1.0	11.21519096197157	11.21519096197157	0.4401381636088945	
2	C11H16N	[M + Na]+	C11H16N	0.010050251256281409	4.2401997603625174	4.2401997603625174	0.0	2	1.0	12.20275072594185	12.20275072594185	1.2620367518167201	
3	C10H16O3	[M + H]+	C10H16O3	0.004020100502512564	3.5	3.5	0.0	1	0.0	NaN	NaN	2.7442718773219745	
4	C8H14N3O2	[M + H]+	C8H14N3O2	0.0	-3.605170185988091	-3.605170185988091	0.0	1	0.0	NaN	NaN	9.997407535432645	
