rank	molecularFormula	adduct	precursorFormula	ZodiacScore	SiriusScore	TreeScore	IsotopeScore	numExplainedPeaks	explainedIntensity	medianMassErrorFragmentPeaks(ppm)	medianAbsoluteMassErrorFragmentPeaks(ppm)	massErrorPrecursor(ppm)	lipidClass
1	C36H58N2O5	[M + Na]+	C36H58N2O5	0.9864321608040201	35.96178067596588	34.75983966568215	1.201941010283734	14	0.4508881922675025	1.2004360144426727	1.3291920143376963	-7.028527255345329	
2	C28H60N3O10	[M + Na]+	C28H60N3O10	0.013567839195979897	31.35774733490205	26.843687048728846	4.514060286173207	14	0.4508881922675025	1.2004360144426727	1.3291920143376963	3.757804358686296	
3	C30H62O11	[M + Na]+	C30H62O11	0.0	26.14390010131278	21.172505530364724	4.971394570948058	10	0.34221525600835945	1.2004360144426727	1.4767717868712302	1.5971316408680114	
4	C33H60NO8	[M + Na]+	C33H60NO8	0.0	23.774859162407843	19.50452564574183	4.270333516666016	11	0.3683385579937304	1.183800426814218	1.3386039006569515	-2.715697807055712	
5	C40H56NO3	[M + Na]+	C40H56NO3	0.0	13.524768464601692	13.524768464601692	0.0	7	0.23354231974921624	0.30075352938982647	1.3219683130284967	6.73561278024822	
6	C43H54N2	[M + Na]+	C43H54N2	0.0	1.0	1.0	0.0	1	0.0	NaN	NaN	2.4227833319586027	
