rank	molecularFormula	adduct	precursorFormula	ZodiacScore	SiriusScore	TreeScore	IsotopeScore	numExplainedPeaks	explainedIntensity	medianMassErrorFragmentPeaks(ppm)	medianAbsoluteMassErrorFragmentPeaks(ppm)	massErrorPrecursor(ppm)	lipidClass
1	C20H32O	[M - H2O + H]+	C20H30	0.9999999999999999	70.33078880436241	70.33078880436241	0.0	27	0.8518703352519106	1.3694946903909737	3.9673964043098517	-66397.82302224245	
1	C20H30	[M + H]+	C20H30	0.9999999999999999	70.33078880436241	70.33078880436241	0.0	26	0.8518703352519106	1.3694946903909737	3.9673964043098517	2.366622517688986	
2	C17H34S	[M + H]+	C17H34S	0.0	60.82772003152469	60.82772003152469	0.0	26	0.8518703352519105	1.1345101356370582	4.441260447014846	-10.061835026097985	
2	C17H36OS	[M - H2O + H]+	C17H34S	0.0	60.82772003152469	60.82772003152469	0.0	27	0.8518703352519105	1.1345101356370582	4.441260447014846	-66410.25147978622	
