rank	molecularFormula	adduct	precursorFormula	ZodiacScore	SiriusScore	TreeScore	IsotopeScore	numExplainedPeaks	explainedIntensity	medianMassErrorFragmentPeaks(ppm)	medianAbsoluteMassErrorFragmentPeaks(ppm)	massErrorPrecursor(ppm)	lipidClass
1	C17H28N2O7	[M + H]+	C17H28N2O7	0.9698492462311558	45.754310443734255	44.25149214671159	1.5028182970226653	18	0.3830911492734478	0.16417081143723958	4.046469844352927	5.221152323988753	
1	C17H30N2O8	[M - H2O + H]+	C17H28N2O7	0.9698492462311558	45.754310443734255	44.25149214671159	1.5028182970226653	19	0.3830911492734478	0.16417081143723958	4.046469844352927	-48254.74379345155	
2	C20H26N3O4	[M + H]+	C20H26N3O4	0.029648241206030154	42.53018163046234	42.53018163046234	0.0	20	0.4808454425363275	1.0932013679466484	6.3177080989085415	-1.9602090649287807	
2	C20H28N3O5	[M - H2O + H]+	C20H26N3O4	0.029648241206030154	42.53018163046234	42.53018163046234	0.0	21	0.4808454425363275	1.0932013679466484	6.3177080989085415	-48261.92515484031	
3	C18H28N3O4	[M + Na]+	C18H28N3O4	5.025125628140704E-4	35.54016811943811	34.91625286537769	0.6239152540604109	19	0.39894319682959045	0.11573013764151933	5.085553286273236	4.4859196705076565	
4	C20H30O5	[M + Na]+	C20H30O5	0.0	34.602066885700026	34.11690611350261	0.48516077219741893	13	0.310247216455935	6.721619307923506	7.387144259341907	0.8881489227388817	
5	C23H28NO2	[M + Na]+	C23H28NO2	0.0	34.2063602708502	34.2063602708502	0.0	14	0.3238346857897716	3.1539356626959933	4.814716283681507	-6.293212466178652	
6	C22H30O6	[M - H2O + H]+	C22H28O5	0.0	31.551892989317828	31.551892989317828	0.0	12	0.2851481411587091	3.000574248941384	4.2107760965657866	-48265.52292558823	
6	C22H28O5	[M + H]+	C22H28O5	0.0	31.551892989317828	31.551892989317828	0.0	11	0.2851481411587091	3.000574248941384	4.2107760965657866	-5.557979812697556	
