rank	molecularFormula	adduct	precursorFormula	ZodiacScore	SiriusScore	TreeScore	IsotopeScore	numExplainedPeaks	explainedIntensity	medianMassErrorFragmentPeaks(ppm)	medianAbsoluteMassErrorFragmentPeaks(ppm)	massErrorPrecursor(ppm)	lipidClass
1	C28H46O	[M - H2O + H]+	C28H44	0.9999999999999999	53.45881567127184	53.45881567127184	0.0	23	0.7233812706771998	0.9311747244753098	5.246352680501459	-47226.95283625269	
1	C28H44	[M + H]+	C28H44	0.9999999999999999	53.45881567127184	53.45881567127184	0.0	22	0.7233812706771998	0.9311747244753098	5.246352680501459	1.2312192833327436	
2	C25H48S	[M + H]+	C25H48S	0.0	43.68584533166965	43.68584533166965	0.0	28	0.8205387887381004	0.5449351269442743	5.52288467269128	-7.6087175233929845	
2	C25H50OS	[M - H2O + H]+	C25H48S	0.0	43.68584533166965	43.68584533166965	0.0	29	0.8205387887381004	0.5449351269442743	5.52288467269128	-47235.79277305941	
3	C26H46	[M + Na]+	C26H46	0.0	5.708076557197767	5.708076557197767	0.0	12	0.26264263047734804	6.6850973279305554	7.41182193363839	7.5395320785230755	
