rank	molecularFormula	adduct	precursorFormula	ZodiacScore	SiriusScore	TreeScore	IsotopeScore	numExplainedPeaks	explainedIntensity	medianMassErrorFragmentPeaks(ppm)	medianAbsoluteMassErrorFragmentPeaks(ppm)	massErrorPrecursor(ppm)	lipidClass
1	C26H50O10	[M + Na]+	C26H50O10	0.9964824120603014	9.964912736590243	3.473090395673669	6.491822340916574	1	0.0	0.33282595127744286	0.33282595127744286	0.4311329855169792	
2	C24H48N3O9	[M + Na]+	C24H48N3O9	0.0035175879396984926	4.009679994235586	-2.1025883580422864	6.112268352277872	7	0.1766304347826087	2.451214644693892	2.7949763783237507	2.8932831705165003	
3	C29H48NO7	[M + Na]+	C29H48NO7	0.0	0.10934167681933182	-4.040849325258907	4.150191002078238	1	0.0	-4.581770683725702	4.581770683725702	-4.483463166346586	
