rank	molecularFormula	adduct	precursorFormula	ZodiacScore	SiriusScore	TreeScore	IsotopeScore	numExplainedPeaks	explainedIntensity	medianMassErrorFragmentPeaks(ppm)	medianAbsoluteMassErrorFragmentPeaks(ppm)	massErrorPrecursor(ppm)	lipidClass
1	C14H20O	[M - H2O + H]+	C14H18	0.9999999999999999	15.628281244676575	15.628281244676575	0.0	5	0.8220858895705522	8.459903676370711	9.75914602148938	-96235.3726375588	
1	C14H18	[M + H]+	C14H18	0.9999999999999999	15.628281244676575	15.628281244676575	0.0	4	0.8220858895705522	8.459903676370711	9.75914602148938	1.4376238611105003	
