rank	molecularFormula	adduct	precursorFormula	ZodiacScore	SiriusScore	TreeScore	IsotopeScore	numExplainedPeaks	explainedIntensity	medianMassErrorFragmentPeaks(ppm)	medianAbsoluteMassErrorFragmentPeaks(ppm)	massErrorPrecursor(ppm)	lipidClass
1	C34H67NO5	[M - H4O2 + H]+	C34H63NO3	0.9999999999999999	73.65070665395777	73.65070665395777	0.0	23	0.6092255476704718	-0.7202570433387352	5.0119572746239935	-67392.56996057683	
1	C34H65NO4	[M - H2O + H]+	C34H63NO3	0.9999999999999999	73.65070665395777	73.65070665395777	0.0	23	0.6092255476704718	-0.7202570433387352	5.0119572746239935	-33695.755078292685	
1	C34H63NO3	[M + H]+	C34H63NO3	0.9999999999999999	73.65070665395777	73.65070665395777	0.0	22	0.6092255476704718	-0.7202570433387352	5.0119572746239935	1.059803991244481	
2	C37H61N2	[M + H]+	C37H61N2	0.0	62.3579036324347	62.3579036324347	0.0	18	0.5666460968836777	0.9723190762606488	5.923809696272048	-3.954476595097283	
2	C37H65N2O2	[M - H4O2 + H]+	C37H61N2	0.0	62.3579036324347	62.3579036324347	0.0	19	0.5666460968836777	0.9723190762606488	5.923809696272048	-67397.58424116296	
2	C37H63N2O	[M - H2O + H]+	C37H61N2	0.0	62.3579036324347	62.3579036324347	0.0	19	0.5666460968836777	0.9723190762606488	5.923809696272048	-33700.76935887903	
