rank	molecularFormula	adduct	precursorFormula	ZodiacScore	SiriusScore	TreeScore	IsotopeScore	numExplainedPeaks	explainedIntensity	medianMassErrorFragmentPeaks(ppm)	medianAbsoluteMassErrorFragmentPeaks(ppm)	massErrorPrecursor(ppm)	lipidClass
1	C24H50O7	[M + Na]+	C24H50O7	0.9914572864321608	51.794769915808295	49.43212337262993	2.3626465431783616	21	0.7100952380952382	2.536379461141895	3.733458582431211	2.6624950271864964	
2	C28H50O2S	[M + Na]+	C28H50O2S	0.008040201005025126	46.80599940538	46.80599940538	0.0	21	0.7177142857142859	1.9042712068272345	4.417783215074717	7.9484788250083	
3	C22H48N3O6	[M + Na]+	C22H48N3O6	5.025125628140704E-4	42.133910173158554	39.552783429608645	2.5811267435499072	20	0.7066666666666668	3.133672169506676	3.133672169506676	5.499074648206709	
4	C23H52N3OS2	[M + Na]+	C23H52N3OS2	0.0	43.96252167646691	43.96252167646691	0.0	22	0.7226666666666668	-2.153215642866735	3.592328972289057	3.663149654006606	
5	C26H48N3OS	[M + Na]+	C26H48N3OS	0.0	35.53738899034123	35.53738899034123	0.0	23	0.7699047619047621	1.1306847809157228	3.2542938308044236	10.7850584461486	
6	C27H48NO4	[M + Na]+	C27H48NO4	0.0	31.606990968797003	31.606990968797003	0.0	19	0.6742857142857144	2.536379461141895	4.493048828407851	-2.9994842355988367	
