rank	formulaRank	ConfidenceScore	CSI:FingerIDScore	molecularFormula	adduct	InChIkey2D	InChI	name	smiles	xlogp	pubchemids	links	dbflags
1	1	0.5090367840045367	-18.24143387523613	C20H18O11	[M + H]+	PZZRDJXEMZMZFD	InChI=1S/C20H18O11/c21-8-4-11(24)14-13(5-8)30-18(7-1-2-9(22)10(23)3-7)19(16(14)27)31-20-17(28)15(26)12(25)6-29-20/h1-5,12,15,17,20-26,28H,6H2	Reinutrin	C1C(C(C(C(O1)OC2=C(OC3=CC(=CC(=C3C2=O)O)O)C4=CC(=C(C=C4)O)O)O)O)O	0.400000006	5878729;5317847;5320830;5320861;5320863;5481217;5481224;12309863;12309864;12309865;10274530;11972441;21550891;21722017;26202188;44259215;44259216;44259270;51652818;69916646;89313627;121540514;135397965	PNC:(LTS0159794 LTS0119144);SuperNatural:(SN00387238 SN00032655 SN00014154 SN00020871 SN00159604 SN00162006 SN00143407 SN00387269 SN00265715 SN00159013 SN00027335 SN00020872);ZINC bio:(ZINC06569127 ZINC14684624 ZINC14684626 ZINC15657718 ZINC25763680 ZINC28367529 ZINC35454808);additional;MeSH:(5320861 5320863 5481224 12309863 44259215);PubMed;NORMAN:(NS00015850);COCONUT:(CNP0388516 CNP0400870);KNApSAcK:(5368);Natural Products:(UNPD187630 UNPD62145 UNPD88032 UNPD134777 UNPD195242 UNPD9000 UNPD48907 UNPD184306);PubChem:(5878729 5317847 5320830 5320861 5320863 5481217 5481224 12309863 12309864 12309865 10274530 11972441 21550891 21722017 26202188 44259215 44259216 44259270 51652818 69916646 89313627 121540514 135397965);YMDB Mine;CHEBI:(69456 141135);Training Set;Biocyc:(CPD-21621)	103083206774
2	1	N/A	-85.18159534017265	C20H18O11	[M + H]+	BDCDNTVZSILEOY	InChI=1S/C20H18O11/c21-6-13-15(26)17(28)20(30-13)31-19-16(27)14-11(25)4-8(22)5-12(14)29-18(19)7-1-2-9(23)10(24)3-7/h1-5,13,15,17,20-26,28H,6H2	Avicularin	C1=CC(=C(C=C1C2=C(C(=O)C3=C(C=C(C=C3O2)O)O)OC4C(C(C(O4)CO)O)O)O)O	1.0	5320668;5321278;5488539;5490064;12047348;12308704;12308707;12308708;10252339;11968848;44144273;53675843;66966464;71405126;138107389	HMDB:(30860 33795);PNC:(LTS0145172 LTS0082023);SuperNatural:(SN00361053 SN00307058 SN00158568 SN00159011 SN00037401 SN00159012 SN00286354);ZINC bio:(ZINC28540146);additional;MeSH:(5490064 10252339 12308704 138107389);PubMed;NORMAN:(NS00049834);COCONUT:(CNP0204276 CNP0418450);KNApSAcK:(5367);Natural Products:(UNPD75892 UNPD95292 UNPD220006 UNPD57414 UNPD161554 UNPD148247 UNPD166643 UNPD151156);PubChem:(5320668 5321278 5488539 5490064 12047348 12308704 12308707 12308708 10252339 11968848 44144273 53675843 66966464 71405126 138107389);CHEBI:(65460 69457);PubChem class - bio and metabolites;Training Set	68740243582