rank	molecularFormula	adduct	precursorFormula	ZodiacScore	SiriusScore	TreeScore	IsotopeScore	numExplainedPeaks	explainedIntensity	medianMassErrorFragmentPeaks(ppm)	medianAbsoluteMassErrorFragmentPeaks(ppm)	massErrorPrecursor(ppm)	lipidClass
1	C19H20O4	[M + Na]+	C19H20O4	0.9512562814070352	11.402061889505541	6.1196022925779	5.282459596927641	3	0.06458443620963472	4.469890847505051	4.469890847505051	2.645300934777498	
2	C17H18N3O3	[M + Na]+	C17H18N3O3	0.04874371859296483	8.351424018793278	4.203691087855221	4.147732930938057	7	0.2170460561143462	4.983328896026065	5.220788511721876	6.651802766794781	
3	C22H18NO	[M + Na]+	C22H18NO	0.0	-1.8286272760216722	-4.223623359558055	2.394996083536383	1	0.0	-6.146631686419837	6.146631686419837	-5.3519116661342	
