rank	molecularFormula	adduct	precursorFormula	ZodiacScore	SiriusScore	TreeScore	IsotopeScore	numExplainedPeaks	explainedIntensity	medianMassErrorFragmentPeaks(ppm)	medianAbsoluteMassErrorFragmentPeaks(ppm)	massErrorPrecursor(ppm)	lipidClass
1	C40H58O7	[M + Na]+	C40H58O7	0.9984924623115577	87.2884822619918	87.2884822619918	0.0	36	0.7317322432294326	-0.20423380568855645	4.752240889596975	0.75788124484976	
2	C35H58N2O9	[M + Na]+	C35H58N2O9	0.0015075376884422112	83.76128955594918	83.76128955594918	0.0	36	0.7317322432294326	-0.20423380568855645	4.752240889596975	6.731614981387785	
3	C38H56N3O6	[M + Na]+	C38H56N3O6	0.0	75.29734697466374	75.29734697466374	0.0	36	0.7317322432294326	-0.20423380568855645	4.752240889596975	2.7517453353499794	
4	C43H56NO4	[M + Na]+	C43H56NO4	0.0	75.19718235630302	75.19718235630302	0.0	36	0.7317322432294326	-0.20423380568855645	4.752240889596975	-3.221988401188045	
5	C46H54N2O	[M + Na]+	C46H54N2O	0.0	72.45491365276077	72.45491365276077	0.0	34	0.7248339294839039	-0.8174340752830823	5.127162636866892	-7.201858047563497	
6	C33H62O12	[M + Na]+	C33H62O12	0.0	71.04612018250234	71.04612018250234	0.0	37	0.7394822006472491	0.3754995435045122	4.939701763231934	-7.9637676345871995	
7	C31H60N3O11	[M + Na]+	C31H60N3O11	0.0	61.85058559169781	61.85058559169781	0.0	37	0.7394822006472491	0.3754995435045122	4.939701763231934	-5.969903544086979	
