rank	molecularFormula	adduct	precursorFormula	ZodiacScore	SiriusScore	TreeScore	IsotopeScore	numExplainedPeaks	explainedIntensity	medianMassErrorFragmentPeaks(ppm)	medianAbsoluteMassErrorFragmentPeaks(ppm)	massErrorPrecursor(ppm)	lipidClass
1	C13H14O	[M + H]+	C13H14O	0.9999999999999999	41.0698890925511	37.94399714278083	3.1258919497702715	7	0.31572164948453607	2.761521800313966	3.2450324407703857	2.8681996218647146	
1	C13H16O2	[M - H2O + H]+	C13H14O	0.9999999999999999	41.0698890925511	37.94399714278083	3.1258919497702715	8	0.31572164948453607	2.761521800313966	3.2450324407703857	-96252.51844681884	
2	C11H12N3	[M + H]+	C11H12N3	0.0	23.61551770288316	22.39528348548028	1.2202342174028802	8	0.33848797250859103	6.435574667340013	9.69263145769951	10.044019471620182	
2	C11H14N3O	[M - H2O + H]+	C11H12N3	0.0	23.61551770288316	22.39528348548028	1.2202342174028802	9	0.33848797250859103	6.435574667340013	9.69263145769951	-96245.34262696908	
