rank	molecularFormula	adduct	precursorFormula	ZodiacScore	SiriusScore	TreeScore	IsotopeScore	numExplainedPeaks	explainedIntensity	medianMassErrorFragmentPeaks(ppm)	medianAbsoluteMassErrorFragmentPeaks(ppm)	massErrorPrecursor(ppm)	lipidClass
1	C9H22N3O4	[M + Na]+	C9H22N3O4	0.9989949748743717	16.650099586609073	14.216979013353697	2.4331205732553762	7	0.29902642559109877	-3.000036003966847	5.605566509032735	6.181984405343935	
2	C11H24O5	[M + Na]+	C11H24O5	0.0010050251256281408	9.203818956096589	6.003353510329129	3.2004654457674597	3	0.10570236439499306	4.904994576939623	7.884814433465963	1.0009140039271276	
