rank	molecularFormula	adduct	precursorFormula	ZodiacScore	SiriusScore	TreeScore	IsotopeScore	numExplainedPeaks	explainedIntensity	medianMassErrorFragmentPeaks(ppm)	medianAbsoluteMassErrorFragmentPeaks(ppm)	massErrorPrecursor(ppm)	lipidClass
1	C31H48O8	[M + Na]+	C31H48O8	0.9969849246231156	137.32757369764255	133.0519501348844	4.27562356275814	30	0.6801396081963521	-0.03158904525394851	4.932140131496252	0.15913289378904685	
2	C29H46N3O7	[M + Na]+	C29H46N3O7	0.003015075376884423	133.41200876120737	129.89289918322442	3.5191095779829737	35	0.7633415897320422	-0.9670954243486073	4.832394928094929	2.509259020594861	
3	C22H50N3O12	[M + Na]+	C22H50N3O12	0.0	131.2822379550702	131.2822379550702	0.0	38	0.8035352398108533	-1.942963658551804	4.767623556599024	-7.7707670845190435	
4	C26H48N2O10	[M + Na]+	C26H48N2O10	0.0	126.86918742029663	126.84113608817029	0.028051332126336703	34	0.7333933798693988	0.1397254557757072	4.932140131496252	7.200248582520483	
5	C34H46NO5	[M + Na]+	C34H46NO5	0.0	126.34842381882295	121.79210142738785	4.556322391435101	30	0.6801396081963521	-0.3933178853240578	4.983257265311867	-4.531856668335563	
6	C41H42N	[M + Na]+	C41H42N	0.0	91.69847788984444	88.21020344761321	3.4882744422312286	22	0.588493582526458	-0.3933178853240578	6.071339314857813	5.748169436778341	
