rank	molecularFormula	adduct	precursorFormula	ZodiacScore	SiriusScore	TreeScore	IsotopeScore	numExplainedPeaks	explainedIntensity	medianMassErrorFragmentPeaks(ppm)	medianAbsoluteMassErrorFragmentPeaks(ppm)	massErrorPrecursor(ppm)	lipidClass
1	C10H14N3O7	[M + Na]+	C10H14N3O7	0.9974874371859296	9.982761355717791	9.982761355717791	0.0	17	0.26977348681767543	-0.7821937003661789	4.487752676719141	6.572443368289971	
2	C12H16O8	[M + Na]+	C12H16O8	0.0015075376884422112	4.8051465181167625	4.8051465181167625	0.0	3	0.033048644634236915	14.483734140330464	14.483734140330464	2.2561646022378503	
3	C11H18N3O2S2	[M + Na]+	C11H18N3O2S2	0.0010050251256281408	2.7056925843657282	2.7056925843657282	0.0	11	0.2668028221314519	0.2789910542667814	3.650200432874276	3.7788097930248834	
4	C7H18N3O7S	[M + Na]+	C7H18N3O7S	0.0	2.702804943922523	2.702804943922523	0.0	13	0.2562198291867805	-4.393212975670951	6.126364638231243	-4.264602581058316	
5	C13H20O3S2	[M + Na]+	C13H20O3S2	0.0	0.9657112322433496	0.9657112322433496	0.0	4	0.03471964352023765	-8.690097020781728	8.690097020781728	-0.5374689728445049	
6	C15H14NO5	[M + Na]+	C15H14NO5	0.0	-0.5561966949695574	-0.5561966949695574	0.0	4	0.03471964352023765	-8.690097020781728	8.690097020781728	-6.359380924189193	
7	C9H20O8S	[M + Na]+	C9H20O8S	0.0	-1.3242845983099372	-1.3242845983099372	0.0	3	0.02376531748978834	-3.9317206355483654	4.665862747836916	-8.580881347110436	
8	C8H22N3O2S3	[M + Na]+	C8H22N3O2S3	0.0	-2.4439394554877243	-2.4439394554877243	0.0	4	0.035090976606015595	-1.9889588415869814	5.351425582463936	-7.058236156323404	
9	C19H14NS	[M + Na]+	C19H14NS	0.0	-2.9218045429806705	-2.9218045429806705	0.0	3	0.02376531748978834	1.5554218201515457	2.14844695505728	1.6840314497112734	
