rank	molecularFormula	adduct	precursorFormula	ZodiacScore	SiriusScore	TreeScore	IsotopeScore	numExplainedPeaks	explainedIntensity	medianMassErrorFragmentPeaks(ppm)	medianAbsoluteMassErrorFragmentPeaks(ppm)	massErrorPrecursor(ppm)	lipidClass
1	C7H6O2	[M + H]+	C7H6O2	0.9999999999999999	3.2088569986294138	3.2088569986294138	0.0	1	0.0	5.234812303710247	5.234812303710247	5.245032505992977	
2	C5H10N	[M + K]+	C5H10N	0.0	-4.695785403760803	-4.695785403760803	0.0	1	0.0	1.768299727451507	1.768299727451507	1.778519965162883	
3	C5H4N3O	[M + H]+	C5H4N3O	0.0	-4.7429961268655925	-4.7429961268655925	0.0	1	0.0	16.146976744827345	16.146976744827345	16.157196835584962	
4	C2H8N3OS	[M + H]+	C2H8N3OS	0.0	-5.930339768937086	-5.930339768937086	0.0	1	0.0	-11.250611286170535	11.250611286170535	-11.24039091540256	
