rank	molecularFormula	adduct	precursorFormula	ZodiacScore	SiriusScore	TreeScore	IsotopeScore	numExplainedPeaks	explainedIntensity	medianMassErrorFragmentPeaks(ppm)	medianAbsoluteMassErrorFragmentPeaks(ppm)	massErrorPrecursor(ppm)	lipidClass
1	C19H30O4	[M - H2O + H]+	C19H28O3	0.9999999999999999	70.4239576197673	70.4239576197673	0.0	22	0.6314687754390046	0.22168013361931385	6.498266651222673	-59007.50759228264	
2	C16H34O4S	[M - H2O + H]+	C16H32O3S	0.0	53.05010348581421	53.05010348581421	0.0	25	0.6753110826840333	0.678013115973786	6.954481837460386	-59018.55279752984	
3	C14H32N3O3S	[M - H2O + H]+	C14H30N3O2S	0.0	52.72143364313353	52.72143364313353	0.0	29	0.720781486219328	1.241239558906717	4.821905024249857	-59014.153611156114	
4	C22H28NO	[M - H2O + H]+	C22H26N	0.0	50.299748998685324	50.299748998685324	0.0	19	0.5937899755785558	0.9273603662532686	6.203822246305306	-59016.28862625651	
5	C17H28N3O3	[M - H2O + H]+	C17H26N3O2	0.0	48.80808837246491	48.80808837246491	0.0	26	0.6844981974648219	0.32697545564070835	5.625329369558117	-59003.10840590872	
