rank	molecularFormula	adduct	precursorFormula	ZodiacScore	SiriusScore	TreeScore	IsotopeScore	numExplainedPeaks	explainedIntensity	medianMassErrorFragmentPeaks(ppm)	medianAbsoluteMassErrorFragmentPeaks(ppm)	massErrorPrecursor(ppm)	lipidClass
1	C17H33NO	[M + H]+	C17H33NO	0.9999999999999999	12.439619397892162	8.82361832223788	3.6160010756542826	2	0.14348302300109528	-4.307899646169746	4.307899646169746	1.239214573666119	
1	C17H35NO2	[M - H2O + H]+	C17H33NO	0.9999999999999999	12.439619397892162	8.82361832223788	3.6160010756542826	3	0.14348302300109528	-4.307899646169746	4.307899646169746	-67136.26909603747	
