rank	molecularFormula	adduct	precursorFormula	ZodiacScore	SiriusScore	TreeScore	IsotopeScore	numExplainedPeaks	explainedIntensity	medianMassErrorFragmentPeaks(ppm)	medianAbsoluteMassErrorFragmentPeaks(ppm)	massErrorPrecursor(ppm)	lipidClass
1	C13H8O	[M + H]+	C13H8O	0.9994974874371858	26.010012215617834	26.010012215617834	0.0	4	0.40802501302761857	-1.6847376268708316	4.011259443669637	1.5308454503822173	
1	C13H12O3	[M - H4O2 + H]+	C13H8O	0.9994974874371858	26.010012215617834	26.010012215617834	0.0	5	0.40802501302761857	-1.6847376268708316	4.011259443669637	-198938.7156873366	
1	C13H10O2	[M - H2O + H]+	C13H8O	0.9994974874371858	26.010012215617834	26.010012215617834	0.0	5	0.40802501302761857	-1.6847376268708316	4.011259443669637	-99468.5924209432	
2	C5H14N2O4S	[M - H2O + H]+	C5H12N2O3S	5.025125628140704E-4	19.319725404528874	19.319725404528874	0.0	6	0.44554455445544555	-0.8171217478948253	7.233577703030652	-99464.9935379264	
3	C8H12N3OS	[M - H2O + H]+	C8H10N3S	0.0	-4.400688464839768	-4.400688464839768	0.0	4	0.07034914017717561	-7.686035231669609	7.686035231669609	-99479.79526650958	
3	C8H10N3S	[M + H]+	C8H10N3S	0.0	-4.400688464839768	-4.400688464839768	0.0	3	0.07034914017717561	-7.686035231669609	7.686035231669609	-9.67200011598738	
3	C8H14N3O2S	[M - H4O2 + H]+	C8H10N3S	0.0	-4.400688464839768	-4.400688464839768	0.0	4	0.07034914017717561	-7.686035231669609	7.686035231669609	-198949.91853290313	
4	C11H6N3	[M + H]+	C11H6N3	0.0	-4.499242580856922	-4.499242580856922	0.0	1	0.0	9.120233051390331	9.120233051390331	8.946323273087572	
