rank	molecularFormula	adduct	precursorFormula	ZodiacScore	SiriusScore	TreeScore	IsotopeScore	numExplainedPeaks	explainedIntensity	medianMassErrorFragmentPeaks(ppm)	medianAbsoluteMassErrorFragmentPeaks(ppm)	massErrorPrecursor(ppm)	lipidClass
1	C18H32O2	[M - H4O2 + H]+	C18H28	0.9999999999999999	33.716063541932016	33.716063541932016	0.0	8	0.6204744069912608	4.263539124992132	5.176559960575787	-146886.250374573	
1	C18H30O	[M - H2O + H]+	C18H28	0.9999999999999999	33.716063541932016	33.716063541932016	0.0	8	0.6204744069912608	4.263539124992132	5.176559960575787	-73441.79840859315	
1	C18H28	[M + H]+	C18H28	0.9999999999999999	33.716063541932016	33.716063541932016	0.0	7	0.6204744069912608	4.263539124992132	5.176559960575787	2.6535573864468285	
