rank	molecularFormula	adduct	precursorFormula	ZodiacScore	SiriusScore	TreeScore	IsotopeScore	numExplainedPeaks	explainedIntensity	medianMassErrorFragmentPeaks(ppm)	medianAbsoluteMassErrorFragmentPeaks(ppm)	massErrorPrecursor(ppm)	lipidClass
1	C19H28O	[M - H2O + H]+	C19H26	0.9999999999999999	82.9308158373809	82.9308158373809	0.0	21	0.4621993127147765	0.8988423240694168	3.665553991760537	-70569.15115560236	
1	C19H26	[M + H]+	C19H26	0.9999999999999999	82.9308158373809	82.9308158373809	0.0	20	0.4621993127147765	0.8988423240694168	3.665553991760537	2.0506958068243972	
