rank	molecularFormula	adduct	precursorFormula	ZodiacScore	SiriusScore	TreeScore	IsotopeScore	numExplainedPeaks	explainedIntensity	medianMassErrorFragmentPeaks(ppm)	medianAbsoluteMassErrorFragmentPeaks(ppm)	massErrorPrecursor(ppm)	lipidClass
1	C15H22O	[M - H2O + H]+	C15H20	0.9999999999999999	38.15757438666641	38.15757438666641	0.0	9	0.4769150052465897	6.378611950313221	6.493004732387758	-89529.69141266761	
1	C15H20	[M + H]+	C15H20	0.9999999999999999	38.15757438666641	38.15757438666641	0.0	8	0.4769150052465897	6.378611950313221	6.493004732387758	1.979235046253068	
