rank	molecularFormula	adduct	precursorFormula	ZodiacScore	SiriusScore	TreeScore	IsotopeScore	numExplainedPeaks	explainedIntensity	medianMassErrorFragmentPeaks(ppm)	medianAbsoluteMassErrorFragmentPeaks(ppm)	massErrorPrecursor(ppm)	lipidClass
1	C16H24O3	[M - H2O + H]+	C16H22O2	0.9999999999999999	78.32683038870323	78.32683038870323	0.0	16	0.5603498542274055	2.3392331065057057	4.904069247450762	-72865.52764794126	
1	C16H22O2	[M + H]+	C16H22O2	0.9999999999999999	78.32683038870323	78.32683038870323	0.0	15	0.5603498542274055	2.3392331065057057	4.904069247450762	1.6833797825917418	
2	C14H20N3O	[M + H]+	C14H20N3O	0.0	62.65221443505029	62.65221443505029	0.0	15	0.5603498542274055	2.3392331065057057	4.904069247450762	7.11561581120674	
2	C14H22N3O2	[M - H2O + H]+	C14H20N3O	0.0	62.65221443505029	62.65221443505029	0.0	16	0.5603498542274055	2.3392331065057057	4.904069247450762	-72860.09541191264	
3	C14H26N	[M + K]+	C14H26N	0.0	58.36035880661829	58.36035880661829	0.0	15	0.5603498542274055	2.3392331065057057	4.904069247450762	-0.04230118675332486	
4	C11H24N3OS	[M + H]+	C11H24N3OS	0.0	43.02556520328344	43.02556520328344	0.0	12	0.453061224489796	-2.6335694676537367	4.932123847972065	-6.523306659421069	
4	C11H26N3O2S	[M - H2O + H]+	C11H24N3OS	0.0	43.02556520328344	43.02556520328344	0.0	13	0.453061224489796	-2.6335694676537367	4.932123847972065	-72873.73433438338	
