rank	formulaRank	ConfidenceScore	CSI:FingerIDScore	molecularFormula	adduct	InChIkey2D	InChI	name	smiles	xlogp	pubchemids	links	dbflags
1	1	0.04515366898777407	-204.47336834487723	C16H24O3	[M - H2O + H]+	DEMNMQDWPCIOLA	InChI=1S/C16H24O3/c1-11(2)9-15(17)10-12(3)13-5-7-14(8-6-13)16(18)19-4/h7,9,12-13H,5-6,8,10H2,1-4H3	Dehydrojuvabione	CC(CC(=O)C=C(C)C)C1CCC(=CC1)C(=O)OC	3.5999999	557966;85259;15558822	COCONUT:(CNP0161745);KNApSAcK:(3126);Natural Products:(UNPD73034 UNPD170866 UNPD22162 UNPD206188);PubChem:(557966 85259 15558822);PNC:(LTS0153295 LTS0011733);SuperNatural:(SN00266390 SN00157119);CHEBI:(4365);KEGG:(C09657)	68722655538
2	1	N/A	-257.0204409297079	C16H24O3	[M - H2O + H]+	QGBVBYUDRGXELK	InChI=1S/C16H24O3/c1-11(2)9-15(17)10-12(3)13-5-7-14(8-6-13)16(18)19-4/h7,10-11,13H,5-6,8-9H2,1-4H3	null	CC(C)CC(=O)C=C(C)C1CCC(=CC1)C(=O)OC	3.5999999	14192388	COCONUT:(CNP0372897);KNApSAcK:(49003);Natural Products:(UNPD11949 UNPD113748);PubChem:(14192388);PNC:(LTS0275660 LTS0044975);SuperNatural:(SN00230517 SN00309565);KEGG Mine	77312589842
3	1	N/A	-277.42310333652705	C16H24O3	[M - H2O + H]+	ZJGMUVOCFLKRTL	InChI=1S/C16H24O3/c1-10(2)7-13-8-11(3)14-6-5-12(16(17)18-4)9-15(14)19-13/h8-11,14-15H,5-7H2,1-4H3	null	CC1C=C(OC2C1CCC(=C2)C(=O)OC)CC(C)C	3.5999999	101635417	COCONUT:(CNP0281571);Natural Products:(UNPD151478);PubChem:(101635417);PNC:(LTS0028322);SuperNatural:(SN00229248)	68722655234