rank	molecularFormula	adduct	precursorFormula	ZodiacScore	SiriusScore	TreeScore	IsotopeScore	numExplainedPeaks	explainedIntensity	medianMassErrorFragmentPeaks(ppm)	medianAbsoluteMassErrorFragmentPeaks(ppm)	massErrorPrecursor(ppm)	lipidClass
1	C29H55NO3	[M + H]+	C29H55NO3	0.9055276381909548	7.43053336704516	6.36200443341144	1.06852893363372	2	0.28024193548387094	9.399101689963627	9.399101689963627	1.6850506948066073	
1	C29H57NO4	[M - H2O + H]+	C29H55NO3	0.9055276381909548	7.43053336704516	6.36200443341144	1.06852893363372	3	0.28024193548387094	9.399101689963627	9.399101689963627	-38612.27463269862	
2	C27H57NO3	[M + Na]+	C27H57NO3	0.09145728643216082	5.098294342946037	2.9362823495833448	2.1620119933626922	2	0.28024193548387094	9.399101689963627	9.399101689963627	6.842753469431085	
3	C27H59N2O	[M + K]+	C27H59N2O	0.0030150753768844224	1.9825872115312841	1.9825872115312841	0.0	2	0.28024193548387094	9.399101689963627	9.399101689963627	0.7705738755017418	
4	C30H55N2	[M + Na]+	C30H55N2	0.0	-3.605170185988091	-3.605170185988091	0.0	1	0.0	NaN	NaN	1.096773350107932	
5	C32H53N2	[M + H]+	C32H53N2	0.0	-3.605170185988091	-3.605170185988091	0.0	1	0.0	NaN	NaN	-4.060929424516546	
