rank	molecularFormula	adduct	precursorFormula	ZodiacScore	SiriusScore	TreeScore	IsotopeScore	numExplainedPeaks	explainedIntensity	medianMassErrorFragmentPeaks(ppm)	medianAbsoluteMassErrorFragmentPeaks(ppm)	massErrorPrecursor(ppm)	lipidClass
1	C19H28O2	[M + H]+	C19H28O2	0.9999999999999999	107.55610780525451	107.55610780525451	0.0	34	0.8287269445541209	3.796134232282136	4.8099805522039585	2.3436618443622237	
1	C19H30O3	[M - H2O + H]+	C19H28O2	0.9999999999999999	107.55610780525451	107.55610780525451	0.0	35	0.8287269445541209	3.796134232282136	4.8099805522039585	-62271.21522961084	
2	C17H26N3O	[M + H]+	C17H26N3O	0.0	75.65421467882979	75.65421467882979	0.0	34	0.8287269445541208	3.955742326751584	5.025187411444755	6.986143222049828	
2	C17H28N3O2	[M - H2O + H]+	C17H26N3O	0.0	75.65421467882979	75.65421467882979	0.0	35	0.8287269445541208	3.955742326751584	5.025187411444755	-62266.572748233346	
3	C16H34O3S	[M - H2O + H]+	C16H32O2S	0.0	71.30066591986757	71.30066591986757	0.0	33	0.8123977663714822	3.2015032380289563	5.025187411444755	-62282.87128491616	
3	C16H32O2S	[M + H]+	C16H32O2S	0.0	71.30066591986757	71.30066591986757	0.0	32	0.8123977663714822	3.2015032380289563	5.025187411444755	-9.312393460956391	
4	C14H32N3O2S	[M - H2O + H]+	C14H30N3OS	0.0	71.11986589306943	71.11986589306943	0.0	35	0.8287269445541208	3.796134232282136	4.8099805522039585	-62278.22880353867	
4	C14H30N3OS	[M + H]+	C14H30N3OS	0.0	71.11986589306943	71.11986589306943	0.0	34	0.8287269445541208	3.796134232282136	4.8099805522039585	-4.669912083465331	
