rank	molecularFormula	adduct	precursorFormula	ZodiacScore	SiriusScore	TreeScore	IsotopeScore	numExplainedPeaks	explainedIntensity	medianMassErrorFragmentPeaks(ppm)	medianAbsoluteMassErrorFragmentPeaks(ppm)	massErrorPrecursor(ppm)	lipidClass
1	C15H29NO	[M + H]+	C15H29NO	0.9999999999999999	29.413758281380094	29.413758281380094	0.0	10	0.20489296636085638	1.4345340871932855	3.445978845039142	2.950229368589254	
1	C15H31NO2	[M - H2O + H]+	C15H29NO	0.9999999999999999	29.413758281380094	29.413758281380094	0.0	11	0.20489296636085638	1.4345340871932855	3.445978845039142	-74968.31600154344	
