rank	molecularFormula	adduct	precursorFormula	ZodiacScore	SiriusScore	TreeScore	IsotopeScore	numExplainedPeaks	explainedIntensity	medianMassErrorFragmentPeaks(ppm)	medianAbsoluteMassErrorFragmentPeaks(ppm)	massErrorPrecursor(ppm)	lipidClass
1	C18H30O4	[M - H4O2 + H]+	C18H26O2	0.9999999999999999	60.335204567751056	60.335204567751056	0.0	13	0.3752187609380469	2.1093756425648222	5.429657185956559	-130888.28405643061	
1	C18H28O3	[M - H2O + H]+	C18H26O2	0.9999999999999999	60.335204567751056	60.335204567751056	0.0	13	0.3752187609380469	2.1093756425648222	5.429657185956559	-65443.17687505543	
1	C18H26O2	[M + H]+	C18H26O2	0.9999999999999999	60.335204567751056	60.335204567751056	0.0	12	0.3752187609380469	2.1093756425648222	5.429657185956559	1.930306319534671	
2	C16H28N3O3	[M - H4O2 + H]+	C16H24N3O	0.0	42.3940408061663	42.3940408061663	0.0	13	0.3752187609380469	2.7199545648331456	5.853038948788144	-130883.40513676136	
2	C16H26N3O2	[M - H2O + H]+	C16H24N3O	0.0	42.3940408061663	42.3940408061663	0.0	13	0.3752187609380469	2.7199545648331456	5.853038948788144	-65438.29795538638	
2	C16H24N3O	[M + H]+	C16H24N3O	0.0	42.3940408061663	42.3940408061663	0.0	12	0.3752187609380469	2.7199545648331456	5.853038948788144	6.809225988794042	
