rank	molecularFormula	adduct	precursorFormula	ZodiacScore	SiriusScore	TreeScore	IsotopeScore	numExplainedPeaks	explainedIntensity	medianMassErrorFragmentPeaks(ppm)	medianAbsoluteMassErrorFragmentPeaks(ppm)	massErrorPrecursor(ppm)	lipidClass
1	C16H28N3O3	[M + Na]+	C16H28N3O3	0.6517587939698493	47.53366212514344	47.53366212514344	0.0	16	0.8134974920200638	-0.8429196134850128	5.074231772062281	6.344058307203949	
2	C13H32N3O3S	[M + Na]+	C13H32N3O3S	0.3165829145728643	46.78418285893438	46.78418285893438	0.0	15	0.784769721842225	-2.9589580701127556	4.51340521033333	-3.7732390232887143	
3	C18H30O4	[M + Na]+	C18H30O4	0.031658291457286436	42.13769335969345	42.13769335969345	0.0	14	0.7496580027359779	-5.074231772062281	7.227592075325803	2.3144476697941596	
4	C21H28NO	[M + Na]+	C21H28NO	0.0	33.653385555577024	33.653385555577024	0.0	10	0.5827633378932967	-0.8429196134850128	5.074231772062281	-5.7288914617982725	
