rank	molecularFormula	adduct	precursorFormula	ZodiacScore	SiriusScore	TreeScore	IsotopeScore	numExplainedPeaks	explainedIntensity	medianMassErrorFragmentPeaks(ppm)	medianAbsoluteMassErrorFragmentPeaks(ppm)	massErrorPrecursor(ppm)	lipidClass
1	C13H16	[M + H]+	C13H16	0.9999999999999999	40.70039204367539	40.70039204367539	0.0	12	0.4708036622583926	0.4247624159822301	3.4783025037271535	3.147113348435162	
1	C13H18O	[M - H2O + H]+	C13H16	0.9999999999999999	40.70039204367539	40.70039204367539	0.0	13	0.4708036622583926	0.4247624159822301	3.4783025037271535	-104024.17530777674	
