rank	molecularFormula	adduct	precursorFormula	ZodiacScore	SiriusScore	TreeScore	IsotopeScore	numExplainedPeaks	explainedIntensity	medianMassErrorFragmentPeaks(ppm)	medianAbsoluteMassErrorFragmentPeaks(ppm)	massErrorPrecursor(ppm)	lipidClass
1	C13H8O	[M + H]+	C13H8O	0.9994974874371858	25.882510795699954	25.882510795699954	0.0	4	0.40802501302761857	-1.4085944764264948	4.011259443669637	2.317434281185367	
1	C13H10O2	[M - H2O + H]+	C13H8O	0.9994974874371858	25.882510795699954	25.882510795699954	0.0	5	0.40802501302761857	-1.4085944764264948	4.011259443669637	-99467.72758990467	
1	C13H12O3	[M - H4O2 + H]+	C13H8O	0.9994974874371858	25.882510795699954	25.882510795699954	0.0	5	0.40802501302761857	-1.4085944764264948	4.011259443669637	-198937.77261409035	
2	C5H14N2O4S	[M - H2O + H]+	C5H12N2O3S	5.025125628140704E-4	19.017295360173605	19.017295360173605	0.0	6	0.44554455445544555	-0.8171217478948253	7.233577703030652	-99464.1287097187	
3	C8H12N3OS	[M - H2O + H]+	C8H10N3S	0.0	-4.165313877034275	-4.165313877034275	0.0	4	0.07034914017717561	-7.686035231669609	7.686035231669609	-99478.93042665899	
3	C8H10N3S	[M + H]+	C8H10N3S	0.0	-4.165313877034275	-4.165313877034275	0.0	3	0.07034914017717561	-7.686035231669609	7.686035231669609	-8.885402473137544	
3	C8H14N3O2S	[M - H4O2 + H]+	C8H10N3S	0.0	-4.165313877034275	-4.165313877034275	0.0	4	0.07034914017717561	-7.686035231669609	7.686035231669609	-198948.97545084485	
4	C11H6N3	[M + H]+	C11H6N3	0.0	-4.5695878274532555	-4.5695878274532555	0.0	1	0.0	9.67251525680592	9.67251525680592	9.732906270949762	
