rank	molecularFormula	adduct	precursorFormula	ZodiacScore	SiriusScore	TreeScore	IsotopeScore	numExplainedPeaks	explainedIntensity	medianMassErrorFragmentPeaks(ppm)	medianAbsoluteMassErrorFragmentPeaks(ppm)	massErrorPrecursor(ppm)	lipidClass
1	C19H28O2	[M + H]+	C19H28O2	0.9999999999999999	121.52452781787774	121.52452781787774	0.0	35	0.8765093922556153	-0.8174340752830823	3.681532589186594	2.205376081053714	
1	C19H30O3	[M - H2O + H]+	C19H28O2	0.9999999999999999	121.52452781787774	121.52452781787774	0.0	36	0.8765093922556153	-0.8174340752830823	3.681532589186594	-62271.36212694095	
2	C17H26N3O	[M + H]+	C17H26N3O	0.0	83.40628158076942	83.40628158076942	0.0	35	0.8760412964520075	-0.8174340752830823	3.681532589186594	6.847858100731903	
2	C17H28N3O2	[M - H2O + H]+	C17H26N3O	0.0	83.40628158076942	83.40628158076942	0.0	36	0.8760412964520075	-0.8174340752830823	3.681532589186594	-62266.71964492147	
3	C14H32N3O2S	[M - H2O + H]+	C14H30N3OS	0.0	78.08743193340763	78.08743193340763	0.0	36	0.8760412964520075	-0.9725221248284942	3.681532589186594	-62278.37570183867	
3	C14H30N3OS	[M + H]+	C14H30N3OS	0.0	78.08743193340763	78.08743193340763	0.0	35	0.8760412964520075	-0.9725221248284942	3.681532589186594	-4.808198816653538	
4	C16H34O3S	[M - H2O + H]+	C16H32O2S	0.0	77.51705558789239	77.51705558789239	0.0	36	0.8760412964520075	-0.9725221248284942	3.681532589186594	-62283.018183858134	
4	C16H32O2S	[M + H]+	C16H32O2S	0.0	77.51705558789239	77.51705558789239	0.0	35	0.8760412964520075	-0.9725221248284942	3.681532589186594	-9.450680836135184	
5	C17H32N	[M + K]+	C17H32N	0.0	69.0619067719631	69.0619067719631	0.0	28	0.8016227321191738	-0.9074484441433944	3.633427773555792	0.7305795460324386	
