rank	molecularFormula	adduct	precursorFormula	ZodiacScore	SiriusScore	TreeScore	IsotopeScore	numExplainedPeaks	explainedIntensity	medianMassErrorFragmentPeaks(ppm)	medianAbsoluteMassErrorFragmentPeaks(ppm)	massErrorPrecursor(ppm)	lipidClass
1	C12H20O2	[M - H2O + H]+	C12H18O	0.9864321608040203	14.020891856178174	14.020891856178174	0.0	3	0.1921487603305785	5.574525659105612	5.574525659105612	-100534.57270155099	
1	C12H18O	[M + H]+	C12H18O	0.9864321608040203	14.020891856178174	14.020891856178174	0.0	2	0.1921487603305785	5.574525659105612	5.574525659105612	2.513468874800843	
2	C7H22N3OS	[M - H2O + H]+	C7H20N3S	0.013567839195979899	9.901415690459643	9.901415690459643	0.0	4	0.3347107438016529	-3.4801247390400505	4.928292491070003	-100545.89571406056	
2	C7H20N3S	[M + H]+	C7H20N3S	0.013567839195979899	9.901415690459643	9.901415690459643	0.0	3	0.3347107438016529	-3.4801247390400505	4.928292491070003	-8.809543634630705	
3	C10H16N3	[M + H]+	C10H16N3	0.0	-3.605170185988091	-3.605170185988091	0.0	1	0.0	NaN	NaN	10.008488568901196	
