rank	molecularFormula	adduct	precursorFormula	ZodiacScore	SiriusScore	TreeScore	IsotopeScore	numExplainedPeaks	explainedIntensity	medianMassErrorFragmentPeaks(ppm)	medianAbsoluteMassErrorFragmentPeaks(ppm)	massErrorPrecursor(ppm)	lipidClass
1	C12H16O8	[M + H]+	C12H16O8	0.9999999999999999	23.682534941931895	23.682534941931895	0.0	4	0.806057546693589	5.608389227000369	5.608389227000369	1.2454998187345676	
2	C13H20O3S2	[M + H]+	C13H20O3S2	0.0	16.913772489672166	16.913772489672166	0.0	5	0.8126198889449772	3.5464508297522883	4.602168037783919	-1.7605589343828367	
3	C15H14NO5	[M + H]+	C15H14NO5	0.0	11.643311566127188	11.643311566127188	0.0	4	0.7895002523977788	-5.915018047460493	5.915018047460493	-8.02516340410203	
4	C10H14N3O7	[M + H]+	C10H14N3O7	0.0	10.536512855757078	10.536512855757078	0.0	3	0.7834427057041896	2.7143987217503187	4.602168037783919	5.8899842211685085	
5	C7H18N3O7S	[M + H]+	C7H18N3O7S	0.0	6.933762452700913	6.933762452700913	0.0	3	0.7834427057041896	2.7143987217503187	4.602168037783919	-5.771100154585237	
6	C8H22N3O2S3	[M + H]+	C8H22N3O2S3	0.0	6.850667526506204	6.850667526506204	0.0	2	0.7551741544674405	-8.650416841712417	8.650416841712417	-8.777158907899269	
7	C11H18N3O2S2	[M + H]+	C11H18N3O2S2	0.0	3.8900579968252575	3.8900579968252575	0.0	5	0.7971731448763248	-7.680437634146697	9.538831636985368	2.883925467854477	
8	C19H14NS	[M + H]+	C19H14NS	0.0	3.553831402022521	3.553831402022521	0.0	2	0.7551741544674405	-13.779765967461813	13.779765967461813	0.6298622181410571	
9	C9H21NS4	[M + H3N + H]+	C9H24N2S4	0.0	1.9744651385206664	1.9744651385206664	0.0	3	0.7624432104997474	-8.747031772575806	8.747031772575806	9.148529937377042	
