rank	molecularFormula	adduct	precursorFormula	ZodiacScore	SiriusScore	TreeScore	IsotopeScore	numExplainedPeaks	explainedIntensity	medianMassErrorFragmentPeaks(ppm)	medianAbsoluteMassErrorFragmentPeaks(ppm)	massErrorPrecursor(ppm)	lipidClass
1	C19H36O6	[M - H4O2 + H]+	C19H32O4	0.9542713567839197	68.1039160627363	68.1039160627363	0.0	15	0.40934335184580184	-2.1438672663770566	7.170007237967611	-110751.94361705729	
2	C17H34N3O5	[M - H4O2 + H]+	C17H30N3O3	0.03819095477386935	65.18263593624928	65.18263593624928	0.0	22	0.5687683763475986	3.8942180484842086	7.149301667389818	-110747.81530172142	
3	C22H34NO3	[M - H4O2 + H]+	C22H30NO	0.007537688442211057	62.83198366137926	62.83198366137926	0.0	16	0.44527932048350194	0.739513451463008	7.149301667389818	-110760.18397655565	
