rank	molecularFormula	adduct	precursorFormula	ZodiacScore	SiriusScore	TreeScore	IsotopeScore	numExplainedPeaks	explainedIntensity	medianMassErrorFragmentPeaks(ppm)	medianAbsoluteMassErrorFragmentPeaks(ppm)	massErrorPrecursor(ppm)	lipidClass
1	C15H22N3O7	[M + Na]+	C15H22N3O7	0.7758793969849247	106.61117911904108	102.22614260087079	4.385036518170301	28	0.5017867218356215	0.3921637165161301	5.555325020314863	5.855928905727014	
2	C17H24O8	[M + Na]+	C17H24O8	0.22412060301507541	105.36712628221042	101.0763863606386	4.2907399215718325	24	0.42768478465299986	2.1395742584815967	4.4356297148556285	2.314509220193684	
3	C20H22NO5	[M + Na]+	C20H22NO5	0.0	94.67489448665035	94.45247049859867	0.2224239880516683	28	0.49652059432010526	0.3921637165161301	4.4661479331718805	-4.754372143278685	
