rank	molecularFormula	adduct	precursorFormula	ZodiacScore	SiriusScore	TreeScore	IsotopeScore	numExplainedPeaks	explainedIntensity	medianMassErrorFragmentPeaks(ppm)	medianAbsoluteMassErrorFragmentPeaks(ppm)	massErrorPrecursor(ppm)	lipidClass
1	C27H52N3O6	[M + Na]+	C27H52N3O6	0.9999999999999999	59.56170611552124	54.67475641216759	4.886949703353649	30	0.7172787193973634	-0.021432171583336244	2.1838613558232316	3.473259263275615	
2	C29H54O7	[M + Na]+	C29H54O7	0.0	48.33503455299973	43.51405759161703	4.820976961382701	15	0.41854990583804147	-0.893398556908711	3.772937177316885	0.9746693472428227	
3	C32H52NO4	[M + Na]+	C32H52NO4	0.0	43.84387994215584	42.399722583507184	1.4441573586486554	21	0.5218926553672317	-1.9537628118445785	3.0536189092196406	-4.012662643986478	
4	C35H50N2O	[M + Na]+	C35H50N2O	0.0	19.500448417499424	19.500448417499424	0.0	13	0.3717043314500942	-1.9087925904639964	2.9216317126238565	-8.999994635427338	
