rank	molecularFormula	adduct	precursorFormula	ZodiacScore	SiriusScore	TreeScore	IsotopeScore	numExplainedPeaks	explainedIntensity	medianMassErrorFragmentPeaks(ppm)	medianAbsoluteMassErrorFragmentPeaks(ppm)	massErrorPrecursor(ppm)	lipidClass
1	C10H10O4	[M - H2O + H]+	C10H8O3	0.9999999999999999	6.8973705403976595	6.8973705403976595	0.0	3	0.056288195561273714	-0.7347283955028996	3.442540311098397	-101720.2133687267	
1	C10H8O3	[M + H]+	C10H8O3	0.9999999999999999	6.8973705403976595	6.8973705403976595	0.0	2	0.056288195561273714	-0.7347283955028996	3.442540311098397	2.7216640131321697	
2	C3H12N3O2S	[M + Na]+	C3H12N3O2S	0.0	1.514098624782745	1.514098624782745	0.0	2	0.056288195561273714	1.6311930093878495	3.2072776671925656	4.8523227446029145	
3	C8H12NO	[M + K]+	C8H12NO	0.0	-0.44212124303614964	-0.44212124303614964	0.0	2	0.056288195561273714	-3.409789237793383	3.7085431820545027	0.3126060751683877	
4	C8H8N3O3	[M - H2O + H]+	C8H6N3O2	0.0	-1.413337595813477	-1.413337595813477	0.0	3	0.056288195561273714	7.686041227498784	7.686041227498784	-101712.62994423676	
4	C8H6N3O2	[M + H]+	C8H6N3O2	0.0	-1.413337595813477	-1.413337595813477	0.0	2	0.056288195561273714	7.686041227498784	7.686041227498784	10.30508850291224	
5	C5H10N3O2S	[M + H]+	C5H10N3O2S	0.0	-2.2164491113101366	-2.2164491113101366	0.0	4	0.06625924734641363	3.6491240689308655	9.306809767055725	-8.734904997983271	
5	C5H12N3O3S	[M - H2O + H]+	C5H10N3O2S	0.0	-2.2164491113101366	-2.2164491113101366	0.0	5	0.06625924734641363	3.6491240689308655	9.306809767055725	-101731.66993773766	
6	C11H8N	[M + Na]+	C11H8N	0.0	-3.690355172961066	-3.690355172961066	0.0	1	0.0	1.1580796568994662	1.1580796568994662	1.171931775903239	
