rank	molecularFormula	adduct	precursorFormula	ZodiacScore	SiriusScore	TreeScore	IsotopeScore	numExplainedPeaks	explainedIntensity	medianMassErrorFragmentPeaks(ppm)	medianAbsoluteMassErrorFragmentPeaks(ppm)	massErrorPrecursor(ppm)	lipidClass
1	C24H48O8	[M + Na]+	C24H48O8	0.9457286432160803	8.94202691513823	3.291408509123758	5.650618406014472	1	0.0	2.3819898320474304	2.3819898320474304	0.6691728148083269	
2	C30H44N2O2	[M + Na]+	C30H44N2O2	0.031155778894472363	5.227930261066817	3.410473711954257	1.8174565491125598	3	0.04304029304029304	-3.097019756930872	3.097019756930872	-10.329971249662815	
3	C27H46NO5	[M + Na]+	C27H46NO5	0.017587939698492462	4.994113348667497	-0.10261085427335193	5.096724202940849	6	0.09798534798534798	-5.467687933103373	6.431008175215183	-4.830399217427244	
4	C22H46N3O7	[M + Na]+	C22H46N3O7	0.005527638190954774	3.738068227618527	-1.00928172329436	4.747349950912887	9	0.1755189255189255	3.6819040651486477	5.13720077637542	3.424388478319749	
5	C34H42N	[M + Na]+	C34H42N	0.0	-4.595048399032636	-4.595048399032636	0.0	1	0.0	8.93439332924811	8.93439332924811	7.221587535103954	
