rank	molecularFormula	adduct	precursorFormula	ZodiacScore	SiriusScore	TreeScore	IsotopeScore	numExplainedPeaks	explainedIntensity	medianMassErrorFragmentPeaks(ppm)	medianAbsoluteMassErrorFragmentPeaks(ppm)	massErrorPrecursor(ppm)	lipidClass
1	C7H6O	[M + H]+	C7H6O	0.9984924623115576	3.5	3.5	0.0	1	0.0	NaN	NaN	4.501796382704199	
2	C5H4N3	[M + H]+	C5H4N3	0.0010050251256281408	-3.605170185988091	-3.605170185988091	0.0	1	0.0	NaN	NaN	17.044428109245157	
3	C2H8N3S	[M + H]+	C2H8N3S	5.025125628140704E-4	-5.214608098422191	-5.214608098422191	0.0	1	0.0	NaN	NaN	-14.446836407761516	
