rank	molecularFormula	adduct	precursorFormula	ZodiacScore	SiriusScore	TreeScore	IsotopeScore	numExplainedPeaks	explainedIntensity	medianMassErrorFragmentPeaks(ppm)	medianAbsoluteMassErrorFragmentPeaks(ppm)	massErrorPrecursor(ppm)	lipidClass
1	C19H28O2	[M - H2O + H]+	C19H26O	0.9999999999999999	83.79294772759515	83.79294772759515	0.0	33	0.8341311475409837	-0.2155861910094342	3.555836167909873	-66406.70483366108	
1	C19H26O	[M + H]+	C19H26O	0.9999999999999999	83.79294772759515	83.79294772759515	0.0	32	0.8341311475409837	-0.2155861910094342	3.555836167909873	2.3915425060993303	
1	C19H30O3	[M - H4O2 + H]+	C19H26O	0.9999999999999999	83.79294772759515	83.79294772759515	0.0	33	0.8341311475409837	-0.2155861910094342	3.555836167909873	-132815.80120982806	
2	C17H24N3	[M + H]+	C17H24N3	0.0	62.796392456733585	62.796392456733585	0.0	31	0.8289180327868854	1.9073350878131685	3.8045811742914766	7.342327377086811	
2	C17H28N3O2	[M - H4O2 + H]+	C17H24N3	0.0	62.796392456733585	62.796392456733585	0.0	32	0.8289180327868854	1.9073350878131685	3.8045811742914766	-132810.85042495705	
2	C17H26N3O	[M - H2O + H]+	C17H24N3	0.0	62.796392456733585	62.796392456733585	0.0	32	0.8289180327868854	1.9073350878131685	3.8045811742914766	-66401.75404878988	
3	C14H30N3OS	[M - H2O + H]+	C14H28N3S	0.0	57.76937426400587	57.76937426400587	0.0	28	0.8131803278688527	0.15963968233886439	3.4307336723755535	-66414.1841734516	
3	C14H28N3S	[M + H]+	C14H28N3S	0.0	57.76937426400587	57.76937426400587	0.0	27	0.8131803278688527	0.15963968233886439	3.4307336723755535	-5.087797284425817	
3	C14H32N3O2S	[M - H4O2 + H]+	C14H28N3S	0.0	57.76937426400587	57.76937426400587	0.0	28	0.8131803278688527	0.15963968233886439	3.4307336723755535	-132823.2805496186	
