rank	molecularFormula	adduct	precursorFormula	ZodiacScore	SiriusScore	TreeScore	IsotopeScore	numExplainedPeaks	explainedIntensity	medianMassErrorFragmentPeaks(ppm)	medianAbsoluteMassErrorFragmentPeaks(ppm)	massErrorPrecursor(ppm)	lipidClass
1	C19H28O2	[M - H2O + H]+	C19H26O	0.9999999999999999	65.10430504309883	62.216844063932584	2.8874609791662467	16	0.5501813784764207	0.25922539062382877	5.485919937740615	-66407.27439469106	
1	C19H26O	[M + H]+	C19H26O	0.9999999999999999	65.10430504309883	62.216844063932584	2.8874609791662467	15	0.5501813784764207	0.25922539062382877	5.485919937740615	1.8574501515884316	
1	C19H30O3	[M - H4O2 + H]+	C19H26O	0.9999999999999999	65.10430504309883	62.216844063932584	2.8874609791662467	16	0.5501813784764207	0.25922539062382877	5.485919937740615	-132816.40623953348	
2	C17H24N3	[M + H]+	C17H24N3	0.0	50.65932894889147	48.6047529406503	2.0545760082411677	13	0.4764207980652963	1.244698714015553	5.756394845614627	6.8082376667585836	
2	C17H28N3O2	[M - H4O2 + H]+	C17H24N3	0.0	50.65932894889147	48.6047529406503	2.0545760082411677	14	0.4764207980652963	1.244698714015553	5.756394845614627	-132811.45545201833	
2	C17H26N3O	[M - H2O + H]+	C17H24N3	0.0	50.65932894889147	48.6047529406503	2.0545760082411677	14	0.4764207980652963	1.244698714015553	5.756394845614627	-66402.32360717568	
3	C14H30N3OS	[M - H2O + H]+	C14H28N3S	0.0	49.922603596101055	49.922603596101055	0.0	20	0.658806932688432	3.3123581102745865	5.957257628618809	-66414.75373847625	
3	C14H28N3S	[M + H]+	C14H28N3S	0.0	49.922603596101055	49.922603596101055	0.0	19	0.658806932688432	3.3123581102745865	5.957257628618809	-5.6218936336044685	
3	C14H32N3O2S	[M - H4O2 + H]+	C14H28N3S	0.0	49.922603596101055	49.922603596101055	0.0	20	0.658806932688432	3.3123581102745865	5.957257628618809	-132823.88558331868	
