rank	molecularFormula	adduct	precursorFormula	ZodiacScore	SiriusScore	TreeScore	IsotopeScore	numExplainedPeaks	explainedIntensity	medianMassErrorFragmentPeaks(ppm)	medianAbsoluteMassErrorFragmentPeaks(ppm)	massErrorPrecursor(ppm)	lipidClass
1	C26H38O7	[M + Na]+	C26H38O7	0.7788944723618091	75.52235700160597	71.62153009050066	3.9008269111053098	22	0.47775680776489604	3.4730840751779857	6.58961789575273	1.577464332816655	
2	C17H40N3O11	[M + Na]+	C17H40N3O11	0.2120603015075377	74.86830143632498	70.980515800821	3.8877856355039944	22	0.4567268805607978	2.9197792464957804	6.52822473170516	-7.759017392351061	
3	C24H36N3O6	[M + Na]+	C24H36N3O6	0.009045226130653266	71.56866334290059	67.96084812172673	3.607815221173867	23	0.4960905904556481	4.880820500516047	6.327634822977349	4.344448745429503	
4	C29H36NO4	[M + Na]+	C29H36NO4	0.0	56.050427892395234	55.69436761848245	0.3560602739127826	19	0.42113777298463173	2.432100328084833	6.728814640432971	-3.94559881287058	
5	C32H34N2O	[M + Na]+	C32H34N2O	0.0	38.63362987746303	38.63362987746303	0.0	16	0.3046643300080882	2.033677722681067	7.651830112945734	-9.468661958323532	
