rank	molecularFormula	adduct	precursorFormula	ZodiacScore	SiriusScore	TreeScore	IsotopeScore	numExplainedPeaks	explainedIntensity	medianMassErrorFragmentPeaks(ppm)	medianAbsoluteMassErrorFragmentPeaks(ppm)	massErrorPrecursor(ppm)	lipidClass
1	C25H49NO3	[M + Na]+	C25H49NO3	0.9999999999999999	18.812827013244746	18.812827013244746	0.0	5	0.1662125340599455	5.31494460193645	5.31494460193645	2.2139607486910826	
2	C28H47N2	[M + Na]+	C28H47N2	0.0	8.050417736737863	8.050417736737863	0.0	6	0.15258855585831063	-2.370326338194813	6.812516454735556	-3.9561911909351197	
