rank	molecularFormula	adduct	precursorFormula	ZodiacScore	SiriusScore	TreeScore	IsotopeScore	numExplainedPeaks	explainedIntensity	medianMassErrorFragmentPeaks(ppm)	medianAbsoluteMassErrorFragmentPeaks(ppm)	massErrorPrecursor(ppm)	lipidClass
1	C17H39NO3	[M - H2O + H]+	C17H37NO2	0.9999999999999999	68.12754263206324	68.12754263206324	0.0	29	0.8003982942615321	2.0974728015671706	3.6406100854482144	-62471.12800079904	
1	C17H37NO2	[M + H]+	C17H37NO2	0.9999999999999999	68.12754263206324	68.12754263206324	0.0	28	0.8003982942615321	2.0974728015671706	3.6406100854482144	2.5516363424793758	
