rank	molecularFormula	adduct	precursorFormula	ZodiacScore	SiriusScore	TreeScore	IsotopeScore	numExplainedPeaks	explainedIntensity	medianMassErrorFragmentPeaks(ppm)	medianAbsoluteMassErrorFragmentPeaks(ppm)	massErrorPrecursor(ppm)	lipidClass
1	C26H36O12	[M + Na]+	C26H36O12	0.9979899497487436	98.61510222466082	93.21194935548137	5.403152869179447	34	0.6431807530073427	2.243965952452916	4.811081762605463	1.4584341411206834	
2	C24H34N3O11	[M + Na]+	C24H34N3O11	0.0020100502512562816	91.94746271481922	86.54467715897879	5.402785555840436	36	0.6713013591626308	-3.0327816312997635	5.69247778892254	3.842415758461189	
3	C21H36N2O14	[M + Na]+	C21H36N2O14	0.0	88.57459971615447	85.0542830890307	3.520316627123756	36	0.6706764568036246	1.4441113261779863	5.50145184679719	8.60098286480055	
4	C29H34NO9	[M + Na]+	C29H34NO9	0.0	88.0639949161078	84.86492886501007	3.199066051097729	35	0.6598968911107642	1.1524146442205676	5.200060405992232	-3.300132965218678	
5	C32H32N2O6	[M + Na]+	C32H32N2O6	0.0	81.44078221532432	81.44078221532432	0.0	32	0.618340884236838	-0.984433892269211	5.895208757784884	-8.058700071759894	
6	C17H38N3O16	[M + Na]+	C17H38N3O16	0.0	80.79780072958496	79.63530132622367	1.162499403361302	36	0.6713013591626308	-4.586496151470927	6.582203776752623	-6.585702537334881	
7	C36H30NO4	[M + Na]+	C36H30NO4	0.0	67.27259116010673	67.27259116010673	0.0	26	0.5246055303858773	1.1553161827141503	4.960177955436738	7.1279853303755365	
8	C39H28N2O	[M + Na]+	C39H28N2O	0.0	4.93386260491587	4.93386260491587	0.0	10	0.141852835494454	1.9210274445285997	2.243965952452916	2.3694182238343204	
