rank	molecularFormula	adduct	precursorFormula	ZodiacScore	SiriusScore	TreeScore	IsotopeScore	numExplainedPeaks	explainedIntensity	medianMassErrorFragmentPeaks(ppm)	medianAbsoluteMassErrorFragmentPeaks(ppm)	massErrorPrecursor(ppm)	lipidClass
1	C20H44N3O3	[M + Na]+	C20H44N3O3	0.977386934673367	64.23890465117135	64.23890465117135	0.0	28	0.5832305795314427	3.0056040018395915	5.763474999611274	5.360717526885325	
2	C22H42N3O3	[M + H]+	C22H42N3O3	0.022613065326633167	59.90154538179729	59.90154538179729	0.0	23	0.5101285890435089	4.7243807175621395	5.352962797880582	-0.6939229816255311	
2	C22H44N3O4	[M - H2O + H]+	C22H42N3O3	0.022613065326633167	59.90154538179729	59.90154538179729	0.0	24	0.5101285890435089	4.7243807175621395	5.352962797880582	-45329.72017926895	
3	C24H44O4	[M + H]+	C24H44O4	0.0	51.49246384646589	51.49246384646589	0.0	16	0.3750220186718337	0.07501403741544155	4.759787781475513	-4.07319283563095	
3	C24H46O5	[M - H2O + H]+	C24H44O4	0.0	51.49246384646589	51.49246384646589	0.0	17	0.3750220186718337	0.07501403741544155	4.759787781475513	-45333.099449122805	
4	C22H46O4	[M + Na]+	C22H46O4	0.0	51.385329451024354	51.385329451024354	0.0	18	0.41553637484586936	1.6288912145160703	4.759787781475513	1.9814476728799062	
5	C22H48NO2	[M + K]+	C22H48NO2	0.0	47.37112272874552	47.37112272874552	0.0	19	0.44160648229698796	2.416976736618888	5.191851023733681	-5.14669951814784	
6	C25H44NO	[M + Na]+	C25H44NO	0.0	42.28063137672468	42.28063137672468	0.0	17	0.4037343667429981	1.3214859398931542	4.795194845388886	-4.763773118577001	
