rank	molecularFormula	adduct	precursorFormula	ZodiacScore	SiriusScore	TreeScore	IsotopeScore	numExplainedPeaks	explainedIntensity	medianMassErrorFragmentPeaks(ppm)	medianAbsoluteMassErrorFragmentPeaks(ppm)	massErrorPrecursor(ppm)	lipidClass
1	C19H28O	[M + H]+	C19H28O	0.9999999999999999	120.68987991436664	117.83799573628195	2.8518841780846955	25	0.6698637051993942	0.7553933835297382	5.079310244906539	1.2249089797470474	
1	C19H32O3	[M - H4O2 + H]+	C19H28O	0.9999999999999999	120.68987991436664	117.83799573628195	2.8518841780846955	26	0.6698637051993942	0.7553933835297382	5.079310244906539	-131837.27488701008	
1	C19H30O2	[M - H2O + H]+	C19H28O	0.9999999999999999	120.68987991436664	117.83799573628195	2.8518841780846955	26	0.6698637051993942	0.7553933835297382	5.079310244906539	-65918.02498901528	
2	C17H30N3O2	[M - H4O2 + H]+	C17H26N3	0.0	107.79123527289968	106.07615464372779	1.7150806291718999	26	0.6669358909641596	0.7553933835297382	6.407675193632435	-131832.36062009624	
2	C17H26N3	[M + H]+	C17H26N3	0.0	107.79123527289968	106.07615464372779	1.7150806291718999	25	0.6669358909641596	0.7553933835297382	6.407675193632435	6.1391758936235865	
2	C17H28N3O	[M - H2O + H]+	C17H26N3	0.0	107.79123527289968	106.07615464372779	1.7150806291718999	26	0.6669358909641596	0.7553933835297382	6.407675193632435	-65913.1107221012	
