rank	formulaRank	ConfidenceScore	CSI:FingerIDScore	molecularFormula	adduct	InChIkey2D	InChI	name	smiles	xlogp	pubchemids	links	dbflags
1	1	0.048847447079685594	-212.91564818373044	C19H28O	[M + H]+	SOJWLJKPIIODOH	InChI=1S/C19H28O/c1-13(2)14-6-8-16-15(12-14)7-9-17-18(16,3)10-5-11-19(17,4)20/h6,8,12-13,17,20H,5,7,9-11H2,1-4H3	AmbscL07/052	CC(C)C1=CC2=C(C=C1)C3(CCCC(C3CC2)(C)O)C	4.9000001	5320204;14320344;15605917;26183495;26183496;40522879;51411773;51411774;129447914	COCONUT:(CNP0220127);Natural Products:(UNPD132497 UNPD161652 UNPD152611 UNPD106115);PubChem:(5320204 14320344 15605917 26183495 26183496 40522879 51411773 51411774 129447914);PNC:(LTS0121349 LTS0118921);SuperNatural:(SN00345215 SN00287317 SN00302497 SN00157454);ZINC bio:(ZINC05294955 ZINC05294961 ZINC14614507 ZINC14614508)	68722663426
1	1	N/A	-227.96488610886217	C19H32O3	[M - H4O2 + H]+	ZLZZZLNMOSWQFS	InChI=1S/C19H32O3/c1-16(2)9-6-10-17(3)13(16)7-11-18(4)14(17)8-12-19(5,22-18)15(20)21/h13-14H,6-12H2,1-5H3,(H,20,21)	(3R,4aR,6aS,10aS,10bR)-3,4a,7,7,10a-pentamethyl-2,5,6,6a,8,9,10,10b-octahydro-1H-benzo[f]chromene-3-carboxylic acid	CC1(CCCC2(C1CCC3(C2CCC(O3)(C)C(=O)O)C)C)C	4.9000001	14658796	COCONUT:(CNP0334461);Natural Products:(UNPD113124);PubChem:(14658796);PNC:(LTS0158380);SuperNatural:(SN00394550)	68722655234