rank	molecularFormula	adduct	precursorFormula	ZodiacScore	SiriusScore	TreeScore	IsotopeScore	numExplainedPeaks	explainedIntensity	medianMassErrorFragmentPeaks(ppm)	medianAbsoluteMassErrorFragmentPeaks(ppm)	massErrorPrecursor(ppm)	lipidClass
1	C21H46N3O5	[M - H4O2 + H]+	C21H42N3O3	0.9914572864321609	97.95481336919893	94.6881911920614	3.266622177137528	26	0.566637554585153	0.8294414261677858	3.4305406337013125	-93476.99662444905	
1	C21H42N3O3	[M + H]+	C21H42N3O3	0.9914572864321609	97.95481336919893	94.6881911920614	3.266622177137528	25	0.566637554585153	0.8294414261677858	3.4305406337013125	3.9117014561552517	
1	C21H44N3O4	[M - H2O + H]+	C21H42N3O3	0.9914572864321609	97.95481336919893	94.6881911920614	3.266622177137528	26	0.566637554585153	0.8294414261677858	3.4305406337013125	-46736.54246149653	
2	C23H46O5	[M - H2O + H]+	C23H44O4	0.008542713567839198	93.87359959241914	91.15094817090892	2.7226514215102204	20	0.48000000000000015	-0.3350951091620909	2.7640129246838456	-46740.026953018925	
2	C23H48O6	[M - H4O2 + H]+	C23H44O4	0.008542713567839198	93.87359959241914	91.15094817090892	2.7226514215102204	20	0.48000000000000015	-0.3350951091620909	2.7640129246838456	-93480.48111597147	
2	C23H44O4	[M + H]+	C23H44O4	0.008542713567839198	93.87359959241914	91.15094817090892	2.7226514215102204	19	0.48000000000000015	-0.3350951091620909	2.7640129246838456	0.42720993360726933	
3	C26H44NO2	[M - H2O + H]+	C26H42NO	0.0	81.23410259655459	81.23410259655459	0.0	20	0.48000000000000015	-0.3350951091620909	2.7640129246838456	-46746.98220243122	
3	C26H46NO3	[M - H4O2 + H]+	C26H42NO	0.0	81.23410259655459	81.23410259655459	0.0	20	0.48000000000000015	-0.3350951091620909	2.7640129246838456	-93487.43636538375	
3	C26H42NO	[M + H]+	C26H42NO	0.0	81.23410259655459	81.23410259655459	0.0	19	0.48000000000000015	-0.3350951091620909	2.7640129246838456	-6.5280394785363915	
