rank	molecularFormula	adduct	precursorFormula	ZodiacScore	SiriusScore	TreeScore	IsotopeScore	numExplainedPeaks	explainedIntensity	medianMassErrorFragmentPeaks(ppm)	medianAbsoluteMassErrorFragmentPeaks(ppm)	massErrorPrecursor(ppm)	lipidClass
1	C20H42O5	[M + Na]+	C20H42O5	0.9241206030150754	100.89705625845649	100.89705625845649	0.0	27	0.6402042024267538	2.227157606616922	5.578769768826495	2.3905607462493537	
2	C18H40N3O4	[M + Na]+	C18H40N3O4	0.07035175879396985	97.4161925819742	97.4161925819742	0.0	31	0.6882953536549279	2.227157606616922	5.578769768826495	5.875396244856862	
3	C23H40NO2	[M + Na]+	C23H40NO2	0.005527638190954775	95.59157957136811	95.59157957136811	0.0	30	0.6814886060964785	0.9180516784471308	4.222151844869456	-4.565375262722147	
4	C24H42S	[M + Na]+	C24H42S	0.0	46.357600048288695	46.357600048288695	0.0	16	0.362755253033442	3.175509372577732	6.000355282694047	8.884573411505203	
