rank	molecularFormula	adduct	precursorFormula	ZodiacScore	SiriusScore	TreeScore	IsotopeScore	numExplainedPeaks	explainedIntensity	medianMassErrorFragmentPeaks(ppm)	medianAbsoluteMassErrorFragmentPeaks(ppm)	massErrorPrecursor(ppm)	lipidClass
1	C20H30O2	[M + H]+	C20H30O2	0.9999999999999999	75.97421812764853	75.97421812764853	0.0	15	0.4692034827475009	1.5916878944053832	4.277237779365523	0.030561733733404227	
1	C20H32O3	[M - H2O + H]+	C20H30O2	0.9999999999999999	75.97421812764853	75.97421812764853	0.0	16	0.4692034827475009	1.5916878944053832	4.277237779365523	-59395.32562681508	
2	C18H32O2	[M + Na]+	C18H32O2	0.0	68.11240300571012	68.11240300571012	0.0	17	0.5108029667849082	1.998791475539191	2.9360783347826622	7.964055110876914	
3	C15H34N3O2S	[M - H2O + H]+	C15H32N3OS	0.0	60.27533829306705	60.27533829306705	0.0	19	0.542728152208965	1.5067299422484663	5.439656944248388	-59402.01504250008	
3	C15H32N3OS	[M + H]+	C15H32N3OS	0.0	60.27533829306705	60.27533829306705	0.0	18	0.542728152208965	1.5067299422484663	5.439656944248388	-6.658853950898728	
4	C18H30N3O2	[M - H2O + H]+	C18H28N3O	0.0	59.42843871508111	59.42843871508111	0.0	16	0.46920348274750096	1.5916878944053832	2.816402260930735	-59390.89771487423	
4	C18H28N3O	[M + H]+	C18H28N3O	0.0	59.42843871508111	59.42843871508111	0.0	15	0.46920348274750096	1.5916878944053832	2.816402260930735	4.458473674772247	
5	C18H34N	[M + K]+	C18H34N	0.0	36.597577783057325	36.597577783057325	0.0	13	0.4398581102870043	2.2827155199910774	6.450435477212398	-1.3760714336851063	
