rank	molecularFormula	adduct	precursorFormula	ZodiacScore	SiriusScore	TreeScore	IsotopeScore	numExplainedPeaks	explainedIntensity	medianMassErrorFragmentPeaks(ppm)	medianAbsoluteMassErrorFragmentPeaks(ppm)	massErrorPrecursor(ppm)	lipidClass
1	C12H16O8	[M + Na]+	C12H16O8	0.9201005025125628	3.3744117620708565	3.3744117620708565	0.0	1	0.0	1.4846229917996645	1.4846229917996645	1.562241226673338	
2	C15H14NO5	[M + Na]+	C15H14NO5	0.051256281407035184	0.1860349616746788	0.1860349616746788	0.0	7	0.15456259008759285	2.79525368039859	7.130929181894247	-7.053310278295628	
3	C13H20O3S2	[M + Na]+	C13H20O3S2	0.016080402010050253	-0.7194164001377257	-0.7194164001377257	0.0	1	0.0	-1.3090127386921013	1.3090127386921013	-1.2313942869810315	
4	C10H14N3O7	[M + Na]+	C10H14N3O7	0.0050251256281407045	-3.2367790268910577	-3.2367790268910577	0.0	4	0.053553609047566245	0.9833453710101356	7.2112999374118125	5.878522987898948	
5	C11H18N3O2S2	[M + Na]+	C11H18N3O2S2	0.004020100502512563	-2.644527936164315	-2.644527936164315	0.0	8	0.151236278966626	3.1967496601363248	3.539023166101458	3.0848874740618455	
6	C8H22N3O2S3	[M + Na]+	C8H22N3O2S3	0.0025125628140703522	-2.8415276914322285	-2.8415276914322285	0.0	1	0.0	-7.829784953225565	7.829784953225565	-7.7521659953829145	
7	C7H18N3O7S	[M + Na]+	C7H18N3O7S	0.0010050251256281408	-3.940820102666063	-3.940820102666063	0.0	6	0.19359130724027054	2.393393106998813	6.856420514880911	-4.958530481545813	
8	C19H14NS	[M + Na]+	C19H14NS	0.0	-4.145129900647686	-4.145129900647686	0.0	5	0.12030158554163432	2.79525368039859	2.79525368039859	0.9901076771292967	
