rank	molecularFormula	adduct	precursorFormula	ZodiacScore	SiriusScore	TreeScore	IsotopeScore	numExplainedPeaks	explainedIntensity	medianMassErrorFragmentPeaks(ppm)	medianAbsoluteMassErrorFragmentPeaks(ppm)	massErrorPrecursor(ppm)	lipidClass
1	C20H28O4	[M + H]+	C20H28O4	0.9999999999999999	76.3674271655813	73.33703416245021	3.0303930031311026	24	0.773060248168635	1.9586264338853263	3.2603824691060357	1.6938107281635189	
1	C20H30O5	[M - H2O + H]+	C20H28O4	0.9999999999999999	76.3674271655813	73.33703416245021	3.0303930031311026	25	0.773060248168635	1.9586264338853263	3.2603824691060357	-54050.55086951042	
1	C20H32O6	[M - H4O2 + H]+	C20H28O4	0.9999999999999999	76.3674271655813	73.33703416245021	3.0303930031311026	25	0.773060248168635	1.9586264338853263	3.2603824691060357	-108102.79554974899	
2	C18H30N3O5	[M - H4O2 + H]+	C18H26N3O3	0.0	55.03384136432359	52.75679150203194	2.2770498622916544	27	0.7887950366272984	2.922787782974534	3.6588741849681976	-108098.76596570392	
2	C18H26N3O3	[M + H]+	C18H26N3O3	0.0	55.03384136432359	52.75679150203194	2.2770498622916544	26	0.7887950366272984	2.922787782974534	3.6588741849681976	5.723394773417971	
2	C18H28N3O4	[M - H2O + H]+	C18H26N3O3	0.0	55.03384136432359	52.75679150203194	2.2770498622916544	27	0.7887950366272984	2.922787782974534	3.6588741849681976	-54046.52128546533	
3	C23H28NO2	[M - H2O + H]+	C23H26NO	0.0	49.74601970301332	49.74601970301332	0.0	23	0.7486545074002092	1.4568722704379236	4.161439037068589	-54058.59415556268	
3	C23H26NO	[M + H]+	C23H26NO	0.0	49.74601970301332	49.74601970301332	0.0	22	0.7486545074002092	1.4568722704379236	4.161439037068589	-6.349475323927479	
3	C23H30NO3	[M - H4O2 + H]+	C23H26NO	0.0	49.74601970301332	49.74601970301332	0.0	23	0.7486545074002092	1.4568722704379236	4.161439037068589	-108110.83883580126	
