rank	molecularFormula	adduct	precursorFormula	ZodiacScore	SiriusScore	TreeScore	IsotopeScore	numExplainedPeaks	explainedIntensity	medianMassErrorFragmentPeaks(ppm)	medianAbsoluteMassErrorFragmentPeaks(ppm)	massErrorPrecursor(ppm)	lipidClass
1	C20H32O	[M - H2O + H]+	C20H30	0.9999999999999999	66.3668323901144	66.3668323901144	0.0	20	0.7079298496139946	2.1395742584815967	2.5970641825426917	-66399.39830990911	
1	C20H30	[M + H]+	C20H30	0.9999999999999999	66.3668323901144	66.3668323901144	0.0	19	0.7079298496139946	2.1395742584815967	2.5970641825426917	0.8894215101952178	
