rank	molecularFormula	adduct	precursorFormula	ZodiacScore	SiriusScore	TreeScore	IsotopeScore	numExplainedPeaks	explainedIntensity	medianMassErrorFragmentPeaks(ppm)	medianAbsoluteMassErrorFragmentPeaks(ppm)	massErrorPrecursor(ppm)	lipidClass
1	C19H28O	[M - H2O + H]+	C19H26	0.9999999999999999	76.03814252675565	76.03814252675565	0.0	19	0.5458978164087342	-0.18710554553457387	5.5933085043424535	-70569.52668090815	
1	C19H26	[M + H]+	C19H26	0.9999999999999999	76.03814252675565	76.03814252675565	0.0	18	0.5458978164087342	-0.18710554553457387	5.5933085043424535	1.6999248778525835	
