rank	molecularFormula	adduct	precursorFormula	ZodiacScore	SiriusScore	TreeScore	IsotopeScore	numExplainedPeaks	explainedIntensity	medianMassErrorFragmentPeaks(ppm)	medianAbsoluteMassErrorFragmentPeaks(ppm)	massErrorPrecursor(ppm)	lipidClass
1	C28H60N3O6	[M + Na]+	C28H60N3O6	0.9949748743718594	45.9685811441208	45.9685811441208	0.0	31	0.6744063878966166	1.8576782017928892	5.145785689944198	3.9092641721606523	
2	C30H62O7	[M + Na]+	C30H62O7	0.0020100502512562816	38.55735429152819	38.55735429152819	0.0	17	0.4832948098339984	3.030445051277162	5.145785689944198	1.500601471627931	
3	C30H64NO4S	[M + Na]+	C30H64NO4S	0.0015075376884422112	39.46494307486389	39.46494307486389	0.0	27	0.6371086362681232	0.15328056061529557	6.493004732387758	-9.354751960239557	
4	C36H58N2O	[M + Na]+	C36H58N2O	0.0015075376884422112	39.43992470877075	39.43992470877075	0.0	17	0.4837150661903759	3.030445051277162	5.145785689944198	-8.115062520189378	
5	C33H60NO4	[M + Na]+	C33H60NO4	0.0	38.4654816239468	38.4654816239468	0.0	27	0.6371086362681232	0.15328056061529557	5.845323011183781	-3.3072305240767785	
6	C29H64N3OS2	[M + Na]+	C29H64N3OS2	0.0	35.00862509662497	35.00862509662497	0.0	17	0.4837150661903759	3.030445051277162	4.795194845388886	2.350300686154977	
7	C34H62O2S	[M + Na]+	C34H62O2S	0.0	33.8500453720298	33.8500453720298	0.0	16	0.4747846186173563	4.970490267666542	5.5571407433186755	5.989159421785036	
8	C32H60N3OS	[M + Na]+	C32H60N3OS	0.0	30.396890438018083	30.396890438018083	0.0	17	0.4837150661903759	4.795194845388886	5.145785689944198	8.397822122317757	
