rank	molecularFormula	adduct	precursorFormula	ZodiacScore	SiriusScore	TreeScore	IsotopeScore	numExplainedPeaks	explainedIntensity	medianMassErrorFragmentPeaks(ppm)	medianAbsoluteMassErrorFragmentPeaks(ppm)	massErrorPrecursor(ppm)	lipidClass
1	C9H10O3	[M - H2O + H]+	C9H8O2	0.9999999999999999	6.89336669025325	6.89336669025325	0.0	3	0.09956076134699852	12.723343196092598	12.723343196092598	-120824.30074311743	
1	C9H8O2	[M + H]+	C9H8O2	0.9999999999999999	6.89336669025325	6.89336669025325	0.0	2	0.09956076134699852	12.723343196092598	12.723343196092598	3.171981736937971	
2	C4H10N3OS	[M + H]+	C4H10N3OS	0.0	-0.4463184514416252	-0.4463184514416252	0.0	2	0.1185944363103953	1.0944182001475427	1.0944182001475427	-10.43624023626837	
2	C4H12N3O2S	[M - H2O + H]+	C4H10N3OS	0.0	-0.4463184514416252	-0.4463184514416252	0.0	3	0.1185944363103953	1.0944182001475427	1.0944182001475427	-120837.90896509084	
3	C7H6N3O	[M + H]+	C7H6N3O	0.0	-3.605170185988091	-3.605170185988091	0.0	1	0.0	NaN	NaN	12.179645696146219	
4	C7H12N	[M + K]+	C7H12N	0.0	-3.605170185988091	-3.605170185988091	0.0	1	0.0	NaN	NaN	0.31047973467237766	
