rank	molecularFormula	adduct	precursorFormula	ZodiacScore	SiriusScore	TreeScore	IsotopeScore	numExplainedPeaks	explainedIntensity	medianMassErrorFragmentPeaks(ppm)	medianAbsoluteMassErrorFragmentPeaks(ppm)	massErrorPrecursor(ppm)	lipidClass
1	C16H31NO	[M + H]+	C16H31NO	0.9999999999999999	44.815043405404005	39.285925749585225	5.52911765581878	10	0.31866496598639443	0.631348999325813	5.6175613452988	1.0064492673739478	
1	C16H33NO2	[M - H2O + H]+	C16H31NO	0.9999999999999999	44.815043405404005	39.285925749585225	5.52911765581878	11	0.31866496598639443	0.631348999325813	5.6175613452988	-70837.53629666792	
