rank	molecularFormula	adduct	precursorFormula	ZodiacScore	SiriusScore	TreeScore	IsotopeScore	numExplainedPeaks	explainedIntensity	medianMassErrorFragmentPeaks(ppm)	medianAbsoluteMassErrorFragmentPeaks(ppm)	massErrorPrecursor(ppm)	lipidClass
1	C47H70O2	[M + K]+	C47H70O2	0.34472361809045227	3.5	3.5	0.0	1	0.0	NaN	NaN	-9.605682645161217	
2	C36H74O10	[M + K]+	C36H74O10	0.26884422110552764	3.3490514798569406	3.3490514798569406	0.0	1	0.0	NaN	NaN	3.6940938156707794	
3	C42H70N2O4	[M + K]+	C42H70N2O4	0.20100502512562818	2.6806427247352658	2.6806427247352658	0.0	5	0.21710526315789466	-5.834225173326206	5.834225173326206	-3.9036352685018003	
4	C35H74N2O9	[M + K]+	C35H74N2O9	0.17939698492462314	2.924615249190528	0.8677708394024242	2.056844409788104	1	0.0	NaN	NaN	-12.228622170733834	
5	C39H72NO7	[M + K]+	C39H72NO7	0.0050251256281407045	-0.6840336917829442	-0.6840336917829442	0.0	5	0.21710526315789466	-5.834225173326206	5.834225173326206	-0.10477072625436548	
6	C45H68N3O	[M + K]+	C45H68N3O	0.0010050251256281408	-3.605170185988091	-3.605170185988091	0.0	1	0.0	NaN	NaN	-7.702499810426945	
