rank	molecularFormula	adduct	precursorFormula	ZodiacScore	SiriusScore	TreeScore	IsotopeScore	numExplainedPeaks	explainedIntensity	medianMassErrorFragmentPeaks(ppm)	medianAbsoluteMassErrorFragmentPeaks(ppm)	massErrorPrecursor(ppm)	lipidClass
1	C20H32O2	[M - H4O2 + H]+	C20H28	0.9999999999999999	88.66943912431233	88.66943912431233	0.0	30	0.7448320259412033	1.7300049311482397	3.3792451837961988	-133793.51599619733	
1	C20H30O	[M - H2O + H]+	C20H28	0.9999999999999999	88.66943912431233	88.66943912431233	0.0	30	0.7448320259412033	1.7300049311482397	3.3792451837961988	-66896.12614415787	
1	C20H28	[M + H]+	C20H28	0.9999999999999999	88.66943912431233	88.66943912431233	0.0	29	0.7448320259412033	1.7300049311482397	3.3792451837961988	1.26370788135008	
