rank	molecularFormula	adduct	precursorFormula	ZodiacScore	SiriusScore	TreeScore	IsotopeScore	numExplainedPeaks	explainedIntensity	medianMassErrorFragmentPeaks(ppm)	medianAbsoluteMassErrorFragmentPeaks(ppm)	massErrorPrecursor(ppm)	lipidClass
1	C14H33NO2	[M - H2O + H]+	C14H31NO	0.9999999999999999	12.80473804699005	10.772710654830329	2.0320273921597214	8	0.1329805996472663	-0.004263606411258515	3.3595329104147043	-78220.41245325367	
1	C14H31NO	[M + H]+	C14H31NO	0.9999999999999999	12.80473804699005	10.772710654830329	2.0320273921597214	7	0.1329805996472663	-0.004263606411258515	3.3595329104147043	1.947927983292392	
