rank	molecularFormula	adduct	precursorFormula	ZodiacScore	SiriusScore	TreeScore	IsotopeScore	numExplainedPeaks	explainedIntensity	medianMassErrorFragmentPeaks(ppm)	medianAbsoluteMassErrorFragmentPeaks(ppm)	massErrorPrecursor(ppm)	lipidClass
1	C31H50O4	[M - H2O + H]+	C31H48O3	0.9999999999999999	55.08969593919082	55.08969593919082	0.0	25	0.7479647891984906	0.18970846940212271	4.788419353863464	-38372.08586926978	
2	C26H50N2O6	[M - H2O + H]+	C26H48N2O5	0.0	49.31431030461445	49.31431030461445	0.0	38	0.864253094182275	0.19895728510375377	5.618442688083844	-38363.51527294923	
3	C29H48N3O3	[M - H2O + H]+	C29H46N3O2	0.0	48.03934152138934	48.03934152138934	0.0	26	0.7533258322853924	0.21231580839613157	4.763280202829045	-38369.22524558108	
4	C28H54O4S	[M - H2O + H]+	C28H52O3S	0.0	46.385838578337285	46.385838578337285	0.0	31	0.7933020054272285	2.0001208197126092	5.092678862987755	-38379.268146420865	
5	C27H54N2OS2	[M - H2O + H]+	C27H52N2S2	0.0	45.69425531938904	45.69425531938904	0.0	36	0.8344033357601426	0.377347470122146	5.618442688083844	-38365.36676003254	
6	C26H52N3O3S	[M - H2O + H]+	C26H50N3O2S	0.0	45.30396221261694	45.30396221261694	0.0	26	0.7533258322853924	0.19895728510375377	4.763280202829045	-38376.407522732276	
7	C34H48NO	[M - H2O + H]+	C34H46N	0.0	43.90926840164449	43.90926840164449	0.0	27	0.7596134754120059	-0.30853438369797437	5.373430630718573	-38377.795841901505	
