rank	formulaRank	ConfidenceScore	CSI:FingerIDScore	molecularFormula	adduct	InChIkey2D	InChI	name	smiles	xlogp	pubchemids	links	dbflags
1	3	N/A	-165.58704183192168	C28H46O3	[M + H]+	SIYBXEYFWKPLJC	InChI=1S/C28H46O3/c1-18(8-11-24(29)30)19-12-16-28(6)21-9-10-22-25(2,3)23(31-7)14-15-26(22,4)20(21)13-17-27(19,28)5/h13,18-19,21-23H,8-12,14-17H2,1-7H3,(H,29,30)	(4R)-4-[(3R,5R,8S,10S,13R,14S,17R)-3-methoxy-4,4,10,13,14-pentamethyl-2,3,5,6,7,8,12,15,16,17-decahydro-1H-cyclopenta[a]phenanthren-17-yl]pentanoic acid	CC(CCC(=O)O)C1CCC2(C1(CC=C3C2CCC4C3(CCC(C4(C)C)OC)C)C)C	7.0999999	10598762;10646317;21606603;21606604	COCONUT:(CNP0188775);Natural Products:(UNPD8399 UNPD159219);PubChem:(10598762 10646317 21606603 21606604);PNC:(LTS0214067 LTS0002592);SuperNatural:(SN00272673)	68722655234
1	3	0.07866601719292655	-109.33379305625455	C28H48O4	[M - H2O + H]+	SBSXXCCMIWEPEE	InChI=1S/C28H48O4/c1-15(2)16(3)25(31)26(32)17(4)20-7-8-21-19-14-24(30)23-13-18(29)9-11-28(23,6)22(19)10-12-27(20,21)5/h15-23,25-26,29,31-32H,7-14H2,1-6H3	Teasterone	CC(C)C(C)C(C(C(C)C1CCC2C1(CCC3C2CC(=O)C4C3(CCC(C4)O)C)C)O)O	5.69999981	10551459;10551460;10599604;10837451;13475115;13475116;13475117;13475120;13475125;13475126;13475127;11113121;21770586;21770611;23724583;23724585;44201246;59444564;59444579;72720594;139197763	HMDB:(34423);PNC:(LTS0043723 LTS0030045);SuperNatural:(SN00336603 SN00264808 SN00276963 SN00400440);Plantcyc:(CPD-716 CPD-719);PubMed;COCONUT:(CNP0204072);KNApSAcK:(185);Natural Products:(UNPD26772 UNPD41123 UNPD62319 UNPD178668 UNPD113792 UNPD161705);PubChem:(10551459 10551460 10599604 10837451 13475115 13475116 13475117 13475120 13475125 13475126 13475127 11113121 21770586 21770611 23724583 23724585 44201246 59444564 59444579 72720594 139197763);CHEBI:(27173 26863);PubChem class - bio and metabolites;KEGG:(C15791 C15793);Biocyc:(CPD-719 CPD-716)	68739565946