rank	molecularFormula	adduct	precursorFormula	ZodiacScore	SiriusScore	TreeScore	IsotopeScore	numExplainedPeaks	explainedIntensity	medianMassErrorFragmentPeaks(ppm)	medianAbsoluteMassErrorFragmentPeaks(ppm)	massErrorPrecursor(ppm)	lipidClass
1	C34H65NO4	[M + Na]+	C34H65NO4	0.9547738693467336	23.052598714155483	23.052598714155483	0.0	11	0.3527054108216433	3.830464362801631	6.619968988265638	1.3267331686626298	
2	C37H63N2O	[M + Na]+	C37H63N2O	0.043216080402010054	20.67163773177507	20.67163773177507	0.0	11	0.3527054108216433	3.830464362801631	6.619968988265638	-3.3384766511155037	
3	C34H67N2OS	[M + Na]+	C34H67N2OS	0.0020100502512562816	16.697980580332043	16.697980580332043	0.0	14	0.42725450901803613	3.302691568895681	7.013804774985541	-9.206601080861361	
