rank	molecularFormula	adduct	precursorFormula	ZodiacScore	SiriusScore	TreeScore	IsotopeScore	numExplainedPeaks	explainedIntensity	medianMassErrorFragmentPeaks(ppm)	medianAbsoluteMassErrorFragmentPeaks(ppm)	massErrorPrecursor(ppm)	lipidClass
1	C8H8O2	[M + H]+	C8H8O2	0.9969849246231155	3.5	3.5	0.0	1	0.0	NaN	NaN	3.986229654397548	
2	C6H6N3O	[M + H]+	C6H6N3O	0.0015075376884422112	-3.605170185988091	-3.605170185988091	0.0	1	0.0	NaN	NaN	13.782534399642401	
3	C3H10N3OS	[M + H]+	C3H10N3OS	0.0015075376884422112	-5.214608098422191	-5.214608098422191	0.0	1	0.0	NaN	NaN	-10.813422074859925	
4	C6H12N	[M + K]+	C6H12N	0.0	-4.605170185988091	-4.605170185988091	0.0	1	0.0	NaN	NaN	0.8741968598497769	
