rank	molecularFormula	adduct	precursorFormula	ZodiacScore	SiriusScore	TreeScore	IsotopeScore	numExplainedPeaks	explainedIntensity	medianMassErrorFragmentPeaks(ppm)	medianAbsoluteMassErrorFragmentPeaks(ppm)	massErrorPrecursor(ppm)	lipidClass
1	C20H32O	[M + H]+	C20H32O	0.9999999999999999	114.22540058845374	114.22540058845374	0.0	23	0.5539865924975039	4.813558504897883	5.829881044234827	-0.4970798093274251	
1	C20H34O2	[M - H2O + H]+	C20H32O	0.9999999999999999	114.22540058845374	114.22540058845374	0.0	24	0.5539865924975039	4.813558504897883	5.829881044234827	-62266.39937016781	
2	C18H32N3O	[M - H2O + H]+	C18H30N3	0.0	96.44993074781307	96.44993074781307	0.0	23	0.5458565111966909	4.938054594423799	5.775781409908416	-62261.75745958821	
2	C18H30N3	[M + H]+	C18H30N3	0.0	96.44993074781307	96.44993074781307	0.0	22	0.5458565111966909	4.938054594423799	5.775781409908416	4.144830770081111	
3	C15H36N3OS	[M - H2O + H]+	C15H34N3S	0.0	96.18385188862406	96.18385188862406	0.0	24	0.5634003708458138	5.062550683949715	6.275387667328798	-62273.412081768976	
3	C15H34N3S	[M + H]+	C15H34N3S	0.0	96.18385188862406	96.18385188862406	0.0	23	0.5634003708458138	5.062550683949715	6.275387667328798	-7.5097914106911485	
