rank	molecularFormula	adduct	precursorFormula	ZodiacScore	SiriusScore	TreeScore	IsotopeScore	numExplainedPeaks	explainedIntensity	medianMassErrorFragmentPeaks(ppm)	medianAbsoluteMassErrorFragmentPeaks(ppm)	massErrorPrecursor(ppm)	lipidClass
1	C8H10O3	[M + H]+	C8H10O3	0.9894472361809046	3.3136869676650047	3.3136869676650047	0.0	1	0.0	2.7688525909522967	2.7688525909522967	2.703955728649281	
2	C3H12N3O2S	[M + H]+	C3H12N3O2S	0.004522613065326635	-1.8646120536765094	-1.8646120536765094	0.0	1	0.0	-10.311916374546833	10.311916374546833	-10.376814085753061	
3	C6H14NO	[M + K]+	C6H14NO	0.004522613065326634	-1.8408840796081978	-1.8408840796081978	0.0	2	0.040059347181008904	4.549855089381668	4.549855089381668	-0.04663498707799827	
4	C9H10N	[M + Na]+	C9H10N	0.0010050251256281408	-3.668926312243191	-3.668926312243191	0.0	1	0.0	0.9994145214997717	0.9994145214997717	0.9345175443654594	
5	C6H8N3O2	[M + H]+	C6H8N3O2	5.025125628140704E-4	-4.584391289407095	-4.584391289407095	0.0	1	0.0	11.427380604171425	11.427380604171425	11.362484303781265	
