rank	molecularFormula	adduct	precursorFormula	ZodiacScore	SiriusScore	TreeScore	IsotopeScore	numExplainedPeaks	explainedIntensity	medianMassErrorFragmentPeaks(ppm)	medianAbsoluteMassErrorFragmentPeaks(ppm)	massErrorPrecursor(ppm)	lipidClass
1	C18H30O3	[M - H2O + H]+	C18H28O2	0.9999999999999999	50.850582755489924	47.58730505129229	3.263277704197634	14	0.4300206327372765	-2.4610264652834157	9.841418684935633	-64966.67222622493	
1	C18H28O2	[M + H]+	C18H28O2	0.9999999999999999	50.850582755489924	47.58730505129229	3.263277704197634	13	0.4300206327372765	-2.4610264652834157	9.841418684935633	2.541283064565134	
2	C16H28N3O2	[M - H2O + H]+	C16H26N3O	0.0	47.41579989075784	46.065682082480656	1.3501178082771812	16	0.45392022008253097	2.0762285430682597	8.86750571637442	-64961.82878433408	
2	C16H26N3O	[M + H]+	C16H26N3O	0.0	47.41579989075784	46.065682082480656	1.3501178082771812	15	0.45392022008253097	2.0762285430682597	8.86750571637442	7.3847249556190375	
3	C13H30N3OS	[M + H]+	C13H30N3OS	0.0	45.078754304065654	45.078754304065654	0.0	17	0.47266162310866566	-2.4610264652834157	7.205775921675151	-4.775889586101188	
3	C13H32N3O2S	[M - H2O + H]+	C13H30N3OS	0.0	45.078754304065654	45.078754304065654	0.0	18	0.47266162310866566	-2.4610264652834157	7.205775921675151	-64973.989398875594	
