rank	molecularFormula	adduct	precursorFormula	ZodiacScore	SiriusScore	TreeScore	IsotopeScore	numExplainedPeaks	explainedIntensity	medianMassErrorFragmentPeaks(ppm)	medianAbsoluteMassErrorFragmentPeaks(ppm)	massErrorPrecursor(ppm)	lipidClass
1	C28H50O8	[M + Na]+	C28H50O8	0.5834170854271358	86.64519948317798	80.98722655301553	5.657972930162439	22	0.59725169243205	-1.9115791339056705	5.448626188154613	1.0531525948137077	
2	C23H50N2O10	[M + Na]+	C23H50N2O10	0.2221105527638191	85.60960355875753	81.27266063165337	4.336942927104156	29	0.6877841770233403	-1.5713589209496241	5.605499039492034	8.539580817367565	
3	C26H48N3O7	[M + Na]+	C26H48N3O7	0.19447236180904526	85.21880816329315	79.78776103131021	5.431047131982935	30	0.6964736788925935	-0.8786213174983382	4.799262355861348	3.5519115044205964	
4	C31H48NO5	[M + Na]+	C31H48NO5	0.0	71.96495775561625	69.27911064120937	2.685847114406884	26	0.6572698797615438	-1.9115791339056705	5.448626188154613	-3.9345167181332608	
5	C34H46N2O2	[M + Na]+	C34H46N2O2	0.0	70.34365003558189	70.34365003558189	0.0	23	0.5513792058199454	-1.6792910014342843	5.544289578428645	-8.922186030868657	
6	C38H44N	[M + Na]+	C38H44N	0.0	43.82027950311074	43.82027950311074	0.0	14	0.3002930180862887	2.763497554598497	6.125599369298107	6.995665509249055	
