rank	molecularFormula	adduct	precursorFormula	ZodiacScore	SiriusScore	TreeScore	IsotopeScore	numExplainedPeaks	explainedIntensity	medianMassErrorFragmentPeaks(ppm)	medianAbsoluteMassErrorFragmentPeaks(ppm)	massErrorPrecursor(ppm)	lipidClass
1	C20H30O4	[M + H]+	C20H30O4	0.9999999999999999	107.41149373039767	104.96998389780076	2.4415098325969047	25	0.6299102691924228	2.950233867809878	6.0161158129830685	-0.45448617990307677	
1	C20H32O5	[M - H2O + H]+	C20H30O4	0.9999999999999999	107.41149373039767	104.96998389780076	2.4415098325969047	26	0.6299102691924228	2.950233867809878	6.0161158129830685	-53727.80455788858	
2	C18H32O4	[M + Na]+	C18H32O4	0.0	98.6512442571719	96.17191564874354	2.479328608428362	24	0.6199401794616152	-1.0645477155444418	6.792553522102892	6.72192630952232	
3	C18H30N3O4	[M - H2O + H]+	C18H28N3O3	0.0	93.5118979106643	90.52455132727562	2.987346583388683	23	0.6015952143569291	1.9073350878131685	5.239678103863246	-53723.79919467168	
3	C18H28N3O3	[M + H]+	C18H28N3O3	0.0	93.5118979106643	90.52455132727562	2.987346583388683	22	0.6015952143569291	1.9073350878131685	5.239678103863246	3.550877037175485	
4	C21H30NO	[M + Na]+	C21H30NO	0.0	91.25727014789722	89.64702028472603	1.6102498631711861	24	0.6235294117647058	1.9073350878131685	5.239678103863246	-1.2730135492024752	
5	C23H30NO2	[M - H2O + H]+	C23H28NO	0.0	90.99751271184198	90.99751271184198	0.0	24	0.6135593220338983	0.42139368613436334	6.0161158129830685	-53735.79949774748	
5	C23H28NO	[M + H]+	C23H28NO	0.0	90.99751271184198	90.99751271184198	0.0	23	0.6135593220338983	0.42139368613436334	6.0161158129830685	-8.449426038627871	
