rank	molecularFormula	adduct	precursorFormula	ZodiacScore	SiriusScore	TreeScore	IsotopeScore	numExplainedPeaks	explainedIntensity	medianMassErrorFragmentPeaks(ppm)	medianAbsoluteMassErrorFragmentPeaks(ppm)	massErrorPrecursor(ppm)	lipidClass
1	C27H48O6	[M + Na]+	C27H48O6	0.9763819095477388	21.40302254427879	15.56334630709165	5.839676237187143	9	0.13936803541444054	4.469890847505051	4.469890847505051	1.0166012348974882	
2	C30H46NO3	[M + Na]+	C30H46NO3	0.01407035175879397	17.460995458905337	13.08398958877283	4.377005870132507	9	0.1357044725996031	0.51305832228371	4.253783092768427	-4.438082513359131	
3	C22H48N2O8	[M + Na]+	C22H48N2O8	0.006030150753768845	16.616085137053407	13.959914523546075	2.656170613507332	10	0.1508166692108075	5.952466307621973	5.952466307621973	9.204012186953202	
4	C25H46N3O5	[M + Na]+	C25H46N3O5	0.003517587939698493	16.327570263202674	11.053335647010439	5.274234616192234	12	0.18943672721721871	0.60004330330631	3.645803061897808	3.7493284386965837	
