rank	molecularFormula	adduct	precursorFormula	ZodiacScore	SiriusScore	TreeScore	IsotopeScore	numExplainedPeaks	explainedIntensity	medianMassErrorFragmentPeaks(ppm)	medianAbsoluteMassErrorFragmentPeaks(ppm)	massErrorPrecursor(ppm)	lipidClass
1	C11H16O	[M - H2O + H]+	C11H14	0.9999999999999999	17.751159180636385	17.751159180636385	0.0	5	0.3409961685823755	2.415225625727831	2.415225625727831	-122420.65955065931	
1	C11H14	[M + H]+	C11H14	0.9999999999999999	17.751159180636385	17.751159180636385	0.0	4	0.3409961685823755	2.415225625727831	2.415225625727831	2.578033157662189	
