rank	molecularFormula	adduct	precursorFormula	ZodiacScore	SiriusScore	TreeScore	IsotopeScore	numExplainedPeaks	explainedIntensity	medianMassErrorFragmentPeaks(ppm)	medianAbsoluteMassErrorFragmentPeaks(ppm)	massErrorPrecursor(ppm)	lipidClass
1	C24H46N2O2	[M + H]+	C24H46N2O2	0.9999999999999999	68.88967700863809	68.88967700863809	0.0	30	0.8617520574559585	4.155299361447021	5.334309536676457	7.655422385022746	
1	C24H48N2O3	[M - H2O + H]+	C24H46N2O2	0.9999999999999999	68.88967700863809	68.88967700863809	0.0	31	0.8617520574559585	4.155299361447021	5.334309536676457	-45546.47447709544	
1	C24H50N2O4	[M - H4O2 + H]+	C24H46N2O2	0.9999999999999999	68.88967700863809	68.88967700863809	0.0	31	0.8617520574559585	4.155299361447021	5.334309536676457	-91100.60437657606	
2	C29H50O2	[M - H4O2 + H]+	C29H46	0.0	52.029778390362296	52.029778390362296	0.0	27	0.4662293435787727	3.2196840621360674	5.3250127458236705	-91110.77914537479	
2	C29H48O	[M - H2O + H]+	C29H46	0.0	52.029778390362296	52.029778390362296	0.0	27	0.4662293435787727	3.2196840621360674	5.3250127458236705	-45556.64924589418	
2	C29H46	[M + H]+	C29H46	0.0	52.029778390362296	52.029778390362296	0.0	26	0.4662293435787727	3.2196840621360674	5.3250127458236705	-2.5193464137112667	
