rank	molecularFormula	adduct	precursorFormula	ZodiacScore	SiriusScore	TreeScore	IsotopeScore	numExplainedPeaks	explainedIntensity	medianMassErrorFragmentPeaks(ppm)	medianAbsoluteMassErrorFragmentPeaks(ppm)	massErrorPrecursor(ppm)	lipidClass
1	C12H28N3O5	[M + Na]+	C12H28N3O5	0.9914572864321608	59.39880430803547	56.89534148047721	2.5034628275582658	18	0.49584398976982097	0.8858954941355835	4.173825927822774	6.01192730105979	
2	C14H30O6	[M + Na]+	C14H30O6	0.008542713567839196	54.82849380494556	52.25359592707681	2.5748978778687532	12	0.3439897698209719	1.8014308834766122	2.925267283201138	1.7789219481059044	
3	C17H28NO3	[M + Na]+	C17H28NO3	0.0	41.27371780399886	41.27371780399886	0.0	12	0.3439897698209719	1.8014308834766122	4.173825927822774	-6.670404962927802	
4	C13H32N3S2	[M + Na]+	C13H32N3S2	0.0	38.410073621083086	38.410073621083086	0.0	16	0.41368286445012786	2.0352505754272934	3.0262507972465795	3.2721909404187235	
