rank	molecularFormula	adduct	precursorFormula	ZodiacScore	SiriusScore	TreeScore	IsotopeScore	numExplainedPeaks	explainedIntensity	medianMassErrorFragmentPeaks(ppm)	medianAbsoluteMassErrorFragmentPeaks(ppm)	massErrorPrecursor(ppm)	lipidClass
1	C18H37NO	[M + H]+	C18H37NO	0.9999999999999999	9.923326937224079	9.923326937224079	0.0	8	0.2672658467360453	-1.0832576656885793	6.329117282501771	2.2357317584054375	
1	C18H39NO2	[M - H2O + H]+	C18H37NO	0.9999999999999999	9.923326937224079	9.923326937224079	0.0	9	0.2672658467360453	-1.0832576656885793	6.329117282501771	-63349.34499060818	
