rank	molecularFormula	adduct	precursorFormula	ZodiacScore	SiriusScore	TreeScore	IsotopeScore	numExplainedPeaks	explainedIntensity	medianMassErrorFragmentPeaks(ppm)	medianAbsoluteMassErrorFragmentPeaks(ppm)	massErrorPrecursor(ppm)	lipidClass
1	C22H20O10	[M - H4O2 + H]+	C22H16O8	0.9999999999999999	110.9861761185471	105.26062862996363	5.725547488583474	35	0.8428226157930182	1.1304965174556245	3.410873205722248	-88050.21822979544	
2	C20H18N3O9	[M - H4O2 + H]+	C20H14N3O7	0.0	99.14029183654382	94.7622187997956	4.378073036748225	35	0.8428226157930182	1.695082524974608	3.563126841308171	-88046.93612419322	
3	C25H18NO7	[M - H4O2 + H]+	C25H14NO5	0.0	97.18531839347854	93.01451138209684	4.1708070113817035	35	0.8428226157930182	1.1304965174556245	3.6216011863247677	-88056.76950504298	
4	C10H24N2O17	[M - H4O2 + H]+	C10H20N2O15	0.0	45.40560992527709	45.40560992527709	0.0	30	0.5989539997622724	-0.04013069533784617	3.7050613810206974	-88054.7415810752	
5	C32H14NO2	[M - H4O2 + H]+	C32H10N	0.0	-8.453344152663655	-8.453344152663655	0.0	13	0.23968857720194928	3.3757366269258036	5.374527266168769	-88042.41277291345	
