rank	molecularFormula	adduct	precursorFormula	ZodiacScore	SiriusScore	TreeScore	IsotopeScore	numExplainedPeaks	explainedIntensity	medianMassErrorFragmentPeaks(ppm)	medianAbsoluteMassErrorFragmentPeaks(ppm)	massErrorPrecursor(ppm)	lipidClass
1	C13H25N3O2	[M + Na]+	C13H25N3O2	0.9854271356783921	55.30950570754782	55.30950570754782	0.0	12	0.5552486187845305	0.7105759656536762	3.716620465981613	-0.14539856926596248	
2	C12H25N2O5	[M + H]+	C12H25N2O5	0.014572864321608042	51.19592647411125	51.19592647411125	0.0	12	0.5646408839779006	5.843413617980919	5.852474857392596	0.8409562920488137	
2	C12H27N2O6	[M - H2O + H]+	C12H25N2O5	0.014572864321608042	51.19592647411125	51.19592647411125	0.0	13	0.5646408839779006	5.843413617980919	5.852474857392596	-64742.544441009886	
3	C15H27O3	[M + Na]+	C15H27O3	0.0	45.475257254689716	45.475257254689716	0.0	10	0.4513812154696133	1.3270047807985017	5.843413617980919	-4.9720050196750165	
4	C15H25N3O3	[M - H2O + H]+	C15H23N3O2	0.0	41.47212530906961	41.47212530906961	0.0	12	0.48895027624309395	7.031125496149965	7.145267493939998	-64752.17863052064	
4	C15H23N3O2	[M + H]+	C15H23N3O2	0.0	41.47212530906961	41.47212530906961	0.0	11	0.48895027624309395	7.031125496149965	7.145267493939998	-8.793233218709023	
5	C13H31N2OS2	[M - H2O + H]+	C13H29N2S2	0.0	35.57197049737821	35.57197049737821	0.0	10	0.4303867403314917	1.8497731758019311	6.034519353490458	-64745.66837497381	
5	C13H29N2S2	[M + H]+	C13H29N2S2	0.0	35.57197049737821	35.57197049737821	0.0	9	0.4303867403314917	1.8497731758019311	6.034519353490458	-2.2829776718729695	
