rank	molecularFormula	adduct	precursorFormula	ZodiacScore	SiriusScore	TreeScore	IsotopeScore	numExplainedPeaks	explainedIntensity	medianMassErrorFragmentPeaks(ppm)	medianAbsoluteMassErrorFragmentPeaks(ppm)	massErrorPrecursor(ppm)	lipidClass
1	C9H10O3	[M - H2O + H]+	C9H8O2	0.9999999999999999	9.086146015058308	9.086146015058308	0.0	3	0.0772676371780515	7.411511140934909	7.411511140934909	-120824.19555861283	
1	C9H8O2	[M + H]+	C9H8O2	0.9999999999999999	9.086146015058308	9.086146015058308	0.0	2	0.0772676371780515	7.411511140934909	7.411511140934909	3.2658271067123144	
2	C4H10N3OS	[M + H]+	C4H10N3OS	0.0	-1.7248548195155822	-1.7248548195155822	0.0	2	0.0772676371780515	-9.048664919281315	9.048664919281315	-10.342393589421354	
2	C4H12N3O2S	[M - H2O + H]+	C4H10N3OS	0.0	-1.7248548195155822	-1.7248548195155822	0.0	3	0.0772676371780515	-9.048664919281315	9.048664919281315	-120837.80377930918	
3	C7H6N3O	[M + H]+	C7H6N3O	0.0	-1.9697947583949404	-1.9697947583949404	0.0	2	0.0772676371780515	11.915342478904135	11.915342478904135	12.273490220590325	
3	C7H8N3O2	[M - H2O + H]+	C7H6N3O	0.0	-1.9697947583949404	-1.9697947583949404	0.0	3	0.0772676371780515	11.915342478904135	11.915342478904135	-120815.18789549916	
4	C7H12N	[M + K]+	C7H12N	0.0	-3.6324692743072573	-3.6324692743072573	0.0	1	0.0	0.45294390775195825	0.45294390775195825	0.4043253729862864	
