rank	molecularFormula	adduct	precursorFormula	ZodiacScore	SiriusScore	TreeScore	IsotopeScore	numExplainedPeaks	explainedIntensity	medianMassErrorFragmentPeaks(ppm)	medianAbsoluteMassErrorFragmentPeaks(ppm)	massErrorPrecursor(ppm)	lipidClass
1	C17H22O3	[M + Na]+	C17H22O3	0.9999999999999999	59.89369963298519	59.89369963298519	0.0	26	0.7160831509846827	1.4765339636845156	6.620726704089462	1.9402637666497318	
2	C12H24N3O2S	[M + Na]+	C12H24N3O2S	0.0	46.34953665056722	46.34953665056722	0.0	28	0.7084852905421832	-1.8336714566525834	4.2669327714406675	-4.886142368591313	
3	C15H20N3O2	[M + Na]+	C15H20N3O2	0.0	45.0692049366904	45.0692049366904	0.0	28	0.7063578896182834	1.4765339636845156	5.618442688083844	6.4588535306568735	
4	C20H20N	[M + Na]+	C20H20N	0.0	36.82883053248294	36.82883053248294	0.0	27	0.5981643569170921	2.179776205745722	6.714588458537582	-7.079106375916842	
