rank	molecularFormula	adduct	precursorFormula	ZodiacScore	SiriusScore	TreeScore	IsotopeScore	numExplainedPeaks	explainedIntensity	medianMassErrorFragmentPeaks(ppm)	medianAbsoluteMassErrorFragmentPeaks(ppm)	massErrorPrecursor(ppm)	lipidClass
1	C19H24O	[M + H]+	C19H24O	0.9989949748743717	34.08224251767388	34.08224251767388	0.0	19	0.4707278481012659	3.55938618430772	5.176893054807907	1.5681622115110974	
1	C19H26O2	[M - H2O + H]+	C19H24O	0.9989949748743717	34.08224251767388	34.08224251767388	0.0	20	0.4707278481012659	3.55938618430772	5.176893054807907	-66904.84361557872	
2	C14H30OS	[M + Na]+	C14H30OS	0.0010050251256281408	30.796089938709915	30.796089938709915	0.0	21	0.7407041139240509	1.5491483117971108	7.4172293425760465	-2.01829536609024	
3	C14H26N3S	[M + H]+	C14H26N3S	0.0	26.91757784187829	26.91757784187829	0.0	25	0.811115506329114	2.375015302951475	4.592396270306724	-5.967187840781972	
3	C14H28N3OS	[M - H2O + H]+	C14H26N3S	0.0	26.91757784187829	26.91757784187829	0.0	26	0.811115506329114	2.375015302951475	4.592396270306724	-66912.37896563079	
4	C17H22N3	[M + H]+	C17H22N3	0.0	21.197749492230596	21.197749492230596	0.0	19	0.47072784810126583	3.55938618430772	5.176893054807907	6.556021846361018	
4	C17H24N3O	[M - H2O + H]+	C17H22N3	0.0	21.197749492230596	21.197749492230596	0.0	20	0.47072784810126583	3.55938618430772	5.176893054807907	-66899.85575594366	
5	C12H28N3S	[M + Na]+	C12H28N3S	0.0	19.69391912127653	19.69391912127653	0.0	20	0.7070806962025319	4.980393236094612	8.114923476250283	2.9695642689708444	
