rank	molecularFormula	adduct	precursorFormula	ZodiacScore	SiriusScore	TreeScore	IsotopeScore	numExplainedPeaks	explainedIntensity	medianMassErrorFragmentPeaks(ppm)	medianAbsoluteMassErrorFragmentPeaks(ppm)	massErrorPrecursor(ppm)	lipidClass
1	C20H30O2	[M + H]+	C20H30O2	0.9999999999999999	74.80557417431645	71.68332535719034	3.1222488171261085	16	0.29250559284116356	-4.616653966160833	5.5058697513557435	1.4516962765903345	
1	C20H32O3	[M - H2O + H]+	C20H30O2	0.9999999999999999	74.80557417431645	71.68332535719034	3.1222488171261085	17	0.29250559284116356	-4.616653966160833	5.5058697513557435	-59393.82008347728	
2	C18H30N3O2	[M - H2O + H]+	C18H28N3O	0.0	44.863353607909524	42.399324622025595	2.4640289858839273	15	0.2749813571961225	-3.3579797734367265	4.616653966160833	-59389.39217782909	
2	C18H28N3O	[M + H]+	C18H28N3O	0.0	44.863353607909524	42.399324622025595	2.4640289858839273	14	0.2749813571961225	-3.3579797734367265	4.616653966160833	5.879601924970372	
