rank	molecularFormula	adduct	precursorFormula	ZodiacScore	SiriusScore	TreeScore	IsotopeScore	numExplainedPeaks	explainedIntensity	medianMassErrorFragmentPeaks(ppm)	medianAbsoluteMassErrorFragmentPeaks(ppm)	massErrorPrecursor(ppm)	lipidClass
1	C14H20O	[M - H2O + H]+	C14H18	0.9999999999999999	16.11785759486079	16.11785759486079	0.0	5	1.0	0.9552328926975808	4.307899646169746	-96234.20043181481	
1	C14H18	[M + H]+	C14H18	0.9999999999999999	16.11785759486079	16.11785759486079	0.0	4	1.0	0.9552328926975808	4.307899646169746	2.506923473270041	
