rank	molecularFormula	adduct	precursorFormula	ZodiacScore	SiriusScore	TreeScore	IsotopeScore	numExplainedPeaks	explainedIntensity	medianMassErrorFragmentPeaks(ppm)	medianAbsoluteMassErrorFragmentPeaks(ppm)	massErrorPrecursor(ppm)	lipidClass
1	C24H47NO4	[M + Na]+	C24H47NO4	0.9999999999999999	54.99600493113641	54.99600493113641	0.0	23	0.4219830899308225	2.430912645105906	6.120098640653533	1.984510832624402	
2	C27H45N2O	[M + Na]+	C27H45N2O	0.0	33.466277728519984	33.466277728519984	0.0	22	0.4448501152959262	5.83612723627386	6.271449445187684	-4.157654317529963	
