rank	molecularFormula	adduct	precursorFormula	ZodiacScore	SiriusScore	TreeScore	IsotopeScore	numExplainedPeaks	explainedIntensity	medianMassErrorFragmentPeaks(ppm)	medianAbsoluteMassErrorFragmentPeaks(ppm)	massErrorPrecursor(ppm)	lipidClass
1	C48H78O6	[M - H4O2 + H]+	C48H74O4	0.9994974874371859	50.80899148497499	44.436171212907254	6.3728202720677345	13	0.4077562326869807	-1.8897404112362375	3.449094592661443	-50341.817265960024	
2	C43H78N2O8	[M - H4O2 + H]+	C43H74N2O6	5.025125628140704E-4	43.67853143962169	40.10381188307835	3.5747195565433403	13	0.4077562326869807	1.8739360325701802	5.119597416382017	-50336.19546516674	
3	C46H76N3O5	[M - H4O2 + H]+	C46H72N3O3	0.0	41.53829279632971	35.70451194227906	5.833780854050654	15	0.4675900277008311	-1.8897404112362375	4.398883878645028	-50339.94086717504	
4	C39H80N3O10	[M - H4O2 + H]+	C39H76N3O8	0.0	32.802059150804084	32.802059150804084	0.0	15	0.4267036011080333	-3.209661375812292	5.119597416382017	-50348.14869409737	
5	C40H80NO11	[M - H4O2 + H]+	C40H76NO9	0.0	32.728137207961865	32.49899901039523	0.2291381975666309	15	0.4675900277008311	-0.023983597987026678	4.4224231239701375	-50332.45006315812	
6	C51H76NO3	[M - H4O2 + H]+	C51H72NO	0.0	18.967116122853803	13.395342890672072	5.571773232181731	11	0.14504155124653742	-3.0789629140689736	6.042509681477679	-50345.56266796832	
