rank	molecularFormula	adduct	precursorFormula	ZodiacScore	SiriusScore	TreeScore	IsotopeScore	numExplainedPeaks	explainedIntensity	medianMassErrorFragmentPeaks(ppm)	medianAbsoluteMassErrorFragmentPeaks(ppm)	massErrorPrecursor(ppm)	lipidClass
1	C20H42O5	[M + H]+	C20H42O5	0.9964824120603015	6.417728023776552	6.417728023776552	0.0	3	0.13006029285099052	-12.116742403338593	12.116742403338593	2.2865050013005748	
2	C18H40N3O4	[M + H]+	C18H40N3O4	0.0015075376884422112	0.40261240690898514	0.40261240690898514	0.0	4	0.1748492678725237	-9.502724537349968	9.502724537349968	5.982189344543418	
3	C23H40NO2	[M + H]+	C23H40NO2	0.0015075376884422112	0.39769302272842744	0.39769302272842744	0.0	3	0.13006029285099052	-12.116742403338593	12.116742403338593	-5.090297665920652	
4	C24H42S	[M + H]+	C24H42S	5.025125628140704E-4	0.39599152447174646	0.39599152447174646	0.0	3	0.13006029285099052	-12.116742403338593	12.116742403338593	9.173435802308761	
