rank	molecularFormula	adduct	precursorFormula	ZodiacScore	SiriusScore	TreeScore	IsotopeScore	numExplainedPeaks	explainedIntensity	medianMassErrorFragmentPeaks(ppm)	medianAbsoluteMassErrorFragmentPeaks(ppm)	massErrorPrecursor(ppm)	lipidClass
1	C19H30O4	[M - H4O2 + H]+	C19H26O2	0.9999999999999999	114.8441505080666	114.24765642767714	0.5964940803894668	24	0.5785436091112945	-1.5306480955203485	5.515179539784562	-125419.3751381405	
1	C19H28O3	[M - H2O + H]+	C19H26O2	0.9999999999999999	114.8441505080666	114.24765642767714	0.5964940803894668	24	0.5785436091112945	-1.5306480955203485	5.515179539784562	-62708.73616412236	
1	C19H26O2	[M + H]+	C19H26O2	0.9999999999999999	114.8441505080666	114.24765642767714	0.5964940803894668	23	0.5785436091112945	-1.5306480955203485	5.515179539784562	1.902809895553323	
2	C17H28N3O3	[M - H4O2 + H]+	C17H24N3O	0.0	83.99573148609987	83.41586370764776	0.5798677784521087	22	0.5646170187654902	-1.5306480955203485	5.515179539784562	-125414.70007252994	
2	C17H26N3O2	[M - H2O + H]+	C17H24N3O	0.0	83.99573148609987	83.41586370764776	0.5798677784521087	22	0.5646170187654902	-1.5306480955203485	5.515179539784562	-62704.061098512015	
2	C17H24N3O	[M + H]+	C17H24N3O	0.0	83.99573148609987	83.41586370764776	0.5798677784521087	21	0.5646170187654902	-1.5306480955203485	5.515179539784562	6.57787550609957	
