rank	molecularFormula	adduct	precursorFormula	ZodiacScore	SiriusScore	TreeScore	IsotopeScore	numExplainedPeaks	explainedIntensity	medianMassErrorFragmentPeaks(ppm)	medianAbsoluteMassErrorFragmentPeaks(ppm)	massErrorPrecursor(ppm)	lipidClass
1	C20H32O2	[M + H]+	C20H32O2	0.9999999999999999	84.74964269221604	81.19423223497535	3.555410457240692	31	0.7168383983305073	1.8614711096746082	5.846418054233132	1.6472433218101294	
2	C17H36O2S	[M + H]+	C17H36O2S	0.0	77.15226826741447	77.15226826741447	0.0	32	0.7511412547280553	-0.8955795373056186	6.521357550342562	-9.396655064677548	
3	C15H34N3OS	[M + H]+	C15H34N3OS	0.0	71.98030005801938	71.98030005801938	0.0	30	0.7378374853267249	-0.009771524111189043	5.852474857392596	-4.997989199496056	
4	C18H30N3O	[M + H]+	C18H30N3O	0.0	65.69566375849155	63.06801935456367	2.627644403927882	28	0.6996869701317333	0.9552328926975808	6.522225595477214	6.045909187177841	
