rank	molecularFormula	adduct	precursorFormula	ZodiacScore	SiriusScore	TreeScore	IsotopeScore	numExplainedPeaks	explainedIntensity	medianMassErrorFragmentPeaks(ppm)	medianAbsoluteMassErrorFragmentPeaks(ppm)	massErrorPrecursor(ppm)	lipidClass
1	C20H41NO2	[M - H2O + H]+	C20H39NO	0.9999999999999999	9.130629603790709	9.130629603790709	0.0	5	1.0	-10.007503978627385	10.007503978627385	-58038.54424683577	
1	C20H39NO	[M + H]+	C20H39NO	0.9999999999999999	9.130629603790709	9.130629603790709	0.0	4	1.0	-10.007503978627385	10.007503978627385	1.8226223052347408	
