rank	molecularFormula	adduct	precursorFormula	ZodiacScore	SiriusScore	TreeScore	IsotopeScore	numExplainedPeaks	explainedIntensity	medianMassErrorFragmentPeaks(ppm)	medianAbsoluteMassErrorFragmentPeaks(ppm)	massErrorPrecursor(ppm)	lipidClass
1	C18H30O2	[M + H]+	C18H30O2	0.9999999999999999	111.65765650091997	108.70767090996833	2.949985590951637	25	0.6753766478342748	2.292931237186487	5.869658441266849	1.698488140145746	
1	C18H32O3	[M - H2O + H]+	C18H30O2	0.9999999999999999	111.65765650091997	108.70767090996833	2.949985590951637	26	0.6753766478342748	2.292931237186487	5.869658441266849	-64498.58564566382	
2	C16H30N3O2	[M - H2O + H]+	C16H28N3O	0.0	92.12634090530176	89.74321251237821	2.3831283929235463	25	0.6577212806026363	2.2600444219017044	5.900894431434097	-64493.77716236427	
2	C16H28N3O	[M + H]+	C16H28N3O	0.0	92.12634090530176	89.74321251237821	2.3831283929235463	24	0.6577212806026363	2.2600444219017044	5.900894431434097	6.5069714399147545	
3	C13H34N3O2S	[M - H2O + H]+	C13H32N3OS	0.0	88.91545708667076	88.91545708667076	0.0	26	0.6738465160075326	-1.252629661231721	7.424318365881976	-64505.85000503527	
3	C13H32N3OS	[M + H]+	C13H32N3OS	0.0	88.91545708667076	88.91545708667076	0.0	25	0.6738465160075326	-1.252629661231721	7.424318365881976	-5.565871231287453	
