rank	molecularFormula	adduct	precursorFormula	ZodiacScore	SiriusScore	TreeScore	IsotopeScore	numExplainedPeaks	explainedIntensity	medianMassErrorFragmentPeaks(ppm)	medianAbsoluteMassErrorFragmentPeaks(ppm)	massErrorPrecursor(ppm)	lipidClass
1	C20H30O2	[M - H2O + H]+	C20H28O	0.9999999999999999	81.2428352334633	81.2428352334633	0.0	28	0.8434323237850695	1.5828436320935224	2.570909594549679	-63143.86624091192	
1	C20H32O3	[M - H4O2 + H]+	C20H28O	0.9999999999999999	81.2428352334633	81.2428352334633	0.0	28	0.8434323237850695	1.5828436320935224	2.570909594549679	-126289.67678580723	
1	C20H28O	[M + H]+	C20H28O	0.9999999999999999	81.2428352334633	81.2428352334633	0.0	27	0.8434323237850695	1.5828436320935224	2.570909594549679	1.9443039835885647	
2	C18H30N3O2	[M - H4O2 + H]+	C18H26N3	0.0	66.73595996165517	66.73595996165517	0.0	28	0.8434323237850696	1.5828436320935224	2.888785193419855	-126284.96927824318	
2	C18H28N3O	[M - H2O + H]+	C18H26N3	0.0	66.73595996165517	66.73595996165517	0.0	28	0.8434323237850696	1.5828436320935224	2.888785193419855	-63139.15873334767	
2	C18H26N3	[M + H]+	C18H26N3	0.0	66.73595996165517	66.73595996165517	0.0	27	0.8434323237850696	1.5828436320935224	2.888785193419855	6.6518115476291975	
3	C15H32N3OS	[M - H2O + H]+	C15H30N3S	0.0	62.6971726727415	62.6971726727415	0.0	28	0.8434323237850696	0.5117769326035072	2.888785193419855	-63150.97805238312	
3	C15H30N3S	[M + H]+	C15H30N3S	0.0	62.6971726727415	62.6971726727415	0.0	27	0.8434323237850696	0.5117769326035072	2.888785193419855	-5.167507487812422	
3	C15H34N3O2S	[M - H4O2 + H]+	C15H30N3S	0.0	62.6971726727415	62.6971726727415	0.0	28	0.8434323237850696	0.5117769326035072	2.888785193419855	-126296.78859727882	
