rank	molecularFormula	adduct	precursorFormula	ZodiacScore	SiriusScore	TreeScore	IsotopeScore	numExplainedPeaks	explainedIntensity	medianMassErrorFragmentPeaks(ppm)	medianAbsoluteMassErrorFragmentPeaks(ppm)	massErrorPrecursor(ppm)	lipidClass
1	C19H26O	[M - H2O + H]+	C19H24	0.9999999999999999	36.222626902384754	36.222626902384754	0.0	9	0.5435139573070606	1.635255117277301	6.544883203743172	-71131.68695700543	
1	C19H24	[M + H]+	C19H24	0.9999999999999999	36.222626902384754	36.222626902384754	0.0	8	0.5435139573070606	1.635255117277301	6.544883203743172	1.3705914193672544	
2	C14H30S	[M + Na]+	C14H30S	0.0	28.567676779932288	28.567676779932288	0.0	8	0.532567049808429	-0.2987726060761547	2.4578309901401387	-2.442431674888524	
