rank	molecularFormula	adduct	precursorFormula	ZodiacScore	SiriusScore	TreeScore	IsotopeScore	numExplainedPeaks	explainedIntensity	medianMassErrorFragmentPeaks(ppm)	medianAbsoluteMassErrorFragmentPeaks(ppm)	massErrorPrecursor(ppm)	lipidClass
1	C11H12O2	[M - H2O + H]+	C11H10O	0.9999999999999999	11.49301527817287	11.49301527817287	0.0	3	0.3463203463203463	0.6375764266447435	0.6375764266447435	-113214.95147354694	
1	C11H10O	[M + H]+	C11H10O	0.9999999999999999	11.49301527817287	11.49301527817287	0.0	2	0.3463203463203463	0.6375764266447435	0.6375764266447435	1.582414659277899	
2	C9H10N3O	[M - H2O + H]+	C9H8N3	0.0	0.23681815883450286	0.23681815883450286	0.0	3	0.3463203463203463	0.6375764266447435	0.6375764266447435	-113206.51120355791	
2	C9H8N3	[M + H]+	C9H8N3	0.0	0.23681815883450286	0.23681815883450286	0.0	2	0.3463203463203463	0.6375764266447435	0.6375764266447435	10.02268464831902	
3	C4H14N3S	[M + Na]+	C4H14N3S	0.0	-0.6094379124341003	-0.6094379124341003	0.0	1	0.0	NaN	NaN	3.953814938047827	
4	C6H12N3S	[M + H]+	C6H12N3S	0.0	-5.214608098422191	-5.214608098422191	0.0	1	0.0	NaN	NaN	-11.16862357269885	
