rank	molecularFormula	adduct	precursorFormula	ZodiacScore	SiriusScore	TreeScore	IsotopeScore	numExplainedPeaks	explainedIntensity	medianMassErrorFragmentPeaks(ppm)	medianAbsoluteMassErrorFragmentPeaks(ppm)	massErrorPrecursor(ppm)	lipidClass
1	C16H26O8	[M + Na]+	C16H26O8	0.9542713567839195	59.8476632738503	54.51234551813353	5.335317755716772	22	0.5546424860678191	1.2644837766014274	4.9380996689174665	2.591356392864348	
2	C14H24N3O7	[M + Na]+	C14H24N3O7	0.04572864321608041	57.48630595125598	52.98984547543417	4.496460475821803	25	0.5934636818739966	1.568541834461172	6.1063909005126575	6.22855885265031	
3	C19H24NO5	[M + Na]+	C19H24NO5	0.0	54.80309617206623	52.3038658785308	2.499230293535433	26	0.6030981392273544	-5.2118398423739105	5.652405941081541	-4.668713005548999	
4	C16H28NO6	[M + K]+	C16H28NO6	0.0	42.898363648715915	42.898363648715915	0.0	20	0.494852177198451	0.6915638610689192	5.5101273115711145	-5.0808673768028365	
5	C11H28N3O8	[M + K]+	C11H28N3O8	0.0	35.774884968108765	35.774884968108765	0.0	22	0.5269670350429774	0.30165446916855193	5.318713486855689	5.816404481396472	
