rank	molecularFormula	adduct	precursorFormula	ZodiacScore	SiriusScore	TreeScore	IsotopeScore	numExplainedPeaks	explainedIntensity	medianMassErrorFragmentPeaks(ppm)	medianAbsoluteMassErrorFragmentPeaks(ppm)	massErrorPrecursor(ppm)	lipidClass
1	C13H20O	[M - H2O + H]+	C13H18	0.9999999999999999	73.73366322120809	73.73366322120809	0.0	16	0.6231961517904864	-5.64300101239083	7.383102945705466	-102827.11823447021	
1	C13H18	[M + H]+	C13H18	0.9999999999999999	73.73366322120809	73.73366322120809	0.0	15	0.6231961517904864	-5.64300101239083	7.383102945705466	3.0416313722246597	
