rank	molecularFormula	adduct	precursorFormula	ZodiacScore	SiriusScore	TreeScore	IsotopeScore	numExplainedPeaks	explainedIntensity	medianMassErrorFragmentPeaks(ppm)	medianAbsoluteMassErrorFragmentPeaks(ppm)	massErrorPrecursor(ppm)	lipidClass
1	C15H14O7	[M - H2O + H]+	C15H12O6	0.9999999999999999	66.8711612517236	63.56826037399929	3.302900877724319	27	0.7270648196549923	0.41277243034720057	4.634470217726078	-62303.13938525773	
1	C15H12O6	[M + H]+	C15H12O6	0.9999999999999999	66.8711612517236	63.56826037399929	3.302900877724319	26	0.7270648196549923	0.41277243034720057	4.634470217726078	1.8066163608114534	
1	C15H16O8	[M - H4O2 + H]+	C15H12O6	0.9999999999999999	66.8711612517236	63.56826037399929	3.302900877724319	27	0.7270648196549923	0.41277243034720057	4.634470217726078	-124608.08538687626	
2	C13H14N3O7	[M - H4O2 + H]+	C13H10N3O5	0.0	54.04793684418754	52.467078033458435	1.5808588107291057	29	0.7128855201254574	2.793945369476392	5.194807658107106	-124603.4405655956	
2	C13H12N3O6	[M - H2O + H]+	C13H10N3O5	0.0	54.04793684418754	52.467078033458435	1.5808588107291057	29	0.7128855201254574	2.793945369476392	5.194807658107106	-62298.494563977256	
2	C13H10N3O5	[M + H]+	C13H10N3O5	0.0	54.04793684418754	52.467078033458435	1.5808588107291057	28	0.7128855201254574	2.793945369476392	5.194807658107106	6.451437641096246	
3	C18H10NO3	[M + H]+	C18H10NO3	0.0	50.74440598106072	48.433270929797885	2.311135051262835	26	0.725431259801359	0.41277243034720057	5.194807658107106	-7.464719290951836	
3	C18H12NO4	[M - H2O + H]+	C18H10NO3	0.0	50.74440598106072	48.433270929797885	2.311135051262835	27	0.725431259801359	0.41277243034720057	5.194807658107106	-62312.4107209093	
3	C18H14NO5	[M - H4O2 + H]+	C18H10NO3	0.0	50.74440598106072	48.433270929797885	2.311135051262835	27	0.725431259801359	0.41277243034720057	5.194807658107106	-124617.35672252782	
