rank	molecularFormula	adduct	precursorFormula	ZodiacScore	SiriusScore	TreeScore	IsotopeScore	numExplainedPeaks	explainedIntensity	medianMassErrorFragmentPeaks(ppm)	medianAbsoluteMassErrorFragmentPeaks(ppm)	massErrorPrecursor(ppm)	lipidClass
1	C24H47NO4	[M - H2O + H]+	C24H45NO3	0.9974874371859296	52.61780895417566	52.61780895417566	0.0	11	0.4648257725180801	1.6735442731233332	4.939153350183569	-45439.40542243688	
2	C27H45N2O	[M - H2O + H]+	C27H43N2	0.0025125628140703522	47.462791736325705	47.462791736325705	0.0	11	0.4648257725180801	1.6735442731233332	4.939153350183569	-45446.16734934724	
