rank	molecularFormula	adduct	precursorFormula	ZodiacScore	SiriusScore	TreeScore	IsotopeScore	numExplainedPeaks	explainedIntensity	medianMassErrorFragmentPeaks(ppm)	medianAbsoluteMassErrorFragmentPeaks(ppm)	massErrorPrecursor(ppm)	lipidClass
1	C19H28	[M + H]+	C19H28	0.9999999999999999	93.54075483087739	93.54075483087739	0.0	23	0.6051192073485394	1.432991133086821	4.415669767451596	2.212469919987266	
1	C19H30O	[M - H2O + H]+	C19H28	0.9999999999999999	93.54075483087739	93.54075483087739	0.0	24	0.6051192073485394	1.432991133086821	4.415669767451596	-70015.97548517726	
