rank	molecularFormula	adduct	precursorFormula	ZodiacScore	SiriusScore	TreeScore	IsotopeScore	numExplainedPeaks	explainedIntensity	medianMassErrorFragmentPeaks(ppm)	medianAbsoluteMassErrorFragmentPeaks(ppm)	massErrorPrecursor(ppm)	lipidClass
1	C10H12O	[M - H2O + H]+	C10H10	0.9999999999999999	18.009079186144167	18.009079186144167	0.0	5	0.26490825688073394	3.1650056968964217	3.1650056968964217	-137391.07472207595	
1	C10H10	[M + H]+	C10H10	0.9999999999999999	18.009079186144167	18.009079186144167	0.0	4	0.26490825688073394	3.1650056968964217	3.1650056968964217	3.9121097496861874	
