rank	molecularFormula	adduct	precursorFormula	ZodiacScore	SiriusScore	TreeScore	IsotopeScore	numExplainedPeaks	explainedIntensity	medianMassErrorFragmentPeaks(ppm)	medianAbsoluteMassErrorFragmentPeaks(ppm)	massErrorPrecursor(ppm)	lipidClass
1	C36H60N3O9	[M + H]+	C36H60N3O9	0.9989949748743717	11.268286225266133	9.876335810234838	1.3919504150312942	12	0.3582317073170732	-0.07206591534855772	6.079962849790019	-0.665478876583908	
2	C45H58O5	[M + H]+	C45H58O5	5.025125628140704E-4	3.5	3.5	0.0	1	0.0	NaN	NaN	6.00257933043091	
3	C33H62N2O12	[M + H]+	C33H62N2O12	5.025125628140704E-4	2.819259676655607	1.0	1.8192596766556068	1	0.0	NaN	NaN	3.279059078972715	
4	C38H62O10	[M + H]+	C38H62O10	0.0	4.4646419965545405	3.5	0.9646419965545405	1	0.0	NaN	NaN	-2.6416422393788292	
5	C30H64NO15	[M + H]+	C30H64NO15	0.0	0.379192252992974	-0.39267385637748375	0.7718661093704577	1	0.0	NaN	NaN	7.223597034696663	
6	C43H56N3O4	[M + H]+	C43H56N3O4	0.0	-3.605170185988091	-3.605170185988091	0.0	1	0.0	NaN	NaN	7.978742693225831	
7	C48H56NO2	[M + H]+	C48H56NO2	0.0	-3.605170185988091	-3.605170185988091	0.0	1	0.0	NaN	NaN	2.0580413750416113	
8	C41H60NO7	[M + H]+	C41H60NO7	0.0	-3.605170185988091	-3.605170185988091	0.0	1	0.0	NaN	NaN	-6.586180194935452	
