rank	molecularFormula	adduct	precursorFormula	ZodiacScore	SiriusScore	TreeScore	IsotopeScore	numExplainedPeaks	explainedIntensity	medianMassErrorFragmentPeaks(ppm)	medianAbsoluteMassErrorFragmentPeaks(ppm)	massErrorPrecursor(ppm)	lipidClass
1	C18H39NO4	[M - H2O + H]+	C18H37NO3	0.9999999999999999	50.16260431715812	44.8114274163814	5.351176900776723	14	0.39883205363901797	-0.27727711121336607	3.1696431725044416	-56942.925483418505	
1	C18H37NO3	[M + H]+	C18H37NO3	0.9999999999999999	50.16260431715812	44.8114274163814	5.351176900776723	13	0.39883205363901797	-0.27727711121336607	3.1696431725044416	1.1759294099129112	
2	C21H37N2O	[M - H2O + H]+	C21H35N2	0.0	28.038974135682444	26.34535285633413	1.6936212793483125	11	0.3791499945928409	-1.5022670885983729	5.0307567480177955	-56951.39909444692	
2	C21H35N2	[M + H]+	C21H35N2	0.0	28.038974135682444	26.34535285633413	1.6936212793483125	10	0.3791499945928409	-1.5022670885983729	5.0307567480177955	-7.297681618679713	
