rank	molecularFormula	adduct	precursorFormula	ZodiacScore	SiriusScore	TreeScore	IsotopeScore	numExplainedPeaks	explainedIntensity	medianMassErrorFragmentPeaks(ppm)	medianAbsoluteMassErrorFragmentPeaks(ppm)	massErrorPrecursor(ppm)	lipidClass
1	C36H56O2	[M + Na]+	C36H56O2	0.6964824120603016	3.5	3.5	0.0	1	0.0	NaN	NaN	-3.603815268626536	
2	C31H56N2O4	[M + Na]+	C31H56N2O4	0.29949748743718596	2.593756006911269	2.593756006911269	0.0	4	0.1535401750198886	4.661135776566023	4.661135776566023	3.798920813931972	
3	C34H54N3O	[M + Na]+	C34H54N3O	0.003015075376884422	-2.7402492629318536	-2.7402492629318536	0.0	4	0.1384248210023866	-9.77130682730551	9.77130682730551	-1.132990438431165	
4	C28H58NO7	[M + Na]+	C28H58NO7	0.0010050251256281408	-3.2788283929530184	-3.2788283929530184	0.0	4	0.1535401750198886	4.661135776566023	4.661135776566023	8.730832065876692	
