rank	molecularFormula	adduct	precursorFormula	ZodiacScore	SiriusScore	TreeScore	IsotopeScore	numExplainedPeaks	explainedIntensity	medianMassErrorFragmentPeaks(ppm)	medianAbsoluteMassErrorFragmentPeaks(ppm)	massErrorPrecursor(ppm)	lipidClass
1	C35H70O5	[M + Na]+	C35H70O5	0.6844221105527639	9.380008915049036	3.499999999999999	5.880008915049037	1	0.0	NaN	NaN	1.0324522791527588	
2	C37H68O5	[M + H]+	C37H68O5	0.2778894472361809	8.418584132988453	3.499999999999999	4.918584132988454	1	0.0	NaN	NaN	-3.0208564260377635	
3	C32H68N2O7	[M + H]+	C32H68N2O7	0.033165829145728645	6.495299221152255	1.0	5.495299221152255	1	0.0	NaN	NaN	3.7570333616905485	
4	C44H64	[M + H]+	C44H64	0.0035175879396984935	3.5	3.5	0.0	1	0.0	NaN	NaN	6.8748599680236735	
5	C35H66N3O4	[M + H]+	C35H66N3O4	5.025125628140704E-4	2.055160089086143	-3.605170185988091	5.660330275074234	1	0.0	NaN	NaN	-0.758587692342015	
6	C38H68NO2	[M + Na]+	C38H68NO2	5.025125628140704E-4	0.45083555518290463	-3.605170185988091	4.0560057411709955	1	0.0	NaN	NaN	-3.483168774305157	
7	C33H68N3O4	[M + Na]+	C33H68N3O4	0.0	1.718745387600829	-3.605170185988091	5.32391557358892	1	0.0	NaN	NaN	3.2947210130400566	
8	C40H66NO2	[M + H]+	C40H66NO2	0.0	-2.243380963685643	-3.605170185988091	1.361789222302448	1	0.0	NaN	NaN	-7.536477479687228	
