rank	molecularFormula	adduct	precursorFormula	ZodiacScore	SiriusScore	TreeScore	IsotopeScore	numExplainedPeaks	explainedIntensity	medianMassErrorFragmentPeaks(ppm)	medianAbsoluteMassErrorFragmentPeaks(ppm)	massErrorPrecursor(ppm)	lipidClass
1	C19H26O2	[M - H2O + H]+	C19H24O	0.9999999999999999	71.81844577081797	71.81844577081797	0.0	19	0.7031339031339031	-1.7299582069250068	5.06747231750432	-66905.4750896702	
1	C19H24O	[M + H]+	C19H24O	0.9999999999999999	71.81844577081797	71.81844577081797	0.0	18	0.7031339031339031	-1.7299582069250068	5.06747231750432	0.9762883391541887	
2	C14H30OS	[M + Na]+	C14H30OS	0.0	63.68887290530297	63.68887290530297	0.0	23	0.8145299145299145	-1.8499256960696089	5.868056181997588	-2.610171361181012	
3	C14H26N3S	[M + H]+	C14H26N3S	0.0	61.024331073023546	61.024331073023546	0.0	21	0.7783475783475785	0.31474234254521616	4.603742750155268	-6.559066173122689	
3	C14H28N3OS	[M - H2O + H]+	C14H26N3S	0.0	61.024331073023546	61.024331073023546	0.0	22	0.7783475783475785	0.31474234254521616	4.603742750155268	-66913.01044418226	
4	C17H22N3	[M + H]+	C17H22N3	0.0	58.482276498217615	58.482276498217615	0.0	19	0.7307692307692308	0.31474234254521616	4.603742750155268	5.964150926192535	
4	C17H24N3O	[M - H2O + H]+	C17H22N3	0.0	58.482276498217615	58.482276498217615	0.0	20	0.7307692307692308	0.31474234254521616	4.603742750155268	-66900.48722708295	
5	C12H28N3S	[M + Na]+	C12H28N3S	0.0	46.5826695679438	46.5826695679438	0.0	20	0.7504273504273502	-1.7299582069250068	5.932130421601346	2.377691226068499	
