rank	formulaRank	ConfidenceScore	CSI:FingerIDScore	molecularFormula	adduct	InChIkey2D	InChI	name	smiles	xlogp	pubchemids	links	dbflags
1	1	0.04438964747040282	-245.6153471526542	C19H26O2	[M - H2O + H]+	PTQFIYQNKVSVGM	InChI=1S/C19H26O2/c1-12(2)13-6-7-15-14(10-13)16(20)11-17-18(15,3)8-5-9-19(17,4)21/h6-7,10,12,17,21H,5,8-9,11H2,1-4H3	1-hydroxy-1,4a-dimethyl-7-propan-2-yl-3,4,10,10a-tetrahydro-2H-phenanthren-9-one	CC(C)C1=CC2=C(C=C1)C3(CCCC(C3CC2=O)(C)O)C	4.0	10979029;13392644;91884799;101923613;129317141	COCONUT:(CNP0147516);Natural Products:(UNPD60474 UNPD184093 UNPD196318);PubChem:(10979029 13392644 91884799 101923613 129317141);PNC:(LTS0201139 LTS0162978 LTS0108097);SuperNatural:(SN00301994 SN00333142 SN00336152)	68722655234
1	1	N/A	-286.5798329161963	C19H24O	[M + H]+	FITFAFMCWGCVDQ	InChI=1S/C19H24O/c20-19(16-15-18-11-5-2-6-12-18)14-8-7-13-17-9-3-1-4-10-17/h1-6,9-12,19-20H,7-8,13-16H2	null	C1=CC=C(C=C1)CCCCC(CCC2=CC=CC=C2)O	5.0999999	11076452;44560925;129821339	COCONUT:(CNP0196277);Natural Products:(UNPD156073);PubChem:(11076452 44560925 129821339);PNC:(LTS0100915 LTS0155650);SuperNatural:(SN00400878);PubMed	68722655298