rank	molecularFormula	adduct	precursorFormula	ZodiacScore	SiriusScore	TreeScore	IsotopeScore	numExplainedPeaks	explainedIntensity	medianMassErrorFragmentPeaks(ppm)	medianAbsoluteMassErrorFragmentPeaks(ppm)	massErrorPrecursor(ppm)	lipidClass
1	C14H18O	[M - H2O + H]+	C14H16	0.9999999999999999	14.405252333056545	14.405252333056545	0.0	4	0.7705882352941176	-3.2591891099686143	4.133165926162538	-97281.89348923256	
1	C14H16	[M + H]+	C14H16	0.9999999999999999	14.405252333056545	14.405252333056545	0.0	3	0.7705882352941176	-3.2591891099686143	4.133165926162538	2.593141154493597	
