rank	molecularFormula	adduct	precursorFormula	ZodiacScore	SiriusScore	TreeScore	IsotopeScore	numExplainedPeaks	explainedIntensity	medianMassErrorFragmentPeaks(ppm)	medianAbsoluteMassErrorFragmentPeaks(ppm)	massErrorPrecursor(ppm)	lipidClass
1	C13H8	[M + H]+	C13H8	0.9999999999999999	33.51845542540938	33.51845542540938	0.0	7	0.45191489361702125	1.6764695819897075	1.9652706000384812	2.961898822726398	
1	C13H10O	[M - H2O + H]+	C13H8	0.9999999999999999	33.51845542540938	33.51845542540938	0.0	8	0.45191489361702125	1.6764695819897075	1.9652706000384812	-109105.44538725917	
2	C5H12N2O2S	[M + H]+	C5H12N2O2S	0.0	21.779437904903475	21.779437904903475	0.0	8	0.5340425531914894	5.475694467488142	5.475694467488142	6.909500183600855	
2	C5H14N2O3S	[M - H2O + H]+	C5H12N2O2S	0.0	21.779437904903475	21.779437904903475	0.0	9	0.5340425531914894	5.475694467488142	5.475694467488142	-109101.49778589814	
3	C8H14S	[M + Na]+	C8H14S	0.0	19.447478444677664	19.447478444677664	0.0	7	0.4872340425531915	-4.370998642145515	4.370998642145515	-2.8867584837035283	
