rank	molecularFormula	adduct	precursorFormula	ZodiacScore	SiriusScore	TreeScore	IsotopeScore	numExplainedPeaks	explainedIntensity	medianMassErrorFragmentPeaks(ppm)	medianAbsoluteMassErrorFragmentPeaks(ppm)	massErrorPrecursor(ppm)	lipidClass
1	C28H54O4S	[M + Na]+	C28H54O4S	0.7482412060301507	123.22729182565746	123.22729182565746	0.0	35	0.687632135306554	0.04110809367241149	5.088778433948767	-6.471447168550411	
2	C27H54N2OS2	[M + Na]+	C27H54N2OS2	0.24120603015075376	122.25389793688103	122.25389793688103	0.0	32	0.6485200845665963	0.8613817414845995	4.780665979690435	6.338465989454582	
3	C26H52N3O3S	[M + Na]+	C26H52N3O3S	0.010552763819095479	119.06117866290963	119.06117866290963	0.0	35	0.6819943622269204	0.6441483119877585	4.465518090956697	-3.835426558455889	
4	C31H50O4	[M + Na]+	C31H50O4	0.0	104.74455541212683	104.74455541212683	0.0	26	0.5480972515856238	1.6514585536266813	4.725142041799831	0.14691045506735512	
5	C29H48N3O3	[M + Na]+	C29H48N3O3	0.0	101.57751936912784	101.57751936912784	0.0	31	0.6263213530655392	1.5218193638147768	4.469890847505051	2.7829310652734756	
6	C26H50N2O6	[M + Na]+	C26H50N2O6	0.0	98.31587513564668	98.31587513564668	0.0	31	0.6145172656800565	-0.4543796020743308	4.980393236094612	8.044582781537937	
7	C34H48NO	[M + Na]+	C34H48NO	0.0	92.09850869568946	92.09850869568946	0.0	24	0.5274841437632137	2.280688882803621	5.034585835021689	-5.114741261085507	
