rank	molecularFormula	adduct	precursorFormula	ZodiacScore	SiriusScore	TreeScore	IsotopeScore	numExplainedPeaks	explainedIntensity	medianMassErrorFragmentPeaks(ppm)	medianAbsoluteMassErrorFragmentPeaks(ppm)	massErrorPrecursor(ppm)	lipidClass
1	C33H66O11	[M + Na]+	C33H66O11	0.6939698492462312	10.255892475640538	4.534158099609129	5.721734376031409	2	0.014681440443213298	1.3983976715735897	1.3983976715735897	0.79796113090414	
2	C31H64N3O10	[M + Na]+	C31H64N3O10	0.3005025125628141	9.401240828799638	4.458972549715729	4.942268279083909	11	0.1731301939058172	5.014573029535908	6.92357412401284	2.827870374774127	
3	C36H64NO8	[M + Na]+	C36H64NO8	0.003015075376884423	4.329989058005076	0.021494171642235216	4.3084948863628405	7	0.10221606648199448	-3.131303965933577	3.497932936239537	-3.253856754969373	
4	C40H62O6	[M + Na]+	C40H62O6	0.0010050251256281408	3.0731469042486372	2.437286207782627	0.6358606964660103	1	0.0	9.433207296371448	9.433207296371448	9.677280321469325	
5	C46H58N2	[M + Na]+	C46H58N2	0.0010050251256281408	2.799308291184601	2.799308291184601	0.0	3	0.029085872576177292	2.0237961355884373	2.0237961355884373	1.5736445493785485	
6	C39H62N2O5	[M + Na]+	C39H62N2O5	5.025125628140704E-4	2.961855213831557	1.6210143976812619	1.340840816150295	3	0.029085872576177292	-7.458082039746864	7.458082039746864	-7.305674641186636	
7	C43H60NO3	[M + Na]+	C43H60NO3	0.0	-2.461815090870825	-2.461815090870825	0.0	3	0.029085872576177292	6.3505742094017235	6.3505742094017235	5.625462435595812	
