rank	molecularFormula	adduct	precursorFormula	ZodiacScore	SiriusScore	TreeScore	IsotopeScore	numExplainedPeaks	explainedIntensity	medianMassErrorFragmentPeaks(ppm)	medianAbsoluteMassErrorFragmentPeaks(ppm)	massErrorPrecursor(ppm)	lipidClass
1	C36H72O12	[M + Na]+	C36H72O12	0.9964824120603015	11.103488166273943	2.921262004727396	8.182226161546547	1	0.0	1.9479771306153968	1.9479771306153968	1.3251627942623196	
2	C42H68N2O6	[M + Na]+	C42H68N2O6	0.0025125628140703522	4.770290069612823	0.8615021186427239	3.9087879509700993	2	0.013067400275103166	-3.0320142839228548	3.0320142839228548	-6.124743373664109	
3	C34H70N3O11	[M + Na]+	C34H70N3O11	5.025125628140704E-4	3.699859490738321	-4.2538441179705995	7.953703608708921	1	0.0	3.8141301019957865	3.8141301019957865	3.1913169279117977	
4	C39H70NO9	[M + Na]+	C39H70NO9	5.025125628140704E-4	3.1533058255166937	-3.7572023460922646	6.910508171608958	1	0.0	-1.7769736335485697	1.7769736335485697	-2.3997902898589043	
