rank	molecularFormula	adduct	precursorFormula	ZodiacScore	SiriusScore	TreeScore	IsotopeScore	numExplainedPeaks	explainedIntensity	medianMassErrorFragmentPeaks(ppm)	medianAbsoluteMassErrorFragmentPeaks(ppm)	massErrorPrecursor(ppm)	lipidClass
1	C41H76O7	[M + H]+	C41H76O7	0.6261306532663317	35.523107023313095	30.138037422693273	5.385069600619823	9	0.6437994722955144	2.0301522035622654	5.071845663835246	-2.8420154222777003	
2	C36H76N2O9	[M + H]+	C36H76N2O9	0.3728643216080403	34.99596673839719	29.078464018922922	5.917502719474273	9	0.6437994722955144	2.0301522035622654	5.071845663835246	3.0602290891359853	
3	C39H74N3O6	[M + H]+	C39H74N3O6	0.0010050251256281408	29.893793276615003	23.706390891105215	6.187402385509786	9	0.6437994722955144	2.0301522035622654	5.071845663835246	-0.8720124220295798	
4	C44H74NO4	[M + H]+	C44H74NO4	0.0	24.80431657117341	21.984376617978217	2.819939953195192	10	0.7242744063324537	-0.47225447820258276	3.15486347370342	-6.774256933443265	
