rank	molecularFormula	adduct	precursorFormula	ZodiacScore	SiriusScore	TreeScore	IsotopeScore	numExplainedPeaks	explainedIntensity	medianMassErrorFragmentPeaks(ppm)	medianAbsoluteMassErrorFragmentPeaks(ppm)	massErrorPrecursor(ppm)	lipidClass
1	C28H44N3O2	[M + H]+	C28H44N3O2	0.7804020100502513	56.99640335372298	52.09389646830804	4.902506885414946	30	0.7833747069369739	2.422932246436641	4.155455810886001	5.41332243445017	
1	C28H46N3O3	[M - H2O + H]+	C28H44N3O2	0.7804020100502513	56.99640335372298	52.09389646830804	4.902506885414946	31	0.7833747069369739	2.422932246436641	4.155455810886001	-39547.55100002668	
2	C33H46NO	[M - H2O + H]+	C33H44N	0.11407035175879397	55.652772625155315	52.291140417324385	3.3616322078309295	31	0.7833747069369739	1.9855122165233825	4.002323452954899	-39556.38537504764	
2	C33H44N	[M + H]+	C33H44N	0.11407035175879397	55.652772625155315	52.291140417324385	3.3616322078309295	30	0.7833747069369739	1.9855122165233825	4.002323452954899	-3.4210525865115815	
3	C21H48N3O7	[M + H]+	C21H48N3O7	0.10301507537688442	55.17419837011916	52.13751203328086	3.0366863368382964	30	0.7833747069369739	1.9855122165233825	4.155455810886001	-7.484861582369501	
3	C21H50N3O8	[M - H2O + H]+	C21H48N3O7	0.10301507537688442	55.17419837011916	52.13751203328086	3.0366863368382964	31	0.7833747069369739	1.9855122165233825	4.155455810886001	-39560.4491840435	
4	C30H46O3	[M + H]+	C30H46O3	0.0025125628140703522	66.26620765753167	60.91194071693098	5.354266940600691	26	0.7521376361881117	1.9855122165233825	4.128554172485487	2.4646568441045718	
4	C30H48O4	[M - H2O + H]+	C30H46O3	0.0025125628140703522	66.26620765753167	60.91194071693098	5.354266940600691	27	0.7521376361881117	1.9855122165233825	4.128554172485487	-39550.49966561715	
