rank	molecularFormula	adduct	precursorFormula	ZodiacScore	SiriusScore	TreeScore	IsotopeScore	numExplainedPeaks	explainedIntensity	medianMassErrorFragmentPeaks(ppm)	medianAbsoluteMassErrorFragmentPeaks(ppm)	massErrorPrecursor(ppm)	lipidClass
1	C33H68O8	[M + Na]+	C33H68O8	0.7457286432160806	9.63732677740752	3.500000000000001	6.137326777407519	1	0.0	NaN	NaN	1.16041486486321	
2	C35H66O8	[M + H]+	C35H66O8	0.17939698492462314	8.144123369107984	3.5	4.644123369107984	1	0.0	NaN	NaN	-2.7482136975423854	
3	C31H66N3O7	[M + Na]+	C31H66N3O7	0.06984924623115579	7.30567489491182	1.2914968037290446	6.014178091182775	3	0.2808798646362098	-1.8522192054823665	2.240633568751877	3.3419334293434457	
4	C33H64N3O7	[M + H]+	C33H64N3O7	0.004522613065326634	4.125109568950517	-1.791534424892407	5.916643993842924	2	0.11844331641285956	-4.536553055279443	4.536553055279443	-0.5666951328774373	
4	C33H66N3O8	[M - H2O + H]+	C33H64N3O7	0.004522613065326634	4.125109568950517	-1.791534424892407	5.916643993842924	3	0.11844331641285956	-4.536553055279443	4.536553055279443	-29263.13422133405	
5	C36H66NO5	[M + Na]+	C36H66NO5	5.025125628140704E-4	0.34999796497311486	-3.605170185988091	3.9551681509612058	1	0.0	NaN	NaN	-3.194024115964266	
6	C38H64NO5	[M + H]+	C38H64NO5	0.0	-0.33190956142755246	-1.361754870735885	1.0298453093083326	3	0.21150592216582068	7.674141172562548	7.674141172562548	-7.102652678185149	
6	C38H66NO6	[M - H2O + H]+	C38H64NO5	0.0	-0.33190956142755246	-1.361754870735885	1.0298453093083326	4	0.21150592216582068	7.674141172562548	7.674141172562548	-29269.670178879172	
