rank	molecularFormula	adduct	precursorFormula	ZodiacScore	SiriusScore	TreeScore	IsotopeScore	numExplainedPeaks	explainedIntensity	medianMassErrorFragmentPeaks(ppm)	medianAbsoluteMassErrorFragmentPeaks(ppm)	massErrorPrecursor(ppm)	lipidClass
1	CH4O4S4	[M + K]+	CH4O4S4	0.8442211055276381	-1.3064572573462483	-1.3064572573462483	0.0	1	0.0	NaN	NaN	2.9288282429039962	
2	O9S2	[M + K]+	O9S2	0.13869346733668345	-3.158663509168454	-3.158663509168454	0.0	1	0.0	NaN	NaN	6.449111008868177	
3	C4H2NOS4	[M + K]+	C4H2NOS4	0.017085427135678396	-5.214608098422191	-5.214608098422191	0.0	1	0.0	NaN	NaN	-7.927698076294104	
