rank	molecularFormula	adduct	precursorFormula	ZodiacScore	SiriusScore	TreeScore	IsotopeScore	numExplainedPeaks	explainedIntensity	medianMassErrorFragmentPeaks(ppm)	medianAbsoluteMassErrorFragmentPeaks(ppm)	massErrorPrecursor(ppm)	lipidClass
1	C34H67NO5	[M + H]+	C34H67NO5	0.9989949748743717	33.43599726400085	28.78981088579155	4.646186378209298	8	0.6053811659192826	1.7640342215557578	8.654578627898339	1.6849597407241224	
1	C34H69NO6	[M - H2O + H]+	C34H67NO5	0.9989949748743717	33.43599726400085	28.78981088579155	4.646186378209298	9	0.6053811659192826	1.7640342215557578	8.654578627898339	-31567.541820385755	
2	C37H65N2O2	[M + H]+	C37H65N2O2	0.0010050251256281408	26.91389815823808	24.707460691350427	2.2064374668876536	8	0.6053811659192826	1.7640342215557578	8.654578627898339	-3.012723453242033	
2	C37H67N2O3	[M - H2O + H]+	C37H65N2O2	0.0010050251256281408	26.91389815823808	24.707460691350427	2.2064374668876536	9	0.6053811659192826	1.7640342215557578	8.654578627898339	-31572.239503579716	
3	C42H65	[M + H]+	C42H65	0.0	17.601294711904156	17.601294711904156	0.0	7	0.5201793721973095	-1.501825974624241	8.804073456094585	-10.063886198559937	
3	C42H67O	[M - H2O + H]+	C42H65	0.0	17.601294711904156	17.601294711904156	0.0	8	0.5201793721973095	-1.501825974624241	8.804073456094585	-31579.290666325236	
