rank	formulaRank	ConfidenceScore	CSI:FingerIDScore	molecularFormula	adduct	InChIkey2D	InChI	name	smiles	xlogp	pubchemids	links	dbflags
1	3	0.09409769918586493	-99.77277080318281	C13H16O7	[M - H2O + H]+	LVFCLUMIBMHAFL	InChI=1S/C13H16O7/c14-6-8-9(15)10(16)11(17)13(19-8)20-12(18)7-4-2-1-3-5-7/h1-5,8-11,13-17H,6H2	benzoyl-beta-glucoside	C1=CC=C(C=C1)C(=O)OC2C(C(C(C(O2)CO)O)O)O	-0.4637658	314421;12314096;21630703;21630704;54054378;67854656;90897756;122555225;139069040	PNC:(LTS0101421 LTS0158954);SuperNatural:(SN00020433 SN00230569);ZINC bio:(ZINC13514113);additional;MeSH:(21630704);Plantcyc:(CPD-12630);PubMed;COCONUT:(CNP0103451);Natural Products:(UNPD49300 UNPD75590);PubChem:(314421 12314096 21630703 21630704 54054378 67854656 90897756 122555225 139069040);CHEBI:(141410);PubChem class - bio and metabolites;Training Set;Biocyc:(CPD-12630)	68740114534