rank	formulaRank	ConfidenceScore	CSI:FingerIDScore	molecularFormula	adduct	InChIkey2D	InChI	name	smiles	xlogp	pubchemids	links	dbflags
1	1	0.04610766105776653	-160.48497875840027	C20H28O5	[M + Na]+	QMSWKASVXHXIKB	InChI=1S/C20H28O5/c1-18(2,25)13-8-11-9-15(22)16-19(3,12(11)10-14(13)21)6-5-7-20(16,4)17(23)24/h8-9,12,15-16,22,25H,5-7,10H2,1-4H3,(H,23,24)	null	CC12CCCC(C1C(C=C3C2CC(=O)C(=C3)C(C)(C)O)O)(C)C(=O)O	1.89999998	46895239	COCONUT:(CNP0201811);Natural Products:(UNPD201669);PubChem:(46895239);PNC:(LTS0135808)	68721606658
2	1	N/A	-240.5989335745969	C20H28O5	[M + Na]+	CKMAUJLOUQNVRZ	InChI=1S/C20H28O5/c1-12-5-8-15-19(2,9-4-10-20(15,3)18(23)24)14(12)7-6-13-11-16(21)25-17(13)22/h11,14-16,21H,1,4-10H2,2-3H3,(H,23,24)	15epsillon-hydroxypinusolidic acid	CC12CCCC(C1CCC(=C)C2CCC3=CC(OC3=O)O)(C)C(=O)O	3.5999999	14806205;21595090;71539249	COCONUT:(CNP0202457 CNP0320369);Natural Products:(UNPD114318);PubChem:(14806205 21595090 71539249);PNC:(LTS0083162);SuperNatural:(SN00034064 SN00034063 SN00034061 SN00034062 SN00263807);ZINC bio:(ZINC35464887 ZINC35464889 ZINC35464892 ZINC35464895);PubMed	68722663490
3	1	N/A	-265.5990805471841	C20H28O5	[M + Na]+	CFJWRSMUQIAHTA	InChI=1S/C20H28O5/c1-12(2)19-8-9-20(25-24-19)13(11-19)14(21)10-15-17(3,16(22)23)6-5-7-18(15,20)4/h11-12,15H,5-10H2,1-4H3,(H,22,23)	null	CC(C)C12CCC3(C(=C1)C(=O)CC4C3(CCCC4(C)C(=O)O)C)OO2	2.9000001	127046796;132966373	COCONUT:(CNP0221803);Natural Products:(UNPD69613 UNPD153245);PubChem:(127046796 132966373);PNC:(LTS0241149 LTS0022360);SuperNatural:(SN00353519 SN00367392);PubMed	68722655298