rank	molecularFormula	adduct	precursorFormula	ZodiacScore	SiriusScore	TreeScore	IsotopeScore	numExplainedPeaks	explainedIntensity	medianMassErrorFragmentPeaks(ppm)	medianAbsoluteMassErrorFragmentPeaks(ppm)	massErrorPrecursor(ppm)	lipidClass
1	C22H38NO2	[M + Na]+	C22H38NO2	0.9487437185929648	71.77045803710456	68.9161754313536	2.8542826057509654	16	0.4642262895174709	3.862780049256288	4.2107760965657866	1.3493756833228447	
2	C19H42NO2S	[M + Na]+	C19H42NO2S	0.051256281407035184	68.76669850630903	68.76669850630903	0.0	19	0.523793677204659	4.447074391228465	5.418459533872028	-7.730370644248568	
3	C19H38N3O5	[M - H2O + H]+	C19H36N3O4	0.0	62.61041885979684	61.704672798173554	0.9057460616232829	17	0.4642262895174709	3.862780049256288	6.1535463818529115	-48503.6839380834	
4	C21H40O6	[M - H2O + H]+	C21H38O5	0.0	60.5178291016377	58.33400529535386	2.1838238062838373	12	0.34242928452579036	2.6871968148523777	5.182161239209349	-48507.3003033231	
5	C24H38NO3	[M - H2O + H]+	C24H36NO2	0.0	57.14999315487829	54.454140353831974	2.695852801046314	14	0.3966722129783694	2.6871968148523777	5.182161239209349	-48514.51878040829	
6	C22H44OS2	[M - H2O + H]+	C22H42S2	0.0	29.832279558732907	29.832279558732907	0.0	10	0.30948419301164726	0.7571018503404029	4.036778072911037	-48509.6409304935	
