rank	molecularFormula	adduct	precursorFormula	ZodiacScore	SiriusScore	TreeScore	IsotopeScore	numExplainedPeaks	explainedIntensity	medianMassErrorFragmentPeaks(ppm)	medianAbsoluteMassErrorFragmentPeaks(ppm)	massErrorPrecursor(ppm)	lipidClass
1	C20H36N3O6	[M + H]+	C20H36N3O6	0.6175879396984926	47.81398197483776	43.76837344332431	4.04560853151345	18	0.3673278879813303	0.5946786091608889	4.218917074512653	3.950611467028574	
1	C20H40N3O8	[M - H4O2 + H]+	C20H36N3O6	0.6175879396984926	47.81398197483776	43.76837344332431	4.04560853151345	19	0.3673278879813303	0.5946786091608889	4.218917074512653	-86737.6576620445	
1	C20H38N3O7	[M - H2O + H]+	C20H36N3O6	0.6175879396984926	47.81398197483776	43.76837344332431	4.04560853151345	19	0.3673278879813303	0.5946786091608889	4.218917074512653	-43366.85352528873	
2	C22H40O8	[M - H2O + H]+	C22H38O7	0.3773869346733669	47.31716151420405	43.139864085869576	4.177297428334474	15	0.2854142357059511	0.7964046596711621	4.852297988078611	-43370.086810074834	
2	C22H42O9	[M - H4O2 + H]+	C22H38O7	0.3773869346733669	47.31716151420405	43.139864085869576	4.177297428334474	15	0.2854142357059511	0.7964046596711621	4.852297988078611	-86740.89094683046	
2	C22H38O7	[M + H]+	C22H38O7	0.3773869346733669	47.31716151420405	43.139864085869576	4.177297428334474	14	0.2854142357059511	0.7964046596711621	4.852297988078611	0.7173266809256834	
3	C25H38NO5	[M - H2O + H]+	C25H36NO4	0.0050251256281407045	42.92569992038539	42.46857324641217	0.45712667397321827	15	0.2718786464410735	0.7964046596711621	5.653855913127224	-43376.54063611009	
3	C25H36NO4	[M + H]+	C25H36NO4	0.0050251256281407045	42.92569992038539	42.46857324641217	0.45712667397321827	14	0.2718786464410735	0.7964046596711621	5.653855913127224	-5.736499354463234	
3	C25H40NO6	[M - H4O2 + H]+	C25H36NO4	0.0050251256281407045	42.92569992038539	42.46857324641217	0.45712667397321827	15	0.2718786464410735	0.7964046596711621	5.653855913127224	-86747.34477286585	
