rank	molecularFormula	adduct	precursorFormula	ZodiacScore	SiriusScore	TreeScore	IsotopeScore	numExplainedPeaks	explainedIntensity	medianMassErrorFragmentPeaks(ppm)	medianAbsoluteMassErrorFragmentPeaks(ppm)	massErrorPrecursor(ppm)	lipidClass
1	C32H54O4	[M + H]+	C32H54O4	0.9698492462311559	53.52857903332087	53.52857903332087	0.0	10	0.8196710526315789	1.2601043709155	3.7125201348918955	1.2740458905701735	
2	C27H54N2O6	[M + H]+	C27H54N2O6	0.02663316582914573	49.59110047504033	49.59110047504033	0.0	14	0.8698684210526316	3.7125201348918955	6.147831051014627	9.265065093571875	
3	C29H58O4S	[M + H]+	C29H58O4S	0.0025125628140703522	47.6917304316448	47.6917304316448	0.0	16	0.855811403508772	-0.2543626296629332	5.627683270200542	-5.422537694846935	
4	C30H52N3O3	[M + H]+	C30H52N3O3	0.0010050251256281408	45.34499337158156	45.34499337158156	0.0	13	0.84	-1.8105637112523285	5.811278976242829	3.941223059349846	
5	C27H56N3O3S	[M + H]+	C27H56N3O3S	0.0	44.51077053669992	44.51077053669992	0.0	16	0.8471929824561404	-1.9713510552592215	5.281819962528752	-2.755360525954346	
6	C28H58N2OS2	[M + H]+	C28H58N2OS2	0.0	0.6836192759906039	0.6836192759906039	0.0	3	0.3530701754385965	5.772033888790652	5.772033888790652	7.53878278083299	
7	C35H52NO	[M + H]+	C35H52NO	0.0	-1.0336159621067078	-1.0336159621067078	0.0	2	0.3506578947368421	-0.7334594119175224	3.3720126286955336	-4.049796143538939	
