rank	molecularFormula	adduct	precursorFormula	ZodiacScore	SiriusScore	TreeScore	IsotopeScore	numExplainedPeaks	explainedIntensity	medianMassErrorFragmentPeaks(ppm)	medianAbsoluteMassErrorFragmentPeaks(ppm)	massErrorPrecursor(ppm)	lipidClass
1	C17H22NO4	[M + Na]+	C17H22NO4	0.977889447236181	93.38555403609149	93.38555403609149	0.0	25	0.5756819054936612	4.8660408932392105	5.965471023532014	-6.371508779229761	
2	C14H24O7	[M + Na]+	C14H24O7	0.022110552763819093	90.1724048463026	87.7086262717542	2.4637785745483987	21	0.5107568190549366	3.637185850402358	6.668681220324426	1.8208842497072169	
3	C14H24N3O8	[M - H4O2 + H]+	C14H20N3O6	0.0	78.02747388009944	75.64373993306975	2.3837339470296843	24	0.5111409911640415	4.463722775124394	6.378562222224763	-110109.96612346587	
4	C16H26O9	[M - H4O2 + H]+	C16H22O7	0.0	75.61760994991475	74.73953078064324	0.878079169271514	18	0.42681521321552063	4.432170915682127	7.3766470327082345	-110114.0704082107	
5	C12H22N3O6	[M + Na]+	C12H22N3O6	0.0	73.27116989060393	71.09516424529681	2.176005645307116	23	0.545908567038033	2.8699301211451456	7.942477578140363	5.925168994531902	
6	C11H26N2O11	[M - H4O2 + H]+	C11H22N2O9	0.0	55.80990939170778	53.81872814609022	1.991181245617555	17	0.3870533999231656	5.728595363106026	8.343019286363901	-110101.77373043694	
