rank	molecularFormula	adduct	precursorFormula	ZodiacScore	SiriusScore	TreeScore	IsotopeScore	numExplainedPeaks	explainedIntensity	medianMassErrorFragmentPeaks(ppm)	medianAbsoluteMassErrorFragmentPeaks(ppm)	massErrorPrecursor(ppm)	lipidClass
1	C8H4O	[M + H]+	C8H4O	0.9944723618090451	3.5	3.5	0.0	1	0.0	NaN	NaN	3.403688591575784	
2	CH8N3S	[M + Na]+	CH8N3S	0.005527638190954776	-1.6094379124341003	-1.6094379124341003	0.0	1	0.0	NaN	NaN	6.627062619835738	
3	C6H2N3	[M + H]+	C6H2N3	0.0	-3.605170185988091	-3.605170185988091	0.0	1	0.0	NaN	NaN	14.876297125778594	
4	C3H6N3S	[M + H]+	C3H6N3S	0.0	-5.214608098422191	-5.214608098422191	0.0	1	0.0	NaN	NaN	-13.928419294790794	
