rank	molecularFormula	adduct	precursorFormula	ZodiacScore	SiriusScore	TreeScore	IsotopeScore	numExplainedPeaks	explainedIntensity	medianMassErrorFragmentPeaks(ppm)	medianAbsoluteMassErrorFragmentPeaks(ppm)	massErrorPrecursor(ppm)	lipidClass
1	C29H48O2	[M + H]+	C29H48O2	0.9999999999999999	123.37682084271172	123.37682084271172	0.0	47	0.9242498712034629	1.286751113997687	3.1104454838182987	0.9953770046257613	
1	C29H50O3	[M - H2O + H]+	C29H48O2	0.9999999999999999	123.37682084271172	123.37682084271172	0.0	48	0.9242498712034629	1.286751113997687	3.1104454838182987	-41945.189029938876	
2	C27H46N3O	[M + H]+	C27H46N3O	0.0	110.37017052183388	110.37017052183388	0.0	48	0.9211883627147349	1.259505276265584	2.7518821272206107	4.122456674405251	
2	C27H48N3O2	[M - H2O + H]+	C27H46N3O	0.0	110.37017052183388	110.37017052183388	0.0	49	0.9211883627147349	1.259505276265584	2.7518821272206107	-41942.06195026923	
3	C26H54O3S	[M - H2O + H]+	C26H52O2S	0.0	109.54221297384584	109.54221297384584	0.0	48	0.9242498712034629	1.286751113997687	3.215800653427029	-41953.04030829839	
3	C26H52O2S	[M + H]+	C26H52O2S	0.0	109.54221297384584	109.54221297384584	0.0	47	0.9242498712034629	1.286751113997687	3.215800653427029	-6.855901354888623	
4	C24H50N3OS	[M + H]+	C24H50N3OS	0.0	106.21297716698307	106.21297716698307	0.0	47	0.9242498712034629	1.286751113997687	3.215800653427029	-3.72882168524152	
4	C24H52N3O2S	[M - H2O + H]+	C24H50N3OS	0.0	106.21297716698307	106.21297716698307	0.0	48	0.9242498712034629	1.286751113997687	3.215800653427029	-41949.91322862874	
