rank	molecularFormula	adduct	precursorFormula	ZodiacScore	SiriusScore	TreeScore	IsotopeScore	numExplainedPeaks	explainedIntensity	medianMassErrorFragmentPeaks(ppm)	medianAbsoluteMassErrorFragmentPeaks(ppm)	massErrorPrecursor(ppm)	lipidClass
1	C17H30O	[M + H]+	C17H30O	0.9999999999999999	10.334078957363083	10.334078957363083	0.0	2	0.34759358288770054	-13.765663944427427	13.765663944427427	1.663569731657829	
1	C17H32O2	[M - H2O + H]+	C17H30O	0.9999999999999999	10.334078957363083	10.334078957363083	0.0	3	0.34759358288770054	-13.765663944427427	13.765663944427427	-71685.78245828622	
2	C15H30N3O	[M - H2O + H]+	C15H28N3	0.0	1.7370270234778369	1.7370270234778369	0.0	3	0.34759358288770054	-13.765663944427427	13.765663944427427	-71680.4381735027	
2	C15H28N3	[M + H]+	C15H28N3	0.0	1.7370270234778369	1.7370270234778369	0.0	2	0.34759358288770054	-13.765663944427427	13.765663944427427	7.00785451517489	
