rank	molecularFormula	adduct	precursorFormula	ZodiacScore	SiriusScore	TreeScore	IsotopeScore	numExplainedPeaks	explainedIntensity	medianMassErrorFragmentPeaks(ppm)	medianAbsoluteMassErrorFragmentPeaks(ppm)	massErrorPrecursor(ppm)	lipidClass
1	C20H30O2	[M + H]+	C20H30O2	0.9999999999999999	94.48264602878929	94.48264602878929	0.0	34	0.8686302065495942	4.497196384780194	6.1819447796833655	2.4820562530131522	
1	C20H32O3	[M - H2O + H]+	C20H30O2	0.9999999999999999	94.48264602878929	94.48264602878929	0.0	35	0.8686302065495942	4.497196384780194	6.1819447796833655	-59392.72852490118	
2	C17H34O2S	[M + H]+	C17H34O2S	0.0	57.13342495072908	57.13342495072908	0.0	24	0.788265999031614	4.236726377327663	5.5220135888394095	-8.635244118776704	
2	C17H36O3S	[M - H2O + H]+	C17H34O2S	0.0	57.13342495072908	57.13342495072908	0.0	25	0.788265999031614	4.236726377327663	5.5220135888394095	-59403.845825272976	
3	C18H30N3O2	[M - H2O + H]+	C18H28N3O	0.0	55.94706419790839	55.94706419790839	0.0	29	0.8173057618952017	4.497196384780194	5.5220135888394095	-59388.300623815325	
3	C18H28N3O	[M + H]+	C18H28N3O	0.0	55.94706419790839	55.94706419790839	0.0	28	0.8173057618952017	4.497196384780194	5.5220135888394095	6.909957339049807	
4	C18H34N	[M + K]+	C18H34N	0.0	54.82510007088646	54.82510007088646	0.0	24	0.788265999031614	4.236726377327663	4.628556613974441	1.0754265339482476	
5	C15H34N3O2S	[M - H2O + H]+	C15H32N3OS	0.0	53.689600442069555	53.689600442069555	0.0	25	0.788265999031614	4.236726377327663	4.628556613974441	-59399.417924187124	
5	C15H32N3OS	[M + H]+	C15H32N3OS	0.0	53.689600442069555	53.689600442069555	0.0	24	0.788265999031614	4.236726377327663	4.628556613974441	-4.207343032552592	
