rank	molecularFormula	adduct	precursorFormula	ZodiacScore	SiriusScore	TreeScore	IsotopeScore	numExplainedPeaks	explainedIntensity	medianMassErrorFragmentPeaks(ppm)	medianAbsoluteMassErrorFragmentPeaks(ppm)	massErrorPrecursor(ppm)	lipidClass
1	C20H42O4	[M + Na]+	C20H42O4	0.9999999999999999	7.130106569859009	3.21430312130982	3.9158034485491893	1	0.0	3.166747972516621	3.166747972516621	3.2763829678814163	
2	C18H40N3O3	[M + Na]+	C18H40N3O3	0.0	-0.5478950396713698	-4.305653742883946	3.757758703212576	1	0.0	6.802514900501802	6.802514900501802	6.912149497258045	
3	C23H40NO	[M + Na]+	C23H40NO	0.0	-3.9871538598272647	-3.9871538598272647	0.0	1	0.0	-4.090456019780386	4.090456019780386	-3.980820228769545	
