rank	molecularFormula	adduct	precursorFormula	ZodiacScore	SiriusScore	TreeScore	IsotopeScore	numExplainedPeaks	explainedIntensity	medianMassErrorFragmentPeaks(ppm)	medianAbsoluteMassErrorFragmentPeaks(ppm)	massErrorPrecursor(ppm)	lipidClass
1	C24H37NO	[M - H2O + H]+	C24H35N	0.9969849246231155	27.93607973897175	27.93607973897175	0.0	17	0.8792993752147304	2.304905783298024	2.34968653767549	-53238.6181632013	
1	C24H35N	[M + H]+	C24H35N	0.9969849246231155	27.93607973897175	27.93607973897175	0.0	16	0.8792993752147304	2.304905783298024	2.34968653767549	2.188959574227738	
2	C21H41NOS	[M - H2O + H]+	C21H39NS	0.003015075376884423	22.575696578288603	22.575696578288603	0.0	16	0.8780269001234304	2.1395742584815967	2.9997062827798775	-53248.58351291602	
2	C21H39NS	[M + H]+	C21H39NS	0.003015075376884423	22.575696578288603	22.575696578288603	0.0	15	0.8780269001234304	2.1395742584815967	2.9997062827798775	-7.776390140488646	
3	C19H41NS	[M + Na]+	C19H41NS	0.0	-0.6557583091232715	-0.6557583091232715	0.0	18	0.10083092623461896	1.8368506956226662	3.657867259070004	-0.6649656484552194	
