rank	molecularFormula	adduct	precursorFormula	ZodiacScore	SiriusScore	TreeScore	IsotopeScore	numExplainedPeaks	explainedIntensity	medianMassErrorFragmentPeaks(ppm)	medianAbsoluteMassErrorFragmentPeaks(ppm)	massErrorPrecursor(ppm)	lipidClass
1	C16H30O2	[M - H4O2 + H]+	C16H26	0.9999999999999999	16.476249647749764	16.476249647749764	0.0	6	0.3593964334705075	-0.4278071271777345	2.106572622916679	-164319.85053313294	
1	C16H26	[M + H]+	C16H26	0.9999999999999999	16.476249647749764	16.476249647749764	0.0	5	0.3593964334705075	-0.4278071271777345	2.106572622916679	1.7843596205310674	
1	C16H28O	[M - H2O + H]+	C16H26	0.9999999999999999	16.476249647749764	16.476249647749764	0.0	6	0.3593964334705075	-0.4278071271777345	2.106572622916679	-82159.0330867562	
