rank	formulaRank	ConfidenceScore	CSI:FingerIDScore	molecularFormula	adduct	InChIkey2D	InChI	name	smiles	xlogp	pubchemids	links	dbflags
1	1	N/A	-83.51337446258472	C16H26	[M + H]+	DUCIYIHTTCVNJA	InChI=1S/C16H26/c1-8-15(6)10-9-14(12(2)3)11-16(15,7)13(4)5/h8H,1,4,9-11H2,2-3,5-7H3	1-ethenyl-1,2-dimethyl-4-propan-2-ylidene-2-prop-1-en-2-ylcyclohexane	CC(=C1CCC(C(C1)(C)C(=C)C)(C)C=C)C	5.9000001	5317024	COCONUT:(CNP0099995);PubChem:(5317024);PNC:(LTS0102139);SuperNatural:(SN00165743)	68722622466
1	1	0.1126231293651506	-33.390182674038556	C16H30O2	[M - H4O2 + H]+	SECPZKHBENQXJG	InChI=1S/C16H30O2/c1-2-3-4-5-6-7-8-9-10-11-12-13-14-15-16(17)18/h7-8H,2-6,9-15H2,1H3,(H,17,18)	zoomarate	CCCCCCC=CCCCCCCCC(=O)O	5.75837898	4668;445638;5282745;5461012;10588002;12313928;21889155;53394425;71309704;71309721;87229078;117064741;123533281;131871180	HMDB:(3229 12328);PNC:(LTS0261591 LTS0166766);SuperNatural:(SN00246739 SN00226427 SN00157933 SN00159315);ZINC bio:(ZINC08221009);additional;MeSH:(445638 5282745 5461012);Plantcyc:(CPD-9245);PubMed;NORMAN:(NS00015112);COCONUT:(CNP0307038 CNP0389934);KNApSAcK:(1234);Natural Products:(UNPD144994 UNPD58059 UNPD220245);PubChem:(4668 445638 5282745 5461012 10588002 12313928 21889155 53394425 71309704 71309721 87229078 117064741 123533281 131871180);CHEBI:(59265 72004 32372 28716 71449);PubChem class - bio and metabolites;KEGG:(C08362);PubChem class - safety and toxic;YMDB:(681);Training Set;PubChem class - drug;Biocyc:(CPD-9245)	68841105790
2	1	N/A	-252.28660352961631	C16H30O2	[M - H4O2 + H]+	HGKRVDDOQIUQDS	InChI=1S/C16H30O2/c1-14(2,17)12-7-10-15(3)8-6-9-16(4,18-5)13(15)11-12/h12-13,17H,6-11H2,1-5H3	null	CC12CCCC(C1CC(CC2)C(C)(C)O)(C)OC	3.5	57404492	COCONUT:(CNP0313496);Natural Products:(UNPD72056);PubChem:(57404492);PNC:(LTS0223373);SuperNatural:(SN00251409);KEGG Mine	77312589826
1	1	N/A	-253.22405990196276	C16H28O	[M - H2O + H]+	SGRUNWZTMUZTDU	InChI=1S/C16H28O/c1-12(2)13-7-10-15(3)8-6-9-16(4,17-5)14(15)11-13/h13-14H,1,6-11H2,2-5H3	null	CC(=C)C1CCC2(CCCC(C2C1)(C)OC)C	5.0	91226098	COCONUT:(CNP0159158);Natural Products:(UNPD1607);PubChem:(91226098);PNC:(LTS0214234 LTS0268665);SuperNatural:(SN00394683 SN00163366);PubMed	68722655298