rank	molecularFormula	adduct	precursorFormula	ZodiacScore	SiriusScore	TreeScore	IsotopeScore	numExplainedPeaks	explainedIntensity	medianMassErrorFragmentPeaks(ppm)	medianAbsoluteMassErrorFragmentPeaks(ppm)	massErrorPrecursor(ppm)	lipidClass
1	C18H30O2	[M + H]+	C18H30O2	0.9999999999999999	63.701768972491465	63.701768972491465	0.0	27	0.8034502587694076	0.1804596537004917	5.299724052120928	2.54447563670698	
1	C18H34O4	[M - H4O2 + H]+	C18H30O2	0.9999999999999999	63.701768972491465	63.701768972491465	0.0	28	0.8034502587694076	0.1804596537004917	5.299724052120928	-128997.9146589183	
1	C18H32O3	[M - H2O + H]+	C18H30O2	0.9999999999999999	63.701768972491465	63.701768972491465	0.0	28	0.8034502587694076	0.1804596537004917	5.299724052120928	-64497.685091640684	
2	C13H36N3O3S	[M - H4O2 + H]+	C13H32N3OS	0.0	53.88327834927597	53.88327834927597	0.0	26	0.7820586543990797	0.1804596537004917	5.299724052120928	-129005.17901214433	
2	C13H34N3O2S	[M - H2O + H]+	C13H32N3OS	0.0	53.88327834927597	53.88327834927597	0.0	26	0.7820586543990797	0.1804596537004917	5.299724052120928	-64504.94944486654	
2	C13H32N3OS	[M + H]+	C13H32N3OS	0.0	53.88327834927597	53.88327834927597	0.0	25	0.7820586543990797	0.1804596537004917	5.299724052120928	-4.719877589158582	
3	C16H30N3O2	[M - H2O + H]+	C16H28N3O	0.0	51.63541264977453	51.63541264977453	0.0	30	0.8161012075905691	0.3344768703588104	5.299724052120928	-64492.87661240905	
3	C16H32N3O3	[M - H4O2 + H]+	C16H28N3O	0.0	51.63541264977453	51.63541264977453	0.0	30	0.8161012075905691	0.3344768703588104	5.299724052120928	-128993.10617968644	
3	C16H28N3O	[M + H]+	C16H28N3O	0.0	51.63541264977453	51.63541264977453	0.0	29	0.8161012075905691	0.3344768703588104	5.299724052120928	7.35295486855233	
