rank	formulaRank	ConfidenceScore	CSI:FingerIDScore	molecularFormula	adduct	InChIkey2D	InChI	name	smiles	xlogp	pubchemids	links	dbflags
1	4	0.06694769614672862	-259.3858906174115	C31H48O5	[M + Na]+	HKAFMWUZQIJIPJ	InChI=1S/C31H48O5/c1-18(15-20-16-19(2)25(33)36-20)21-9-11-30(7)26(34)31(14-13-28(21,30)5)23(32)17-22-27(3,4)24(35-8)10-12-29(22,31)6/h16,18,20-24,32H,9-15,17H2,1-8H3	null	CC1=CC(OC1=O)CC(C)C2CCC3(C2(CCC4(C3=O)C(CC5C4(CCC(C5(C)C)OC)C)O)C)C	6.0	10051721;101341520;118719788	COCONUT:(CNP0252074);Natural Products:(UNPD34774 UNPD132311);PubChem:(10051721 101341520 118719788);PNC:(LTS0093362 LTS0111561);SuperNatural:(SN00286135 SN00312825);PubMed	68722655298