rank	molecularFormula	adduct	precursorFormula	ZodiacScore	SiriusScore	TreeScore	IsotopeScore	numExplainedPeaks	explainedIntensity	medianMassErrorFragmentPeaks(ppm)	medianAbsoluteMassErrorFragmentPeaks(ppm)	massErrorPrecursor(ppm)	lipidClass
1	C19H28O2	[M + H]+	C19H28O2	0.9999999999999999	134.29836200045418	134.29836200045418	0.0	40	0.8582982226742217	1.9390867527771138	2.839052744278599	1.0041532426233843	
1	C19H30O3	[M - H2O + H]+	C19H28O2	0.9999999999999999	134.29836200045418	134.29836200045418	0.0	41	0.8582982226742217	1.9390867527771138	2.839052744278599	-62272.63815437587	
2	C17H26N3O	[M + H]+	C17H26N3O	0.0	103.91507582794085	103.91507582794085	0.0	40	0.858298222674222	1.9390867527771138	2.839052744278599	5.646640838969302	
2	C17H28N3O2	[M - H2O + H]+	C17H26N3O	0.0	103.91507582794085	103.91507582794085	0.0	41	0.858298222674222	1.9390867527771138	2.839052744278599	-62267.99566677972	
3	C14H32N3O2S	[M - H2O + H]+	C14H30N3OS	0.0	80.46843817891529	80.46843817891529	0.0	34	0.8037193084410871	1.9226555805570724	2.8294439258265704	-62279.65173769846	
3	C14H30N3OS	[M + H]+	C14H30N3OS	0.0	80.46843817891529	80.46843817891529	0.0	33	0.8037193084410871	1.9226555805570724	2.8294439258265704	-6.009430079968793	
