rank	molecularFormula	adduct	precursorFormula	ZodiacScore	SiriusScore	TreeScore	IsotopeScore	numExplainedPeaks	explainedIntensity	medianMassErrorFragmentPeaks(ppm)	medianAbsoluteMassErrorFragmentPeaks(ppm)	massErrorPrecursor(ppm)	lipidClass
1	C18H32O4	[M - H2O + H]+	C18H30O3	0.9999999999999999	69.05723934532614	65.39879851519976	3.658440830126379	29	0.7187919463087247	-2.6703723379447704	6.628334698752303	-61004.85435431357	
1	C18H30O3	[M + H]+	C18H30O3	0.9999999999999999	69.05723934532614	65.39879851519976	3.658440830126379	28	0.7187919463087247	-2.6703723379447704	6.628334698752303	0.9529548927913657	
2	C13H34N3O3S	[M - H2O + H]+	C13H32N3O2S	0.0	61.312781184106264	61.312781184106264	0.0	36	0.8078523489932885	-0.036361983005476814	6.754938139579982	-61011.725147426965	
2	C13H32N3O2S	[M + H]+	C13H32N3O2S	0.0	61.312781184106264	61.312781184106264	0.0	35	0.8078523489932885	-0.036361983005476814	6.754938139579982	-5.9178382207949145	
3	C16H30N3O3	[M - H2O + H]+	C16H28N3O2	0.0	59.14783174560924	56.763139956994245	2.384691788614994	32	0.803221476510067	-0.6163374115435714	7.947320981696541	-61000.30638356314	
3	C16H28N3O2	[M + H]+	C16H28N3O2	0.0	59.14783174560924	56.763139956994245	2.384691788614994	31	0.803221476510067	-0.6163374115435714	7.947320981696541	5.500925643033154	
4	C21H28N	[M + H]+	C21H28N	0.0	55.02342147259744	53.33570393963601	1.6877175329614265	26	0.7070469798657717	-2.7461457292174605	7.153068459644172	-8.125061421607706	
4	C21H30NO	[M - H2O + H]+	C21H28N	0.0	55.02342147259744	53.33570393963601	1.6877175329614265	27	0.7070469798657717	-2.7461457292174605	7.153068459644172	-61013.93237062778	
