rank	molecularFormula	adduct	precursorFormula	ZodiacScore	SiriusScore	TreeScore	IsotopeScore	numExplainedPeaks	explainedIntensity	medianMassErrorFragmentPeaks(ppm)	medianAbsoluteMassErrorFragmentPeaks(ppm)	massErrorPrecursor(ppm)	lipidClass
1	C9H8O3	[M - H2O + H]+	C9H6O2	0.9999999999999999	14.594756600073255	12.020923211051047	2.573833389022209	3	0.23148148148148145	-3.8631006245610897	8.2435095034009	-122479.5190429153	
1	C9H10O4	[M - H4O2 + H]+	C9H6O2	0.9999999999999999	14.594756600073255	12.020923211051047	2.573833389022209	3	0.23148148148148145	-3.8631006245610897	8.2435095034009	-244963.1545485793	
1	C9H6O2	[M + H]+	C9H6O2	0.9999999999999999	14.594756600073255	12.020923211051047	2.573833389022209	2	0.23148148148148145	-3.8631006245610897	8.2435095034009	4.116462748301214	
2	C7H8N3O3	[M - H4O2 + H]+	C7H4N3O	0.0	3.22050153530964	3.0156546127359514	0.20484692257368842	3	0.23148148148148145	6.341732417570148	7.169804614871396	-244954.02341801557	
2	C7H6N3O2	[M - H2O + H]+	C7H4N3O	0.0	3.22050153530964	3.0156546127359514	0.20484692257368842	3	0.23148148148148145	6.341732417570148	7.169804614871396	-122470.38791235177	
2	C7H4N3O	[M + H]+	C7H4N3O	0.0	3.22050153530964	3.0156546127359514	0.20484692257368842	2	0.23148148148148145	6.341732417570148	7.169804614871396	13.247593312039449	
3	C4H10N3O2S	[M - H2O + H]+	C4H8N3OS	0.0	0.7651360952670458	0.7651360952670458	0.0	3	0.23148148148148145	-0.38010806961943455	9.034227098689712	-122493.31379060374	
3	C4H8N3OS	[M + H]+	C4H8N3OS	0.0	0.7651360952670458	0.7651360952670458	0.0	2	0.23148148148148145	-0.38010806961943455	9.034227098689712	-9.678284939933004	
3	C4H12N3O3S	[M - H4O2 + H]+	C4H8N3OS	0.0	0.7651360952670458	0.7651360952670458	0.0	3	0.23148148148148145	-0.38010806961943455	9.034227098689712	-244976.94929626756	
