rank	molecularFormula	adduct	precursorFormula	ZodiacScore	SiriusScore	TreeScore	IsotopeScore	numExplainedPeaks	explainedIntensity	medianMassErrorFragmentPeaks(ppm)	medianAbsoluteMassErrorFragmentPeaks(ppm)	massErrorPrecursor(ppm)	lipidClass
1	C15H30N3O3S	[M + Na]+	C15H30N3O3S	0.9999999999999999	119.09350398809181	119.09350398809181	0.0	41	0.7473136333109468	5.962759719267668	6.631238872970956	-3.885455150558599	
2	C17H32O4S	[M + Na]+	C17H32O4S	0.0	107.94465561107427	107.94465561107427	0.0	30	0.6037609133646742	-1.1843966903871357	4.380420928603113	-7.665655000767172	
3	C20H28O4	[M + Na]+	C20H28O4	0.0	88.55207339413161	88.55207339413161	0.0	23	0.42696440564136995	1.0550709354526493	6.2448261829965865	1.8254371401372276	
4	C18H26N3O3	[M + Na]+	C18H26N3O3	0.0	86.05706991114866	86.05706991114866	0.0	27	0.5038616521155137	1.7336675670538508	5.982039682234047	5.605636990185764	
5	C23H26NO	[M + Na]+	C23H26NO	0.0	71.23650540317153	71.23650540317153	0.0	23	0.43687038280725304	-1.4886666004633826	5.116729938695628	-5.720063434250692	
