rank	molecularFormula	adduct	precursorFormula	ZodiacScore	SiriusScore	TreeScore	IsotopeScore	numExplainedPeaks	explainedIntensity	medianMassErrorFragmentPeaks(ppm)	medianAbsoluteMassErrorFragmentPeaks(ppm)	massErrorPrecursor(ppm)	lipidClass
1	C18H36O5	[M - H2O + H]+	C18H34O4	0.9999999999999999	7.551807773219552	7.551807773219552	0.0	3	0.08203124999999999	6.889952602866995	6.889952602866995	-57128.77878129957	
1	C18H34O4	[M + H]+	C18H34O4	0.9999999999999999	7.551807773219552	7.551807773219552	0.0	2	0.08203124999999999	6.889952602866995	6.889952602866995	1.6400998937440792	
2	C16H34N3O4	[M - H2O + H]+	C16H32N3O3	0.0	0.09253004735861303	0.09253004735861303	0.0	4	0.1809895833333333	4.601823862754491	4.601823862754491	-57124.5197199826	
2	C16H32N3O3	[M + H]+	C16H32N3O3	0.0	0.09253004735861303	0.09253004735861303	0.0	3	0.1809895833333333	4.601823862754491	4.601823862754491	5.899161210887221	
3	C21H32NO	[M + H]+	C21H32NO	0.0	-3.605170185988091	-3.605170185988091	0.0	1	0.0	NaN	NaN	-6.861236249752229	
