rank	formulaRank	ConfidenceScore	CSI:FingerIDScore	molecularFormula	adduct	InChIkey2D	InChI	name	smiles	xlogp	pubchemids	links	dbflags
1	1	0.026554631089382674	-209.15791974597505	C17H16O5	[M + H]+	REBBZOCNEVVAPX	InChI=1S/C17H16O5/c1-20-12-7-15(21-2)17-13(19)9-14(22-16(17)8-12)10-3-5-11(18)6-4-10/h3-8,14,18H,9H2,1-2H3	Naringenin 5,7-dimethyl ether	COC1=CC2=C(C(=O)CC(O2)C3=CC=C(C=C3)O)C(=C1)OC	2.5	5271551;40429815;40484437	COCONUT:(CNP0306299);KNApSAcK:(8227);Natural Products:(UNPD63491);PubChem:(5271551 40429815 40484437);PNC:(LTS0268079);SuperNatural:(SN00003326 SN00011073);ZINC bio:(ZINC02584591 ZINC04348904);additional;Training Set;PubMed;KEGG Mine	77313138770
2	1	N/A	-210.6924916858513	C17H16O5	[M + H]+	LNRAFJFUMJDPEP	InChI=1S/C17H16O5/c1-9-13(21-2)8-15-16(17(9)20)12(19)7-14(22-15)10-3-5-11(18)6-4-10/h3-6,8,14,18,20H,7H2,1-2H3	(2R)-5,4''-Dihydroxy-7-methoxy-6-methylflavanone	CC1=C(C=C2C(=C1O)C(=O)CC(O2)C3=CC=C(C=C3)O)OC	3.0999999	15834295;42608072;74819420	COCONUT:(CNP0250767);KNApSAcK:(14147);Natural Products:(UNPD15304 UNPD84511);PubChem:(15834295 42608072 74819420);PNC:(LTS0083154 LTS0031387);SuperNatural:(SN00277287 SN00336570);KEGG Mine	77312589842
3	1	N/A	-211.29577872138918	C17H16O5	[M + H]+	CKEXCBVNKRHAMX	InChI=1S/C17H16O5/c1-20-11-5-3-10(4-6-11)15-9-14(19)17-13(18)7-12(21-2)8-16(17)22-15/h3-8,15,18H,9H2,1-2H3	Naringenin 7,4''-dimethyl ether	COC1=CC=C(C=C1)C2CC(=O)C3=C(C=C(C=C3O2)OC)O	3.0	321346;14057196;14057197	COCONUT:(CNP0284430);KNApSAcK:(8226);Natural Products:(UNPD36853 UNPD93184);PubChem:(321346 14057196 14057197);PNC:(LTS0121421 LTS0008514);SuperNatural:(SN00243578);ZINC bio:(ZINC02030112);additional;PubChem class - safety and toxic;Training Set;PubMed;KEGG Mine	77380247634
4	1	N/A	-212.3057642607795	C17H16O5	[M + H]+	KFGFEKHSEPSVNO	InChI=1S/C17H16O5/c1-20-12-5-3-10(4-6-12)14-9-13(19)17-15(21-2)7-11(18)8-16(17)22-14/h3-8,14,18H,9H2,1-2H3	Tsugafolin	COC1=CC=C(C=C1)C2CC(=O)C3=C(O2)C=C(C=C3OC)O	2.5	21721822;45273057;124355964	COCONUT:(CNP0159990);KNApSAcK:(8436);Natural Products:(UNPD174988);PubChem:(21721822 45273057 124355964);PNC:(LTS0095146 LTS0095990);SuperNatural:(SN00263736);PubMed;KEGG Mine	77312589906