rank	molecularFormula	adduct	precursorFormula	ZodiacScore	SiriusScore	TreeScore	IsotopeScore	numExplainedPeaks	explainedIntensity	medianMassErrorFragmentPeaks(ppm)	medianAbsoluteMassErrorFragmentPeaks(ppm)	massErrorPrecursor(ppm)	lipidClass
1	C41H78O8	[M + Na]+	C41H78O8	0.9562814070351758	29.99116698465318	24.50226041385226	5.488906570800922	15	0.18919290526605254	-0.9670954243486073	3.5472773172609364	1.990603728817801	
2	C39H76N3O7	[M + Na]+	C39H76N3O7	0.042211055276381915	26.628599609452102	21.339585094090125	5.289014515361975	14	0.18465557541592192	-1.0980021129614443	4.037295405137406	3.8514100270016303	
3	C47H74N2O2	[M + Na]+	C47H74N2O2	0.0015075376884422112	22.63253279949966	22.44976022148025	0.1827725780194085	10	0.13941977175855905	-3.8422671487520033	4.90015779251233	-5.437953251309079	
4	C44H76NO5	[M + Na]+	C44H76NO5	0.0	21.075934820747214	17.18914729439333	3.8867875263538867	12	0.16279389522892893	-1.6332413947388058	3.3821179333073927	-1.7236747611668606	
5	C51H72N	[M + Na]+	C51H72N	0.0	5.8324139330649905	5.8324139330649905	0.0	9	0.11907053485494294	0.9494047444299721	2.227157606616922	6.415946812203586	
