rank	molecularFormula	adduct	precursorFormula	ZodiacScore	SiriusScore	TreeScore	IsotopeScore	numExplainedPeaks	explainedIntensity	medianMassErrorFragmentPeaks(ppm)	medianAbsoluteMassErrorFragmentPeaks(ppm)	massErrorPrecursor(ppm)	lipidClass
1	C28H46O4	[M + Na]+	C28H46O4	0.9999999999999999	12.548650510567535	12.548650510567535	0.0	6	0.3516609392898052	3.2032861526698433	5.04265196444571	1.4942121138489515	
2	C25H50O4S	[M + Na]+	C25H50O4S	0.0	5.156593235091924	5.156593235091924	0.0	6	0.3516609392898052	1.292852934130675	5.4307957133368205	-5.688647200600438	
3	C24H50N2OS2	[M + Na]+	C24H50N2OS2	0.0	3.861121485066459	3.861121485066459	0.0	6	0.3516609392898052	6.563113310395784	6.625372038746883	8.21386597214164	
4	C31H44NO	[M + Na]+	C31H44NO	0.0	2.36329751481915	2.36329751481915	0.0	6	0.3516609392898052	1.292852934130675	5.04265196444571	-4.216223342810186	
5	C23H48N3O3S	[M + Na]+	C23H48N3O3S	0.0	2.2168253070550703	2.2168253070550703	0.0	6	0.3516609392898052	1.292852934130675	5.04265196444571	-2.8277916426095877	
6	C26H44N3O3	[M + Na]+	C26H44N3O3	0.0	2.205676313653136	2.205676313653136	0.0	6	0.3516609392898052	4.633714029042329	5.04265196444571	4.355067671960918	
