rank	molecularFormula	adduct	precursorFormula	ZodiacScore	SiriusScore	TreeScore	IsotopeScore	numExplainedPeaks	explainedIntensity	medianMassErrorFragmentPeaks(ppm)	medianAbsoluteMassErrorFragmentPeaks(ppm)	massErrorPrecursor(ppm)	lipidClass
1	C9H4O2	[M + H]+	C9H4O2	0.9809045226130655	3.5	3.5	0.0	1	0.0	NaN	NaN	2.139789656712359	
2	C4H10O2S	[M + Na]+	C4H10O2S	0.016582914572864323	-0.6094379124341003	-0.6094379124341003	0.0	1	0.0	NaN	NaN	-4.517098893624264	
3	C7H8N	[M + K]+	C7H8N	0.0015075376884422112	-3.605170185988091	-3.605170185988091	0.0	1	0.0	NaN	NaN	-0.801255477740712	
4	C7H2N3O	[M + H]+	C7H2N3O	5.025125628140704E-4	-3.605170185988091	-3.605170185988091	0.0	1	0.0	NaN	NaN	11.397845824082752	
5	C4H6N3OS	[M + H]+	C4H6N3OS	5.025125628140704E-4	-5.214608098422191	-5.214608098422191	0.0	1	0.0	NaN	NaN	-11.846709388603061	
6	C2H8N3OS	[M + Na]+	C2H8N3OS	0.0	-5.214608098422191	-5.214608098422191	0.0	1	0.0	NaN	NaN	4.74095727374613	
