rank	molecularFormula	adduct	precursorFormula	ZodiacScore	SiriusScore	TreeScore	IsotopeScore	numExplainedPeaks	explainedIntensity	medianMassErrorFragmentPeaks(ppm)	medianAbsoluteMassErrorFragmentPeaks(ppm)	massErrorPrecursor(ppm)	lipidClass
1	C26H42O4	[M + H]+	C26H42O4	0.9999999999999999	35.284053522547005	29.964944376867287	5.319109145679717	18	0.7387834839905968	5.603847115302746	6.286784940295196	1.1952899053973205	
2	C24H40N3O3	[M + H]+	C24H40N3O3	0.0	21.869400840053316	17.04887682320451	4.820524016848807	20	0.7570279129830143	2.9385469668934494	6.286784940295196	4.397370722462932	
3	C29H40NO	[M + H]+	C29H40NO	0.0	9.586105901036802	7.589945058759268	1.996160842277534	19	0.2806198470249332	2.5318588881612745	6.389894836341478	-5.196251177832679	
