rank	formulaRank	ConfidenceScore	CSI:FingerIDScore	molecularFormula	adduct	InChIkey2D	InChI	name	smiles	xlogp	pubchemids	links	dbflags
1	1	0.05756954630800844	-224.88152100382305	C22H24O7	[M + H]+	LQVWLBNZBDVKMM	InChI=1S/C22H24O7/c1-14(23)27-13-19(11-17-5-8-20(9-6-17)28-15(2)24)18-7-10-21(29-16(3)25)22(12-18)26-4/h5-10,12,19H,11,13H2,1-4H3	null	CC(=O)OCC(CC1=CC=C(C=C1)OC(=O)C)C2=CC(=C(C=C2)OC(=O)C)OC	3.29999995	101932964	COCONUT:(CNP0123754);Natural Products:(UNPD116402);PubChem:(101932964);PNC:(LTS0062732 LTS0155755);SuperNatural:(SN00232548)	68722655234
1	1	N/A	-288.57092622796273	C22H26O8	[M - H2O + H]+	ZCRYOJXGBVVNQQ	InChI=1S/C22H26O8/c1-26-16-7-5-13(10-18(16)28-3)9-15-20(23)30-21(24)22(15,25)12-14-6-8-17(27-2)19(11-14)29-4/h5-8,10-11,15,20,23,25H,9,12H2,1-4H3	null	COC1=C(C=C(C=C1)CC2C(OC(=O)C2(CC3=CC(=C(C=C3)OC)OC)O)O)OC	3.09442973	""	COCONUT:(CNP0299297);PNC:(LTS0202804);Natural Products:(UNPD206265)	68721606656
2	1	N/A	-367.1732832630157	C22H26O8	[M - H2O + H]+	ZPSQWDVEMDWXPJ	InChI=1S/C22H26O8/c1-13(17(24)25)5-4-9-20(3)16-8-11-21(19(28)30-20)10-6-15(18(26)27)7-12-22(16,21)29-14(2)23/h4-6,9,16H,7-8,10-12H2,1-3H3,(H,24,25)(H,26,27)	pseudolaric acid C2	CC(=CC=CC1(C2CCC3(C2(CCC(=CC3)C(=O)O)OC(=O)C)C(=O)O1)C)C(=O)O	2.0	6475945;78412051	COCONUT:(CNP0338398);Natural Products:(UNPD70935);PubChem:(6475945 78412051);PNC:(LTS0100996 LTS0004837);SuperNatural:(SN00320633);PubMed	68722655298