rank	molecularFormula	adduct	precursorFormula	ZodiacScore	SiriusScore	TreeScore	IsotopeScore	numExplainedPeaks	explainedIntensity	medianMassErrorFragmentPeaks(ppm)	medianAbsoluteMassErrorFragmentPeaks(ppm)	massErrorPrecursor(ppm)	lipidClass
1	C23H46O6	[M - H4O2 + H]+	C23H42O4	0.6226130653266332	30.733635197077742	30.733635197077742	0.0	13	0.20446562970396384	1.7157489945889224	4.237890313138931	-93978.15395728419	
2	C21H44N3O5	[M - H4O2 + H]+	C21H40N3O3	0.37738693467336687	29.513884808557982	29.513884808557982	0.0	16	0.28173607626693425	1.5241629013646762	4.281944484061226	-93974.65112314427	
