rank	molecularFormula	adduct	precursorFormula	ZodiacScore	SiriusScore	TreeScore	IsotopeScore	numExplainedPeaks	explainedIntensity	medianMassErrorFragmentPeaks(ppm)	medianAbsoluteMassErrorFragmentPeaks(ppm)	massErrorPrecursor(ppm)	lipidClass
1	C19H28O2	[M - H2O + H]+	C19H26O	0.9999999999999999	83.37134065295463	83.37134065295463	0.0	28	0.7036471067644664	1.3203834336956108	5.135764935280973	-66407.82308890039	
1	C19H26O	[M + H]+	C19H26O	0.9999999999999999	83.37134065295463	83.37134065295463	0.0	27	0.7036471067644664	1.3203834336956108	5.135764935280973	1.3429251635092798	
2	C17H24N3	[M + H]+	C17H24N3	0.0	60.35193760400232	60.35193760400232	0.0	26	0.6889771801140996	1.8905801540853497	4.7770328905746755	6.293715225988051	
2	C17H26N3O	[M - H2O + H]+	C17H24N3	0.0	60.35193760400232	60.35193760400232	0.0	27	0.6889771801140996	1.8905801540853497	4.7770328905746755	-66402.8722988377	
3	C14H30N3OS	[M - H2O + H]+	C14H28N3S	0.0	58.546362924811845	58.546362924811845	0.0	29	0.7558068459657703	-0.011570962905509297	5.87247213478174	-66415.3024365339	
3	C14H28N3S	[M + H]+	C14H28N3S	0.0	58.546362924811845	58.546362924811845	0.0	28	0.7558068459657703	-0.011570962905509297	5.87247213478174	-6.13642247000004	
