rank	molecularFormula	adduct	precursorFormula	ZodiacScore	SiriusScore	TreeScore	IsotopeScore	numExplainedPeaks	explainedIntensity	medianMassErrorFragmentPeaks(ppm)	medianAbsoluteMassErrorFragmentPeaks(ppm)	massErrorPrecursor(ppm)	lipidClass
1	C36H75N	[M + H]+	C36H75N	0.9999999999999999	12.277159717469194	12.277159717469194	0.0	5	0.22937062937062938	-2.844527661375231	4.981877536708592	0.22821015045332424	
1	C36H77NO	[M - H2O + H]+	C36H75N	0.9999999999999999	12.277159717469194	12.277159717469194	0.0	6	0.22937062937062938	-2.844527661375231	4.981877536708592	-34463.33113139236	
2	C2N2OS13	[M + K]+	C2N2OS13	0.0	-6.429681627595026	-6.429681627595026	0.0	1	0.0	NaN	NaN	-7.2648780206712695	
3	C3OS14	[M + Na]+	C3OS14	0.0	-6.534125855872127	-6.534125855872127	0.0	1	0.0	NaN	NaN	8.070829372862725	
4	C2H2OS15	[M + H]+	C2H2OS15	0.0	-6.916996876739029	-6.916996876739029	0.0	1	0.0	NaN	NaN	-2.98321832156274	
5	N3S15	[M + H]+	N3S15	0.0	-11.913043534100744	-11.913043534100744	0.0	1	0.0	NaN	NaN	-0.41396685604027744	
