rank	molecularFormula	adduct	precursorFormula	ZodiacScore	SiriusScore	TreeScore	IsotopeScore	numExplainedPeaks	explainedIntensity	medianMassErrorFragmentPeaks(ppm)	medianAbsoluteMassErrorFragmentPeaks(ppm)	massErrorPrecursor(ppm)	lipidClass
1	C16H20O	[M - H2O + H]+	C16H18	0.9999999999999999	13.105350831531073	13.105350831531073	0.0	3	0.5338983050847458	-7.15059970507454	7.15059970507454	-85296.35448672542	
1	C16H18	[M + H]+	C16H18	0.9999999999999999	13.105350831531073	13.105350831531073	0.0	2	0.5338983050847458	-7.15059970507454	7.15059970507454	1.7419884922546824	
2	C11H24S	[M + Na]+	C11H24S	0.0	8.28689335909079	8.28689335909079	0.0	2	0.5338983050847458	8.462984706717158	8.462984706717158	-2.8303386783389324	
