rank	molecularFormula	adduct	precursorFormula	ZodiacScore	SiriusScore	TreeScore	IsotopeScore	numExplainedPeaks	explainedIntensity	medianMassErrorFragmentPeaks(ppm)	medianAbsoluteMassErrorFragmentPeaks(ppm)	massErrorPrecursor(ppm)	lipidClass
1	C16H36N3O8	[M + Na]+	C16H36N3O8	0.9984924623115577	35.22533306184078	30.97484953468785	4.25048352715293	15	0.6008939974457217	2.497197033711867	4.086925760196619	4.78340222510251	
2	C18H38O9	[M + Na]+	C18H38O9	0.0015075376884422112	29.398838833154365	24.462559736097013	4.936279097057352	9	0.3767560664112389	1.6534551070267962	2.3758819469968717	1.5959573101248135	
3	C21H36NO6	[M + Na]+	C21H36NO6	0.0	22.514742420368634	19.501865293886716	3.012877126481917	10	0.4169859514687101	0.007186855065803965	3.6877945983826415	-4.7663696546819745	
4	C28H32NO	[M + Na]+	C28H32NO	0.0	-3.618468301729953	-3.618468301729953	0.0	2	0.06385696040868455	5.804836399828698	5.804836399828698	9.176293491611869	
