rank	molecularFormula	adduct	precursorFormula	ZodiacScore	SiriusScore	TreeScore	IsotopeScore	numExplainedPeaks	explainedIntensity	medianMassErrorFragmentPeaks(ppm)	medianAbsoluteMassErrorFragmentPeaks(ppm)	massErrorPrecursor(ppm)	lipidClass
1	C20H30O3	[M - H2O + H]+	C20H28O2	0.9999999999999999	141.29512772084263	138.2922185162989	3.002909204543721	28	0.7006518904823991	1.348467384529685	4.670193601989215	-59791.64871866758	
1	C20H32O4	[M - H4O2 + H]+	C20H28O2	0.9999999999999999	141.29512772084263	138.2922185162989	3.002909204543721	28	0.7006518904823991	1.348467384529685	4.670193601989215	-119584.39719257788	
1	C20H28O2	[M + H]+	C20H28O2	0.9999999999999999	141.29512772084263	138.2922185162989	3.002909204543721	27	0.7006518904823991	1.348467384529685	4.670193601989215	1.0997552425230877	
2	C18H26N3O	[M + H]+	C18H26N3O	0.0	111.10787631609138	109.80237039590442	1.3055059201869579	29	0.717601043024772	2.4335255885921327	5.402487774492476	5.557292699065905	
2	C18H30N3O3	[M - H4O2 + H]+	C18H26N3O	0.0	111.10787631609138	109.80237039590442	1.3055059201869579	30	0.717601043024772	2.4335255885921327	5.402487774492476	-119579.93965512133	
2	C18H28N3O2	[M - H2O + H]+	C18H26N3O	0.0	111.10787631609138	109.80237039590442	1.3055059201869579	30	0.717601043024772	2.4335255885921327	5.402487774492476	-59787.19118121122	
