rank	molecularFormula	adduct	precursorFormula	ZodiacScore	SiriusScore	TreeScore	IsotopeScore	numExplainedPeaks	explainedIntensity	medianMassErrorFragmentPeaks(ppm)	medianAbsoluteMassErrorFragmentPeaks(ppm)	massErrorPrecursor(ppm)	lipidClass
1	C20H38O6	[M + Na]+	C20H38O6	0.9989949748743717	40.411870048694276	40.411870048694276	0.0	13	0.5107018417122947	5.971532316749811	6.523040972060017	2.768389604661138	
2	C23H36NO3	[M + Na]+	C23H36NO3	0.0010050251256281408	33.59988205701996	33.59988205701996	0.0	13	0.5107018417122947	5.971532316749811	6.523040972060017	-3.978061495293521	
3	C18H36N3O5	[M + Na]+	C18H36N3O5	0.0	31.533483976093013	31.533483976093013	0.0	13	0.5107018417122947	6.2504793103637954	6.523040972060017	6.1482758275811	
4	C24H38OS	[M + Na]+	C24H38OS	0.0	30.49119041037865	30.49119041037865	0.0	11	0.5176704828272772	4.054313843249539	8.199419718784673	9.066828640479983	
5	C21H42OS2	[M + Na]+	C21H42OS2	0.0	28.142442827265146	28.142442827265146	0.0	11	0.5176704828272772	1.6766458465623	5.971532316749811	0.5808192125514794	
6	C19H40N3S2	[M + Na]+	C19H40N3S2	0.0	22.072756293622355	22.072756293622355	0.0	11	0.5176704828272772	4.054313843249539	5.971532316749811	3.960705435328351	
