rank	molecularFormula	adduct	precursorFormula	ZodiacScore	SiriusScore	TreeScore	IsotopeScore	numExplainedPeaks	explainedIntensity	medianMassErrorFragmentPeaks(ppm)	medianAbsoluteMassErrorFragmentPeaks(ppm)	massErrorPrecursor(ppm)	lipidClass
1	C20H30O2	[M - H4O2 + H]+	C20H26	0.9999999999999999	92.25036937449799	89.16246113601771	3.0879082384802827	19	0.6959403479701739	1.5828436320935224	6.582772283113007	-134802.363442226	
1	C20H28O	[M - H2O + H]+	C20H26	0.9999999999999999	92.25036937449799	89.16246113601771	3.0879082384802827	19	0.6959403479701739	1.5828436320935224	6.582772283113007	-67400.37080204597	
1	C20H26	[M + H]+	C20H26	0.9999999999999999	92.25036937449799	89.16246113601771	3.0879082384802827	18	0.6959403479701739	1.5828436320935224	6.582772283113007	1.6218381338046015	
