rank	molecularFormula	adduct	precursorFormula	ZodiacScore	SiriusScore	TreeScore	IsotopeScore	numExplainedPeaks	explainedIntensity	medianMassErrorFragmentPeaks(ppm)	medianAbsoluteMassErrorFragmentPeaks(ppm)	massErrorPrecursor(ppm)	lipidClass
1	C20H22O2S	[M + H3N + H]+	C20H25NO2S	0.48140703517587935	24.096604053253547	24.096604053253547	0.0	8	0.46594724220623474	-4.885502559502994	4.885502559502994	8.787181121920352	
2	C17H26O2S2	[M + H3N + H]+	C17H29NO2S2	0.4206030150753769	23.93034240698882	23.93034240698882	0.0	8	0.46594724220623474	-4.885502559502994	4.885502559502994	-1.0077434118852067	
3	C16H22O7	[M + H3N + H]+	C16H25NO7	0.06683417085427135	22.26200237696028	22.26200237696028	0.0	5	0.41822541966426835	1.5272765816318157	2.9637554229077603	1.5172463476530287	
4	C19H20NO4	[M + H3N + H]+	C19H23N2O4	0.02964824120603015	21.504201942724933	21.504201942724933	0.0	12	0.5160671462829733	0.6375764266447435	3.510534109196632	-6.269803614853556	
5	C13H26O7S	[M + H3N + H]+	C13H29NO7S	0.0015075376884422112	18.377953598066107	18.377953598066107	0.0	11	0.5659472422062347	-0.844232074068643	4.335352335352748	-8.27767818648285	
