rank	formulaRank	ConfidenceScore	CSI:FingerIDScore	molecularFormula	adduct	InChIkey2D	InChI	name	smiles	xlogp	pubchemids	links	dbflags
1	3	0.17031154368661836	-91.86434941928188	C16H22O7	[M + H3N + H]+	BCCRIKZFPLCLBX	InChI=1S/C16H22O7/c1-3-4-9-5-6-10(7-11(9)21-2)22-16-15(20)14(19)13(18)12(8-17)23-16/h3,5-7,12-20H,1,4,8H2,2H3	null	COC1=C(C=CC(=C1)OC2C(C(C(C(O2)CO)O)O)O)CC=C	0.694754481	""	COCONUT:(CNP0165910);Natural Products:(UNPD19905);PNC:(LTS0267167);SuperNatural:(SN00401288)	68722655232
2	3	N/A	-121.59170849201735	C16H22O7	[M + H3N + H]+	IDONYWHRKBUDOR	InChI=1S/C16H22O7/c1-9(18)2-3-10-4-6-11(7-5-10)22-16-15(21)14(20)13(19)12(8-17)23-16/h4-7,12-17,19-21H,2-3,8H2,1H3	Oristar RKG	CC(=O)CCC1=CC=C(C=C1)OC2C(C(C(C(O2)CO)O)O)O	0.0695468709	5320521;9905403;9927344;10172008;22376357;57997984;70943553;70943577;121342659;124914991;124914992	COCONUT:(CNP0140593);HMDB:(34863);Natural Products:(UNPD97124 UNPD35639);PubChem:(5320521 9905403 9927344 10172008 22376357 57997984 70943553 70943577 121342659 124914991 124914992);PNC:(LTS0140288 LTS0034354);SuperNatural:(SN00404231 SN00038328);ZINC bio:(ZINC33833283);PubChem class - bio and metabolites;PubMed	68739440714