rank	molecularFormula	adduct	precursorFormula	ZodiacScore	SiriusScore	TreeScore	IsotopeScore	numExplainedPeaks	explainedIntensity	medianMassErrorFragmentPeaks(ppm)	medianAbsoluteMassErrorFragmentPeaks(ppm)	massErrorPrecursor(ppm)	lipidClass
1	C20H34O	[M - H2O + H]+	C20H32	0.9999999999999999	40.63231892035234	40.63231892035234	0.0	20	0.718783542039356	3.2783195398676774	6.551585784216895	-65908.95881070645	
1	C20H32	[M + H]+	C20H32	0.9999999999999999	40.63231892035234	40.63231892035234	0.0	19	0.718783542039356	3.2783195398676774	6.551585784216895	1.495784489876829	
