rank	molecularFormula	adduct	precursorFormula	ZodiacScore	SiriusScore	TreeScore	IsotopeScore	numExplainedPeaks	explainedIntensity	medianMassErrorFragmentPeaks(ppm)	medianAbsoluteMassErrorFragmentPeaks(ppm)	massErrorPrecursor(ppm)	lipidClass
1	C20H30O2	[M - H4O2 + H]+	C20H26	0.9999999999999999	64.3052701840989	61.404352695580705	2.900917488518197	35	0.8228465083303794	-0.3405166620967902	3.2616137484806256	-134800.02740138982	
1	C20H28O	[M - H2O + H]+	C20H26	0.9999999999999999	64.3052701840989	61.404352695580705	2.900917488518197	35	0.8228465083303794	-0.3405166620967902	3.2616137484806256	-67398.1735111916	
1	C20H26	[M + H]+	C20H26	0.9999999999999999	64.3052701840989	61.404352695580705	2.900917488518197	34	0.8228465083303794	-0.3405166620967902	3.2616137484806256	3.6803790064166146	
