rank	molecularFormula	adduct	precursorFormula	ZodiacScore	SiriusScore	TreeScore	IsotopeScore	numExplainedPeaks	explainedIntensity	medianMassErrorFragmentPeaks(ppm)	medianAbsoluteMassErrorFragmentPeaks(ppm)	massErrorPrecursor(ppm)	lipidClass
1	C16H20O2	[M - H2O + H]+	C16H18O	0.9974874371859295	20.30779614136342	20.30779614136342	0.0	7	0.5468431771894094	4.263530171918868	4.537078259997863	-79289.09976144927	
1	C16H18O	[M + H]+	C16H18O	0.9974874371859295	20.30779614136342	20.30779614136342	0.0	6	0.5468431771894094	4.263530171918868	4.537078259997863	2.4368176934740333	
2	C11H24OS	[M + Na]+	C11H24OS	0.0025125628140703522	14.827766263813203	14.827766263813203	0.0	9	0.8329938900203666	-1.8904087434557608	4.688569956552488	-1.8135332764751293	
3	C14H16N3	[M + H]+	C14H16N3	0.0	12.33393204807269	12.33393204807269	0.0	6	0.5468431771894094	4.263530171918868	4.537078259997863	8.347985908840231	
3	C14H18N3O	[M - H2O + H]+	C14H16N3	0.0	12.33393204807269	12.33393204807269	0.0	7	0.5468431771894094	4.263530171918868	4.537078259997863	-79283.18859323389	
4	C9H22N3S	[M + Na]+	C9H22N3S	0.0	8.916276292745797	8.916276292745797	0.0	8	0.7107942973523423	0.35046703838212345	4.100360173724518	4.097634938891067	
5	C11H20N3S	[M + H]+	C11H20N3S	0.0	3.6333451165638415	3.6333451165638415	0.0	5	0.5091649694501019	-3.648474519598037	4.22739105769887	-6.493409894937882	
5	C11H22N3OS	[M - H2O + H]+	C11H20N3S	0.0	3.6333451165638415	3.6333451165638415	0.0	6	0.5091649694501019	-3.648474519598037	4.22739105769887	-79298.02998903766	
