rank	molecularFormula	adduct	precursorFormula	ZodiacScore	SiriusScore	TreeScore	IsotopeScore	numExplainedPeaks	explainedIntensity	medianMassErrorFragmentPeaks(ppm)	medianAbsoluteMassErrorFragmentPeaks(ppm)	massErrorPrecursor(ppm)	lipidClass
1	C23H44O6	[M + Na]+	C23H44O6	0.9999999999999999	106.40774872836795	106.40774872836795	0.0	30	0.6470588235294118	2.179196590869833	5.089994398808025	2.0974288254642555	
2	C21H42N3O5	[M + Na]+	C21H42N3O5	0.0	100.03802893893415	100.03802893893415	0.0	30	0.6246246246246248	4.662425960752715	6.113109542966162	5.153818501219892	
3	C26H42NO3	[M + Na]+	C26H42NO3	0.0	99.11660670847557	99.11660670847557	0.0	30	0.6442324677618798	-0.5283387224960032	4.900936295996408	-4.003304196663354	
4	C27H44OS	[M + Na]+	C27H44OS	0.0	99.02180437329405	99.02180437329405	0.0	29	0.6818583289171525	1.5067299422484663	4.333835388758052	7.793030030240033	
5	C24H48OS2	[M + Na]+	C24H48OS2	0.0	97.36244038001703	97.36244038001703	0.0	28	0.6624271330153685	0.3898847628787402	4.36889297326116	0.11923573813103161	
6	C22H46N3S2	[M + Na]+	C22H46N3S2	0.0	91.61048553456656	91.61048553456656	0.0	30	0.6788553259141495	2.718294923413765	4.732225722771101	3.175625413886668	
