rank	molecularFormula	adduct	precursorFormula	ZodiacScore	SiriusScore	TreeScore	IsotopeScore	numExplainedPeaks	explainedIntensity	medianMassErrorFragmentPeaks(ppm)	medianAbsoluteMassErrorFragmentPeaks(ppm)	massErrorPrecursor(ppm)	lipidClass
1	C20H32O2	[M - H2O + H]+	C20H30O	0.9999999999999999	61.41555982626528	61.41555982626528	0.0	22	0.6597051597051594	3.0026360923593005	6.045753688943202	-62702.35409636691	
1	C20H30O	[M + H]+	C20H30O	0.9999999999999999	61.41555982626528	61.41555982626528	0.0	21	0.6597051597051594	3.0026360923593005	6.045753688943202	0.43320631083892086	
2	C18H32O	[M + Na]+	C18H32O	0.0	55.09708650671374	55.09708650671374	0.0	23	0.723510442260442	3.0026360923593005	5.393210610204069	8.808476360825376	
3	C18H30N3O	[M - H2O + H]+	C18H28N3	0.0	50.42012168755129	50.42012168755129	0.0	22	0.6597051597051594	4.778276758827319	6.324773822920337	-62697.679616096895	
3	C18H28N3	[M + H]+	C18H28N3	0.0	50.42012168755129	50.42012168755129	0.0	21	0.6597051597051594	4.778276758827319	6.324773822920337	5.107686580657031	
4	C15H32N3S	[M + H]+	C15H32N3S	0.0	49.28701273660209	49.28701273660209	0.0	24	0.709613022113022	3.440959225510096	5.975913085741863	-6.628709565764665	
4	C15H34N3OS	[M - H2O + H]+	C15H32N3S	0.0	49.28701273660209	49.28701273660209	0.0	25	0.709613022113022	3.440959225510096	5.975913085741863	-62709.416012243506	
