rank	molecularFormula	adduct	precursorFormula	ZodiacScore	SiriusScore	TreeScore	IsotopeScore	numExplainedPeaks	explainedIntensity	medianMassErrorFragmentPeaks(ppm)	medianAbsoluteMassErrorFragmentPeaks(ppm)	massErrorPrecursor(ppm)	lipidClass
1	C30H58N2O9	[M + H]+	C30H58N2O9	0.9185929648241207	67.67132582622024	63.173012329896345	4.4983134963238935	19	0.6376772082878953	3.9504860516080043	7.031349728066356	7.689307523007138	
2	C33H56N3O6	[M + H]+	C33H56N3O6	0.08140703517587941	65.41800799728891	59.84617069911445	5.57183729817446	19	0.6376772082878953	3.9504860516080043	7.031349728066356	3.1577587777223695	
3	C35H58O7	[M + H]+	C35H58O7	0.0	55.0326460393416	49.41069850598772	5.621947533353885	11	0.4438386041439477	7.031349728066356	7.031349728066356	0.8875104728388684	
4	C38H56NO4	[M + H]+	C38H56NO4	0.0	49.39496679153006	46.12904560050463	3.265921191025427	14	0.5092693565976009	4.285265049672661	9.777434406460051	-3.6440382724459	
5	C41H54N2O	[M + H]+	C41H54N2O	0.0	48.854982787251714	48.854982787251714	0.0	14	0.49918211559432935	3.4942883452741813	4.285265049672661	-8.175587018115118	
6	C42H54O2	[M + H]+	C42H54O2	0.0	38.29575282902128	38.29575282902128	0.0	10	0.3456924754634679	3.615707053543347	3.9754218145543847	10.818131460833769	
7	C26H57N2O11	[M + H3N + H]+	C26H60N3O11	0.0	36.46714779117488	33.15358100501612	3.3135667861587565	15	0.5365321701199564	3.8897766974734216	7.400034742308951	-6.772862210272531	
