rank	molecularFormula	adduct	precursorFormula	ZodiacScore	SiriusScore	TreeScore	IsotopeScore	numExplainedPeaks	explainedIntensity	medianMassErrorFragmentPeaks(ppm)	medianAbsoluteMassErrorFragmentPeaks(ppm)	massErrorPrecursor(ppm)	lipidClass
1	C18H38O4	[M + Na]+	C18H38O4	0.8030150753768844	47.00567949387322	47.00567949387322	0.0	17	0.4449456089148314	3.615707053543347	4.908474526733019	2.788480449528812	
2	C16H36N3O3	[M + Na]+	C16H36N3O3	0.10000000000000002	45.28635645090477	45.28635645090477	0.0	21	0.5009286282833643	3.615707053543347	4.4183008458683775	6.722887479493235	
3	C20H36O4	[M + H]+	C20H36O4	0.0934673366834171	44.02588129643479	44.02588129643479	0.0	15	0.3811355797293712	3.615707053543347	4.908474526733019	-4.2607997825181085	
3	C20H38O5	[M - H2O + H]+	C20H36O4	0.0934673366834171	44.02588129643479	44.02588129643479	0.0	16	0.3811355797293712	3.615707053543347	4.908474526733019	-52779.815067160715	
4	C18H40NO2	[M + K]+	C18H40NO2	0.0025125628140703522	41.54359197084817	41.54359197084817	0.0	16	0.39400371451313343	3.4220294665458693	5.18321340075785	-5.510659196202407	
5	C18H34N3O3	[M + H]+	C18H34N3O3	0.0010050251256281408	39.22065066727631	39.22065066727631	0.0	18	0.4827540461660917	3.4220294665458693	4.733178788455135	-0.3263927525536853	
5	C18H36N3O4	[M - H2O + H]+	C18H34N3O3	0.0010050251256281408	39.22065066727631	39.22065066727631	0.0	19	0.4827540461660917	3.4220294665458693	4.733178788455135	-52775.880660130926	
6	C21H36NO	[M + Na]+	C21H36NO	0.0	37.225810054900236	37.225810054900236	0.0	17	0.4449456089148314	3.615707053543347	5.034643368687075	-5.06482669879332	
