rank	molecularFormula	adduct	precursorFormula	ZodiacScore	SiriusScore	TreeScore	IsotopeScore	numExplainedPeaks	explainedIntensity	medianMassErrorFragmentPeaks(ppm)	medianAbsoluteMassErrorFragmentPeaks(ppm)	massErrorPrecursor(ppm)	lipidClass
1	C20H32O	[M + H]+	C20H32O	0.9999999999999999	114.16837004977386	114.16837004977386	0.0	23	0.5539865924975039	4.813558504897883	5.829881044234827	0.7193221351814568	
1	C20H34O2	[M - H2O + H]+	C20H32O	0.9999999999999999	114.16837004977386	114.16837004977386	0.0	24	0.5539865924975039	4.813558504897883	5.829881044234827	-62265.10722789633	
2	C15H36N3OS	[M - H2O + H]+	C15H34N3S	0.0	96.65837290827355	96.65837290827355	0.0	24	0.5634003708458138	5.062550683949715	6.275387667328798	-62272.11993096723	
2	C15H34N3S	[M + H]+	C15H34N3S	0.0	96.65837290827355	96.65837290827355	0.0	23	0.5634003708458138	5.062550683949715	6.275387667328798	-6.293380935910478	
3	C18H32N3O	[M - H2O + H]+	C18H30N3	0.0	95.56956576033791	95.56956576033791	0.0	23	0.5458565111966909	5.181137368035322	5.775781409908416	-62260.46532296316	
3	C18H30N3	[M + H]+	C18H30N3	0.0	95.56956576033791	95.56956576033791	0.0	22	0.5458565111966909	5.181137368035322	5.775781409908416	5.361227068163744	
