rank	molecularFormula	adduct	precursorFormula	ZodiacScore	SiriusScore	TreeScore	IsotopeScore	numExplainedPeaks	explainedIntensity	medianMassErrorFragmentPeaks(ppm)	medianAbsoluteMassErrorFragmentPeaks(ppm)	massErrorPrecursor(ppm)	lipidClass
1	C15H36N3O2S2	[M + Na]+	C15H36N3O2S2	0.9999999999999999	41.323107864377974	41.323107864377974	0.0	18	0.5052201543349977	0.5839031217336209	4.9929074949585335	2.1632330386459016	
2	C16H34O8	[M + Na]+	C16H34O8	0.0	22.262036744841474	18.916412270585663	3.345624474255811	8	0.20472083522469361	-3.586857151918397	5.874323958019556	0.9075669424921309	
3	C20H34O3S	[M + Na]+	C20H34O3S	0.0	20.43064888316191	20.43064888316191	0.0	10	0.2696323195642306	4.9929074949585335	5.622804676153727	7.540655385587456	
4	C14H32N3O7	[M + Na]+	C14H32N3O7	0.0	18.74497941350264	16.676518095120336	2.0684613183823037	12	0.32047208352246936	3.806326937350733	4.093784390894427	4.467033679533228	
5	C19H32NO5	[M + Na]+	C19H32NO5	0.0	11.712034825495294	9.812970384672667	1.8990644408226267	8	0.20472083522469361	-5.874323958019556	6.6998607450521	-6.197337394832824	
6	C23H32NS	[M + Na]+	C23H32NS	0.0	-2.204037820445985	-2.204037820445985	0.0	5	0.10167952791647754	-3.1760014612044296	3.8862252669661492	0.4357510482625013	
7	C20H36NS2	[M + Na]+	C20H36NS2	0.0	-2.6753741059501626	-2.6753741059501626	0.0	4	0.0785292782569224	-3.8803839111010046	5.935662622356318	-8.501138035720151	
8	C26H28N	[M + Na]+	C26H28N	0.0	-2.743142214540156	-2.743142214540156	0.0	3	0.04993191103041308	8.114640264630589	8.114640264630589	9.37264013209446	
