rank	molecularFormula	adduct	precursorFormula	ZodiacScore	SiriusScore	TreeScore	IsotopeScore	numExplainedPeaks	explainedIntensity	medianMassErrorFragmentPeaks(ppm)	medianAbsoluteMassErrorFragmentPeaks(ppm)	massErrorPrecursor(ppm)	lipidClass
1	C40H60NO7	[M + H]+	C40H60NO7	0.8160804020100503	76.94449404500106	73.80464075992863	3.1398532850724274	28	0.6228613935035954	5.834507625332632	5.834507625332632	1.7783521182597128	
2	C37H62O10	[M + H]+	C37H62O10	0.1829145728643216	75.54392414719767	71.61691987392184	3.927004273275826	19	0.4925613687081576	9.763561452644833	9.763561452644833	5.793775451209815	
3	C35H60N3O9	[M + H]+	C35H60N3O9	5.025125628140704E-4	70.81092859479809	66.92193781622048	3.8889907785776097	32	0.676171584428465	5.452994960583419	5.834507625332632	7.805451486804743	
4	C33H64NO12	[M + H]+	C33H64NO12	5.025125628140704E-4	67.1912522216061	62.890730985749016	4.300521235857089	27	0.638482519216464	4.830549810066452	5.832415764699849	-7.0212105626825805	
5	C43H58N2O4	[M + H]+	C43H58N2O4	0.0	64.14611954893503	64.14437009305755	0.001749455877492423	20	0.5162410116538556	5.834507625332632	6.64961790772156	-2.2370712150310528	
6	C36H62N2O9	[M + H]+	C36H62N2O9	0.0	62.32676745151251	59.88174186542817	2.445025586084344	20	0.5162410116538556	5.834507625332632	6.64961790772156	-11.036633895803014	
7	C28H61N2O14	[M + H3N + H]+	C28H64N3O14	0.0	51.1794247490759	46.16103884659047	5.018385902485425	22	0.5311182742375402	4.208104659549484	5.8303239040670665	-0.9941111941375504	
8	C46H56N3O	[M + H]+	C46H56N3O	0.0	34.186546720213165	34.186546720213165	0.0	13	0.33870567815521935	5.021306142441058	5.832415764699849	-6.252494547981155	
9	C48H58O2	[M + H]+	C48H58O2	0.0	17.421894036802684	17.421894036802684	0.0	9	0.08566823704438384	7.490494465418857	8.4339613474191	-8.26417058340575	
