rank	molecularFormula	adduct	precursorFormula	ZodiacScore	SiriusScore	TreeScore	IsotopeScore	numExplainedPeaks	explainedIntensity	medianMassErrorFragmentPeaks(ppm)	medianAbsoluteMassErrorFragmentPeaks(ppm)	massErrorPrecursor(ppm)	lipidClass
1	C19H28O2	[M + H]+	C19H28O2	0.9999999999999999	62.77105369526279	62.77105369526279	0.0	27	0.6758430832759806	1.0145061207348907	4.841715284438884	0.844364876968497	
2	C17H26N3O	[M + H]+	C17H26N3O	0.0	45.44994476019191	45.44994476019191	0.0	28	0.6828237144823517	1.820534821752289	4.379588669328178	5.486853215130664	
3	C14H30N3OS	[M + H]+	C14H30N3OS	0.0	44.97552796993637	44.97552796993637	0.0	28	0.7088781830695112	1.5943804089601776	6.313705913999372	-6.1692195663138225	
