rank	molecularFormula	adduct	precursorFormula	ZodiacScore	SiriusScore	TreeScore	IsotopeScore	numExplainedPeaks	explainedIntensity	medianMassErrorFragmentPeaks(ppm)	medianAbsoluteMassErrorFragmentPeaks(ppm)	massErrorPrecursor(ppm)	lipidClass
1	C20H32O	[M - H2O + H]+	C20H30	0.9999999999999999	69.87014166914174	69.87014166914174	0.0	29	0.8200577405461685	0.20951096658691326	3.358488097979106	-66398.49687996546	
1	C20H34O2	[M - H4O2 + H]+	C20H30	0.9999999999999999	69.87014166914174	69.87014166914174	0.0	29	0.8200577405461685	0.20951096658691326	3.358488097979106	-132798.72848306407	
1	C20H30	[M + H]+	C20H30	0.9999999999999999	69.87014166914174	69.87014166914174	0.0	28	0.8200577405461685	0.20951096658691326	3.358488097979106	1.7347231329605506	
