rank	molecularFormula	adduct	precursorFormula	ZodiacScore	SiriusScore	TreeScore	IsotopeScore	numExplainedPeaks	explainedIntensity	medianMassErrorFragmentPeaks(ppm)	medianAbsoluteMassErrorFragmentPeaks(ppm)	massErrorPrecursor(ppm)	lipidClass
1	C16H20O	[M - H2O + H]+	C16H18	0.9999999999999999	50.189844993960385	50.189844993960385	0.0	11	0.6630985915492957	-1.9698931852142108	6.134550456868216	-85295.95267306121	
1	C16H18	[M + H]+	C16H18	0.9999999999999999	50.189844993960385	50.189844993960385	0.0	10	0.6630985915492957	-1.9698931852142108	6.134550456868216	2.112221896804273	
2	C11H24S	[M + Na]+	C11H24S	0.0	32.51020508251464	32.51020508251464	0.0	9	0.5374647887323942	3.1157282726874245	6.166729727724011	-2.4601035809581377	
