rank	molecularFormula	adduct	precursorFormula	ZodiacScore	SiriusScore	TreeScore	IsotopeScore	numExplainedPeaks	explainedIntensity	medianMassErrorFragmentPeaks(ppm)	medianAbsoluteMassErrorFragmentPeaks(ppm)	massErrorPrecursor(ppm)	lipidClass
1	C20H32O3	[M - H2O + H]+	C20H30O2	0.9999999999999999	129.36744125934786	129.36744125934786	0.0	24	0.6471844304801412	5.239678103863246	6.905516429775845	-59392.442208040324	
2	C17H36O3S	[M - H2O + H]+	C17H34O2S	0.0	119.01431720103169	119.01431720103169	0.0	28	0.6969068391190284	4.512666262640213	7.299516285996783	-59403.55950540749	
3	C15H34N3O2S	[M - H2O + H]+	C15H32N3OS	0.0	117.60775242389236	117.60775242389236	0.0	30	0.7099627844548835	5.239678103863246	6.080085571028037	-59399.13160551834	
4	C18H30N3O2	[M - H2O + H]+	C18H28N3O	0.0	105.8459930466483	105.8459930466483	0.0	24	0.6471844304801412	5.585979901152111	7.209090277871143	-59388.01430815118	
