rank	molecularFormula	adduct	precursorFormula	ZodiacScore	SiriusScore	TreeScore	IsotopeScore	numExplainedPeaks	explainedIntensity	medianMassErrorFragmentPeaks(ppm)	medianAbsoluteMassErrorFragmentPeaks(ppm)	massErrorPrecursor(ppm)	lipidClass
1	C20H32O	[M - H2O + H]+	C20H30	0.9999999999999999	91.66552496090905	91.66552496090905	0.0	38	0.9314827426516659	1.3214859398931542	4.980393236094612	-66398.72332345872	
1	C20H34O2	[M - H4O2 + H]+	C20H30	0.9999999999999999	91.66552496090905	91.66552496090905	0.0	38	0.9314827426516659	1.3214859398931542	4.980393236094612	-132798.96902625874	
1	C20H30	[M + H]+	C20H30	0.9999999999999999	91.66552496090905	91.66552496090905	0.0	37	0.9314827426516659	1.3214859398931542	4.980393236094612	1.5223793411169844	
