rank	molecularFormula	adduct	precursorFormula	ZodiacScore	SiriusScore	TreeScore	IsotopeScore	numExplainedPeaks	explainedIntensity	medianMassErrorFragmentPeaks(ppm)	medianAbsoluteMassErrorFragmentPeaks(ppm)	massErrorPrecursor(ppm)	lipidClass
1	C11H24O6	[M + Na]+	C11H24O6	0.9964824120603014	5.2753566435627475	3.41207072417878	1.8632859193839677	1	0.0	1.056933642155204	1.056933642155204	1.741181421323172	
2	C9H22N3O5	[M + Na]+	C9H22N3O5	0.0025125628140703522	-0.7475292356083671	-0.7475292356083671	0.0	3	0.39726027397260266	7.04339743636469	7.04339743636469	6.621060385128693	
3	C10H26N3S2	[M + Na]+	C10H26N3S2	0.0010050251256281408	-1.8377474192996737	-1.8377474192996737	0.0	1	0.0	2.778400146570069	2.778400146570069	3.462646747827159	
4	C14H22NO3	[M + Na]+	C14H22NO3	0.0	-2.4861299553992793	-4.559169490982579	2.0730395355832996	1	0.0	-8.683597594225139	8.683597594225139	-7.99934315011326	
