rank	molecularFormula	adduct	precursorFormula	ZodiacScore	SiriusScore	TreeScore	IsotopeScore	numExplainedPeaks	explainedIntensity	medianMassErrorFragmentPeaks(ppm)	medianAbsoluteMassErrorFragmentPeaks(ppm)	massErrorPrecursor(ppm)	lipidClass
1	C29H54O6	[M + Na]+	C29H54O6	0.9859296482412061	8.106391226494699	3.5	4.606391226494699	1	0.0	NaN	NaN	0.27406322033399755	
2	C35H50N2	[M + Na]+	C35H50N2	0.012562814070351761	3.739779548175763	1.0	2.739779548175763	1	0.0	NaN	NaN	-10.006610330221312	
3	C32H52NO3	[M + Na]+	C32H52NO3	0.0015075376884422112	0.8910958628490189	-3.605170185988091	4.49626604883711	1	0.0	NaN	NaN	-4.866273555052682	
4	C27H52N3O5	[M + Na]+	C27H52N3O5	0.0	0.23615429122357412	-3.605170185988091	3.841324477211665	1	0.0	NaN	NaN	2.849306587518709	
