rank	molecularFormula	adduct	precursorFormula	ZodiacScore	SiriusScore	TreeScore	IsotopeScore	numExplainedPeaks	explainedIntensity	medianMassErrorFragmentPeaks(ppm)	medianAbsoluteMassErrorFragmentPeaks(ppm)	massErrorPrecursor(ppm)	lipidClass
1	C16H34O3	[M + Na]+	C16H34O3	0.5376884422110553	11.17096223504036	11.17096223504036	0.0	3	0.4403973509933774	3.665586972148778	3.665586972148778	2.4491415602289908	
2	C18H34O4	[M - H2O + H]+	C18H32O3	0.4623115577889447	12.228418720575945	12.228418720575945	0.0	4	0.4403973509933774	-1.8749426753953307	7.691361793567835	-60598.16082816744	
2	C18H32O3	[M + H]+	C18H32O3	0.4623115577889447	12.228418720575945	12.228418720575945	0.0	3	0.4403973509933774	-1.8749426753953307	7.691361793567835	-5.644257650824641	
3	C16H30N3O2	[M + H]+	C16H30N3O2	0.0	5.872270980245946	5.872270980245946	0.0	4	0.6324503311258277	5.8164191181725045	5.8164191181725045	-1.1270976426058197	
3	C16H32N3O3	[M - H2O + H]+	C16H30N3O2	0.0	5.872270980245946	5.872270980245946	0.0	5	0.6324503311258277	5.8164191181725045	5.8164191181725045	-60593.64366815903	
4	C16H36NO	[M + K]+	C16H36NO	0.0	4.578936777891604	4.578936777891604	0.0	3	0.4403973509933774	3.3151755701388765	3.3151755701388765	-7.07924262229075	
5	C19H32N	[M + Na]+	C19H32N	0.0	2.1684368629132775	2.1684368629132775	0.0	3	0.4403973509933774	-1.8749426753953307	7.691361793567835	-6.567374706323826	
6	C14H32N3O2	[M + Na]+	C14H32N3O2	0.0	-2.616110390705332	-2.616110390705332	0.0	3	0.39735099337748336	6.110991976106263	6.110991976106263	6.966301568639049	
