rank	molecularFormula	adduct	precursorFormula	ZodiacScore	SiriusScore	TreeScore	IsotopeScore	numExplainedPeaks	explainedIntensity	medianMassErrorFragmentPeaks(ppm)	medianAbsoluteMassErrorFragmentPeaks(ppm)	massErrorPrecursor(ppm)	lipidClass
1	C20H28O3	[M + Na]+	C20H28O3	0.9999999999999999	76.3741515183692	76.3741515183692	0.0	25	0.7378436949749423	-0.18710554553457387	5.074231772062281	2.016064079568197	
2	C17H32O3S	[M + Na]+	C17H32O3S	0.0	71.29696764402948	71.29696764402948	0.0	30	0.7931735067045915	-2.3153670852000126	5.165053281135981	-7.9225860490337965	
3	C15H30N3O2S	[M + Na]+	C15H30N3O2S	0.0	59.02954010784744	59.02954010784744	0.0	30	0.7931735067045915	-2.3153670852000126	5.000221459116224	-3.964128669245189	
4	C18H26N3O2	[M + Na]+	C18H26N3O2	0.0	58.662319699014446	58.662319699014446	0.0	24	0.7322903968576457	-0.0033229459170410897	5.2358938406953275	5.974521459021637	
5	C23H26N	[M + Na]+	C23H26N	0.0	51.78817901714679	51.78817901714679	0.0	22	0.7065556007043206	-1.0727362562656855	4.839759719972583	-5.885248977166233	
