rank	molecularFormula	adduct	precursorFormula	ZodiacScore	SiriusScore	TreeScore	IsotopeScore	numExplainedPeaks	explainedIntensity	medianMassErrorFragmentPeaks(ppm)	medianAbsoluteMassErrorFragmentPeaks(ppm)	massErrorPrecursor(ppm)	lipidClass
1	C22H42N3O7	[M - H2O + H]+	C22H40N3O6	0.9819095477386935	54.817976124197514	54.817976124197514	0.0	21	0.35291250304655136	1.6731510053522551	3.7804057339840114	-40624.693258032334	
2	C24H44O8	[M - H2O + H]+	C24H42O7	0.018090452261306532	51.297054843987134	51.297054843987134	0.0	13	0.2137460394833049	3.162666672828002	3.7804057339840114	-40627.72209218324	
3	C27H42NO5	[M - H2O + H]+	C27H40NO4	0.0	44.57823413527694	44.57823413527694	0.0	15	0.24518644893980016	1.6731510053522551	5.653282323841381	-40633.76782276151	
4	C28H44O3S	[M - H2O + H]+	C28H42O2S	0.0	42.95550066042952	42.95550066042952	0.0	12	0.21106507433585184	5.7151314211937665	5.7151314211937665	-40622.077840870945	
5	C25H48O3S2	[M - H2O + H]+	C25H46O2S2	0.0	42.23876768841433	42.23876768841433	0.0	12	0.2110650743358518	5.7151314211937665	5.7151314211937665	-40629.68245045394	
6	C23H46N3O2S2	[M - H2O + H]+	C23H44N3OS2	0.0	37.16564510835261	37.16564510835261	0.0	16	0.2771143066049232	5.403557625141856	5.7151314211937665	-40626.65361630316	
7	C26H42N3O2S	[M - H2O + H]+	C26H40N3OS	0.0	34.9164641098209	34.9164641098209	0.0	12	0.21106507433585184	5.7151314211937665	5.7151314211937665	-40619.04900672017	
