rank	molecularFormula	adduct	precursorFormula	ZodiacScore	SiriusScore	TreeScore	IsotopeScore	numExplainedPeaks	explainedIntensity	medianMassErrorFragmentPeaks(ppm)	medianAbsoluteMassErrorFragmentPeaks(ppm)	massErrorPrecursor(ppm)	lipidClass
1	C22H34NO3	[M + Na]+	C22H34NO3	0.8562814070351761	52.85947397167769	52.85947397167769	0.0	21	0.44469639707734954	1.6683602293356885	4.4183008458683775	-5.807804050189439	
2	C19H36O6	[M + Na]+	C19H36O6	0.14371859296482414	50.027158988727436	50.027158988727436	0.0	21	0.44469639707734954	1.7300049311482397	3.5853229579249906	1.1853854887639066	
3	C17H34N3O5	[M + Na]+	C17H34N3O5	0.0	42.976946486419926	42.976946486419926	0.0	19	0.39833711262282684	2.38669341130076	4.423496582592054	4.688884532228892	
4	C20H40OS2	[M + Na]+	C20H40OS2	0.0	41.55172255362889	41.55172255362889	0.0	14	0.3184681279919375	0.3617135707251611	3.0390725556727047	-1.0821910719858385	
5	C23H36OS	[M + Na]+	C23H36OS	0.0	40.405819267443846	40.405819267443846	0.0	14	0.3184681279919375	1.4110182058321796	4.004409770258523	7.71417778615202	
6	C18H38N3S2	[M + Na]+	C18H38N3S2	0.0	35.85030159295669	35.85030159295669	0.0	14	0.3184681279919375	1.4110182058321796	3.0504655252947055	2.4213079714791466	
