rank	molecularFormula	adduct	precursorFormula	ZodiacScore	SiriusScore	TreeScore	IsotopeScore	numExplainedPeaks	explainedIntensity	medianMassErrorFragmentPeaks(ppm)	medianAbsoluteMassErrorFragmentPeaks(ppm)	massErrorPrecursor(ppm)	lipidClass
1	C21H38O6	[M - H2O + H]+	C21H36O5	0.8623115577889449	55.94774224348437	55.94774224348437	0.0	18	0.42554504319210196	2.8031055417693755	4.594814098216936	-48772.55754328788	
2	C22H42OS2	[M - H2O + H]+	C22H40S2	0.10150753768844223	53.88548197922325	53.88548197922325	0.0	19	0.42348827642945286	2.68370925048894	7.116816754719263	-48774.91094797431	
3	C25H38OS	[M - H2O + H]+	C25H36S	0.03015075376884422	52.612136842778995	52.612136842778995	0.0	17	0.3946935417523652	5.539228452935386	8.34434093752251	-48765.781635185645	
4	C19H36N3O5	[M - H2O + H]+	C19H34N3O4	0.004522613065326634	50.38315789191761	50.38315789191761	0.0	18	0.4245166598107774	4.098276283975767	5.394457164984625	-48768.92143626005	
5	C24H36NO3	[M - H2O + H]+	C24H34NO2	0.0015075376884422112	48.90864433304354	48.90864433304354	0.0	18	0.42554504319210196	2.8031055417693755	5.499531475121877	-48779.81542613942	
