rank	molecularFormula	adduct	precursorFormula	ZodiacScore	SiriusScore	TreeScore	IsotopeScore	numExplainedPeaks	explainedIntensity	medianMassErrorFragmentPeaks(ppm)	medianAbsoluteMassErrorFragmentPeaks(ppm)	massErrorPrecursor(ppm)	lipidClass
1	C18H30O	[M + H]+	C18H30O	0.9999999999999999	58.49887350299723	58.49887350299723	0.0	11	0.29171038824763906	-2.11779366712183	4.3756059779729615	1.7529424672470502	
2	C16H28N3	[M + H]+	C16H28N3	0.0	51.4278201457836	51.4278201457836	0.0	11	0.29171038824763906	-2.11779366712183	4.3756059779729615	6.853600588931169	
3	C13H32N3S	[M + H]+	C13H32N3S	0.0	38.148499952924624	38.148499952924624	0.0	9	0.2448408534452606	-2.972880018454878	5.178591654636896	-5.95281656723267	
