rank	molecularFormula	adduct	precursorFormula	ZodiacScore	SiriusScore	TreeScore	IsotopeScore	numExplainedPeaks	explainedIntensity	medianMassErrorFragmentPeaks(ppm)	medianAbsoluteMassErrorFragmentPeaks(ppm)	massErrorPrecursor(ppm)	lipidClass
1	C32H68N2O8	[M + Na]+	C32H68N2O8	0.7834170854271357	37.16455043161301	37.16455043161301	0.0	22	0.36820356676816024	5.0323121298893065	7.9876664649963285	7.011719880513757	
2	C35H66N3O5	[M + Na]+	C35H66N3O5	0.21557788944723622	35.71556869228496	35.71556869228496	0.0	21	0.35972161809482384	9.051017924836334	9.051017924836334	2.767676679859981	
3	C37H68O6	[M + Na]+	C37H68O6	0.0010050251256281408	29.11071812905494	29.11071812905494	0.0	15	0.2585906916050457	1.558517859607121	6.008612453351323	0.6414649978797048	
4	C40H66NO3	[M + Na]+	C40H66NO3	0.0	15.917175079344773	15.917175079344773	0.0	13	0.23466724662896915	0.16851050036333867	4.57753779791771	-3.6025782025940423	
5	C44H64O	[M + Na]+	C44H64O	0.0	10.917377055699733	10.917377055699733	0.0	8	0.1398434101783384	7.831035929542953	8.109658164709558	9.94203459273011	
6	C43H64N2	[M + Na]+	C43H64N2	0.0	10.303616274005119	10.303616274005119	0.0	9	0.15832970856894305	-1.399071581553558	5.655767432912635	-7.846621403067789	
