rank	molecularFormula	adduct	precursorFormula	ZodiacScore	SiriusScore	TreeScore	IsotopeScore	numExplainedPeaks	explainedIntensity	medianMassErrorFragmentPeaks(ppm)	medianAbsoluteMassErrorFragmentPeaks(ppm)	massErrorPrecursor(ppm)	lipidClass
1	C29H48O	[M - H2O + H]+	C29H46	0.9999999999999999	48.87803085356523	48.87803085356523	0.0	24	0.6978509227450665	-1.2289088015742813	4.980393236094612	-45551.596342116776	
1	C29H46	[M + H]+	C29H46	0.9999999999999999	48.87803085356523	48.87803085356523	0.0	23	0.6978509227450665	-1.2289088015742813	4.980393236094612	2.3134060833012193	
2	C26H52OS	[M - H2O + H]+	C26H50S	0.0	45.33604271434606	45.33604271434606	0.0	21	0.7398737716705278	-1.2063749171446276	4.507044970762715	-45560.122896578265	
2	C26H50S	[M + H]+	C26H50S	0.0	45.33604271434606	45.33604271434606	0.0	20	0.7398737716705278	-1.2063749171446276	4.507044970762715	-6.2131483781842105	
3	C27H48	[M + Na]+	C27H48	0.0	13.983585174831639	13.983585174831639	0.0	17	0.2607254134377246	5.218475976063909	9.632454503284078	8.39808449053359	
