rank	molecularFormula	adduct	precursorFormula	ZodiacScore	SiriusScore	TreeScore	IsotopeScore	numExplainedPeaks	explainedIntensity	medianMassErrorFragmentPeaks(ppm)	medianAbsoluteMassErrorFragmentPeaks(ppm)	massErrorPrecursor(ppm)	lipidClass
1	C19H41NO2	[M + H]+	C19H41NO2	0.9999999999999999	17.674637671050792	12.221798927462276	5.452838743588517	7	0.14173913043478256	2.127816473192894	4.058256705931509	1.5848673372672473	
1	C19H43NO3	[M - H2O + H]+	C19H41NO2	0.9999999999999999	17.674637671050792	12.221798927462276	5.452838743588517	8	0.14173913043478256	2.127816473192894	4.058256705931509	-56935.94314308949	
