rank	molecularFormula	adduct	precursorFormula	ZodiacScore	SiriusScore	TreeScore	IsotopeScore	numExplainedPeaks	explainedIntensity	medianMassErrorFragmentPeaks(ppm)	medianAbsoluteMassErrorFragmentPeaks(ppm)	massErrorPrecursor(ppm)	lipidClass
1	C19H42N3O7	[M + Na]+	C19H42N3O7	0.5909547738693467	70.22802941064785	65.27290425123346	4.95512515941439	33	0.7726404494382022	4.416234680379703	4.5119514435075265	4.500031590698223	
2	C21H44O8	[M + Na]+	C21H44O8	0.40904522613065325	70.32779523917264	64.76727178879284	5.56052345037981	29	0.7424157303370784	1.785329656946887	4.088119034647079	1.4982352928885652	
3	C24H42NO5	[M + Na]+	C24H42NO5	0.0	62.13693945018572	59.34612807179162	2.790811378394105	32	0.76876404494382	1.021472412327523	3.796542889230684	-4.493526145075483	
