rank	molecularFormula	adduct	precursorFormula	ZodiacScore	SiriusScore	TreeScore	IsotopeScore	numExplainedPeaks	explainedIntensity	medianMassErrorFragmentPeaks(ppm)	medianAbsoluteMassErrorFragmentPeaks(ppm)	massErrorPrecursor(ppm)	lipidClass
1	C37H76N3O12	[M + Na]+	C37H76N3O12	0.48844221105527647	14.747586326571723	11.220730688630413	3.52685563794131	13	0.27540603248259865	2.54577633255211	3.8877098196932467	2.30257744470808	
2	C52H70N2O2	[M + Na]+	C52H70N2O2	0.2849246231155779	14.65660828040394	14.65660828040394	0.0	10	0.24013921113689096	1.32429814425364	2.272202629567968	1.23560404524227	
3	C45H74N2O7	[M + Na]+	C45H74N2O7	0.11206030150753771	13.148076222058632	13.148076222058632	0.0	11	0.2468677494199536	-5.054686488039196	5.054686488039196	-6.318057496299718	
4	C39H78O13	[M + Na]+	C39H78O13	0.09949748743718595	13.027768893019028	10.231327235993323	2.7964416570257042	10	0.22621809744779584	0.47351367293395574	3.2740732994599906	0.5757280028574249	
5	C46H74O8	[M + Na]+	C46H74O8	0.01055276381909548	10.542262443914863	10.542262443914863	0.0	11	0.24524361948955917	2.1239868131089215	4.250323801943209	8.129389544253199	
6	C42H76NO10	[M + Na]+	C42H76NO10	0.0020100502512562816	9.3338099873645	9.3338099873645	0.0	12	0.25939675174013915	-1.4859735689969078	2.644200689853196	-2.8711647465749324	
7	C49H72NO5	[M + Na]+	C49H72NO5	0.0015075376884422112	8.82987872459733	8.82987872459733	0.0	10	0.24013921113689096	1.617162455853353	5.232864769969825	4.682496794820842	
8	C48H72N3O4	[M + Na]+	C48H72N3O4	0.0010050251256281408	8.658019555223943	8.658019555223943	0.0	9	0.2206496519721578	-5.54003443606985	8.116875327634856	-9.764950245732075	
9	C57H70	[M + Na]+	C57H70	0.0	3.1599850936809313	3.1599850936809313	0.0	1	0.0	-3.6949377404581263	3.6949377404581263	-3.938138146040742	
