rank	molecularFormula	adduct	precursorFormula	ZodiacScore	SiriusScore	TreeScore	IsotopeScore	numExplainedPeaks	explainedIntensity	medianMassErrorFragmentPeaks(ppm)	medianAbsoluteMassErrorFragmentPeaks(ppm)	massErrorPrecursor(ppm)	lipidClass
1	C31H56O9	[M + H3N + H]+	C31H59NO9	0.8281407035175881	75.42151230844745	69.40695581280616	6.014556495641284	30	0.5309747504403994	-0.6295679827546201	5.789671792739997	0.8004002020192806	
2	C26H56N2O11	[M + H3N + H]+	C26H59N3O11	0.09045226130653267	74.70201051052422	71.49925190267435	3.2027586078498684	41	0.7309160305343513	0.9631899743414112	5.555140089278963	7.61370960248168	
3	C37H52N2O3	[M + H3N + H]+	C37H55N3O3	0.08140703517587941	74.7071694319879	72.33685368868045	2.370315743307443	35	0.6423957721667645	-0.662963664161347	5.09394552463084	-8.278036992690414	
4	C34H54NO6	[M + H3N + H]+	C34H57N2O6	0.0	62.29682763102727	57.35629916120363	4.94052846982364	43	0.7532295948326485	0.9666734409098956	6.003010619622754	-3.7388183954318412	
5	C41H50NO	[M + H3N + H]+	C41H53N2O	0.0	47.11414291850877	45.90013081703004	1.214012101478731	28	0.47431004110393443	-0.6295679827546201	6.1535463818529115	6.208610619221177	
