rank	molecularFormula	adduct	precursorFormula	ZodiacScore	SiriusScore	TreeScore	IsotopeScore	numExplainedPeaks	explainedIntensity	medianMassErrorFragmentPeaks(ppm)	medianAbsoluteMassErrorFragmentPeaks(ppm)	massErrorPrecursor(ppm)	lipidClass
1	C24H38N	[M + H]+	C24H38N	0.8864321608040202	8.484724224643507	8.484724224643507	0.0	3	0.5780051150895141	-5.278748742802771	5.278748742802771	-5.1906336657980345	
1	C24H40NO	[M - H2O + H]+	C24H38N	0.8864321608040202	8.484724224643507	8.484724224643507	0.0	4	0.5780051150895141	-5.278748742802771	5.278748742802771	-52774.7533543983	
2	C19H40N3O3	[M - H2O + H]+	C19H38N3O2	0.10150753768844223	6.448032771846708	6.448032771846708	0.0	4	0.5780051150895141	-2.9453299124777668	6.507628228699965	-52762.96697846535	
2	C19H38N3O2	[M + H]+	C19H38N3O2	0.10150753768844223	6.448032771846708	6.448032771846708	0.0	3	0.5780051150895141	-2.9453299124777668	6.507628228699965	6.595742267152668	
3	C21H42O4	[M - H2O + H]+	C21H40O3	0.01206030150753769	9.896617776566007	9.896617776566007	0.0	3	0.4092071611253197	5.963637181366032	5.963637181366032	-52766.90093882671	
3	C21H40O3	[M + H]+	C21H40O3	0.01206030150753769	9.896617776566007	9.896617776566007	0.0	2	0.4092071611253197	5.963637181366032	5.963637181366032	2.6617819059605594	
4	C22H40N	[M + Na]+	C22H40N	0.0	2.3790203117139006	2.3790203117139006	0.0	2	0.4092071611253197	4.538558846541447	4.538558846541447	1.857846269749584	
