rank	molecularFormula	adduct	precursorFormula	ZodiacScore	SiriusScore	TreeScore	IsotopeScore	numExplainedPeaks	explainedIntensity	medianMassErrorFragmentPeaks(ppm)	medianAbsoluteMassErrorFragmentPeaks(ppm)	massErrorPrecursor(ppm)	lipidClass
1	C13H12O3	[M - H2O + H]+	C13H10O2	0.9999999999999999	77.89452738377616	77.89452738377616	0.0	15	0.6946634323832627	1.6330405988872232	2.3928712632805245	-90468.6152448347	
1	C13H10O2	[M + H]+	C13H10O2	0.9999999999999999	77.89452738377616	77.89452738377616	0.0	14	0.6946634323832627	1.6330405988872232	2.3928712632805245	2.270512118350444	
2	C5H16N2O5S	[M - H2O + H]+	C5H14N2O4S	0.0	42.169467690234036	42.169467690234036	0.0	13	0.5485142510612493	4.075457039381414	4.075457039381414	-90465.34195911259	
2	C5H14N2O4S	[M + H]+	C5H14N2O4S	0.0	42.169467690234036	42.169467690234036	0.0	12	0.5485142510612493	4.075457039381414	4.075457039381414	5.543797840478512	
3	C11H8N3O	[M + H]+	C11H8N3O	0.0	39.10503503503217	39.10503503503217	0.0	11	0.39417828987265	1.2358127988358623	2.384376605138698	9.015098582111847	
3	C11H10N3O2	[M - H2O + H]+	C11H8N3O	0.0	39.10503503503217	39.10503503503217	0.0	12	0.39417828987265	1.2358127988358623	2.384376605138698	-90461.87065837107	
4	C8H12N3OS	[M + H]+	C8H12N3OS	0.0	-0.12182250962721763	-0.12182250962721763	0.0	4	0.08762886597938145	1.9440913216491695	3.6743365747929433	-7.918792248684954	
4	C8H14N3O2S	[M - H2O + H]+	C8H12N3OS	0.0	-0.12182250962721763	-0.12182250962721763	0.0	5	0.08762886597938145	1.9440913216491695	3.6743365747929433	-90478.80454920187	
