rank	molecularFormula	adduct	precursorFormula	ZodiacScore	SiriusScore	TreeScore	IsotopeScore	numExplainedPeaks	explainedIntensity	medianMassErrorFragmentPeaks(ppm)	medianAbsoluteMassErrorFragmentPeaks(ppm)	massErrorPrecursor(ppm)	lipidClass
1	C34H72N3O10	[M + Na]+	C34H72N3O10	0.7914572864321608	76.66654177719936	71.13809821021792	5.528443566981441	38	0.7103439818505123	1.1457820512854275	3.5787171389912604	2.6796884856515093	
2	C36H74O11	[M + Na]+	C36H74O11	0.2085427135678392	74.28513035686821	68.85438543077025	5.430744926097963	29	0.5420933227052548	-0.3318790142303318	2.682942113641554	0.7765566863887271	
3	C43H70O6	[M + Na]+	C43H70O6	0.0	68.97109830746336	68.97109830746336	0.0	29	0.5420933227052548	-0.3318790142303318	3.159498702829819	9.101320346833045	
4	C42H70N2O5	[M + Na]+	C42H70N2O5	0.0	68.11185059872885	68.11185059872885	0.0	29	0.5420933227052548	-0.4445389224600502	3.159498702829819	-6.820968658196156	
5	C39H72NO8	[M + Na]+	C39H72NO8	0.0	65.1821536206738	61.889945833696196	3.292207786977605	29	0.5420933227052548	-0.4445389224600502	2.7128682521654643	-3.022205985742574	
6	C49H66N2	[M + Na]+	C49H66N2	0.0	46.58676976882499	46.58676976882499	0.0	18	0.3713900300447606	-0.7850796614567941	2.3383283579089587	1.5037950022481612	
7	C46H68NO3	[M + Na]+	C46H68NO3	0.0	38.99160324412226	38.99160324412226	0.0	18	0.3713900300447606	-0.7850796614567941	2.6172140100151857	5.3025576747017436	
