rank	molecularFormula	adduct	precursorFormula	ZodiacScore	SiriusScore	TreeScore	IsotopeScore	numExplainedPeaks	explainedIntensity	medianMassErrorFragmentPeaks(ppm)	medianAbsoluteMassErrorFragmentPeaks(ppm)	massErrorPrecursor(ppm)	lipidClass
1	C15H22O	[M - H2O + H]+	C15H20	0.9999999999999999	35.82812675027736	35.82812675027736	0.0	9	0.30508474576271183	2.985060722906108	4.403207349684271	-89529.622472236	
1	C15H20	[M + H]+	C15H20	0.9999999999999999	35.82812675027736	35.82812675027736	0.0	8	0.30508474576271183	2.985060722906108	4.403207349684271	2.0425103252137253	
