rank	molecularFormula	adduct	precursorFormula	ZodiacScore	SiriusScore	TreeScore	IsotopeScore	numExplainedPeaks	explainedIntensity	medianMassErrorFragmentPeaks(ppm)	medianAbsoluteMassErrorFragmentPeaks(ppm)	massErrorPrecursor(ppm)	lipidClass
1	C20H30O2	[M - H2O + H]+	C20H28O	0.9999999999999999	69.06182131127316	69.06182131127316	0.0	25	0.7210377802163349	2.913666080156652	3.8497996097032727	-63143.73541612422	
1	C20H28O	[M + H]+	C20H28O	0.9999999999999999	69.06182131127316	69.06182131127316	0.0	24	0.7210377802163349	2.913666080156652	3.8497996097032727	2.067358386184149	
2	C18H28N3O	[M - H2O + H]+	C18H26N3	0.0	54.624039160762536	54.624039160762536	0.0	23	0.706693839159743	2.9695606079174164	3.8497996097032727	-63139.02790913926	
2	C18H26N3	[M + H]+	C18H26N3	0.0	54.624039160762536	54.624039160762536	0.0	22	0.706693839159743	2.9695606079174164	3.8497996097032727	6.774865370944124	
3	C13H32N3S	[M + Na]+	C13H32N3S	0.0	52.860246023127075	52.860246023127075	0.0	28	0.7956576265872394	-0.24227592787511998	3.227496552462907	3.3899918315712427	
4	C17H32OS	[M + H]+	C17H32OS	0.0	48.69214008142754	48.69214008142754	0.0	22	0.706693839159743	2.913666080156652	3.8497996097032727	-9.751959195034695	
4	C17H34O2S	[M - H2O + H]+	C17H32OS	0.0	48.69214008142754	48.69214008142754	0.0	23	0.706693839159743	2.913666080156652	3.8497996097032727	-63155.55473370544	
5	C15H32N3OS	[M - H2O + H]+	C15H30N3S	0.0	48.40320562922608	48.40320562922608	0.0	23	0.706693839159743	2.913666080156652	3.8497996097032727	-63150.84722672028	
5	C15H30N3S	[M + H]+	C15H30N3S	0.0	48.40320562922608	48.40320562922608	0.0	22	0.706693839159743	2.913666080156652	3.8497996097032727	-5.044452210075423	
