rank	molecularFormula	adduct	precursorFormula	ZodiacScore	SiriusScore	TreeScore	IsotopeScore	numExplainedPeaks	explainedIntensity	medianMassErrorFragmentPeaks(ppm)	medianAbsoluteMassErrorFragmentPeaks(ppm)	massErrorPrecursor(ppm)	lipidClass
1	C19H34O3	[M + Na]+	C19H34O3	0.9999999999999999	35.31245437519023	32.749543577636985	2.5629107975532404	10	0.39941812136325844	0.33599893709669315	4.592482665998727	1.3602232959266756	
2	C17H32N3O2	[M + Na]+	C17H32N3O2	0.0	28.14088393180682	25.786457691609343	2.3544262401974767	11	0.4243557772236075	5.660376774494759	5.843413617980919	5.389397796443224	
3	C22H32N	[M + Na]+	C22H32N	0.0	19.837310481866474	19.837310481866474	0.0	9	0.3482959268495427	-1.3816285571301896	5.843413617980919	-6.682245281362522	
