rank	molecularFormula	adduct	precursorFormula	ZodiacScore	SiriusScore	TreeScore	IsotopeScore	numExplainedPeaks	explainedIntensity	medianMassErrorFragmentPeaks(ppm)	medianAbsoluteMassErrorFragmentPeaks(ppm)	massErrorPrecursor(ppm)	lipidClass
1	C27H40O7	[M + Na]+	C27H40O7	0.9964824120603014	122.11546609957003	122.11546609957003	0.0	31	0.7333243316230084	3.6849681961916705	4.927063775063896	2.3342239010016255	
2	C33H36N2O	[M + Na]+	C33H36N2O	0.0035175879396984935	117.83892941579327	117.83892941579327	0.0	31	0.7333243316230084	3.6849681961916705	4.927063775063896	-8.401802156187365	
3	C18H42N3O11	[M + Na]+	C18H42N3O11	0.0	114.7888085296309	112.15839845038413	2.6304100792467695	32	0.7400756143667298	3.747042223080269	5.269173646152677	-6.74015280282682	
4	C25H38N3O6	[M + Na]+	C25H38N3O6	0.0	113.94490717848547	113.94490717848547	0.0	31	0.7296786389413987	3.860437749376657	7.111232764373916	5.023530176289861	
5	C30H38NO4	[M + Na]+	C30H38NO4	0.0	112.3191439484824	112.3191439484824	0.0	32	0.7422360248447205	3.6228941693030725	4.584953903975116	-3.033789127706723	
