rank	molecularFormula	adduct	precursorFormula	ZodiacScore	SiriusScore	TreeScore	IsotopeScore	numExplainedPeaks	explainedIntensity	medianMassErrorFragmentPeaks(ppm)	medianAbsoluteMassErrorFragmentPeaks(ppm)	massErrorPrecursor(ppm)	lipidClass
1	C38H64O6	[M + Na]+	C38H64O6	0.9974874371859296	85.97695313555828	85.97695313555828	0.0	20	0.6711664935964	5.145785689944198	6.286784940295196	-0.7387287108721414	
2	C36H62N3O5	[M + Na]+	C36H62N3O5	0.0025125628140703522	81.07696993111139	81.07696993111139	0.0	25	0.7878158532364138	5.536047132181222	6.389894836341478	1.3609898322671308	
3	C33H64N2O8	[M + Na]+	C33H64N2O8	0.0	74.67205430098461	74.67205430098461	0.0	21	0.6881273797161646	5.56310697991861	5.9139453004745	5.5521511742070935	
4	C41H62NO3	[M + Na]+	C41H62NO3	0.0	67.93423979955135	67.93423979955135	0.0	17	0.5846313603322949	5.63068999104437	6.201189616219869	-4.929890052634319	
5	C44H60N2	[M + Na]+	C44H60N2	0.0	61.77664144149816	61.77664144149816	0.0	16	0.5299411561093803	6.115594292144542	6.286784940295196	-9.121051394396495	
6	C45H60O	[M + Na]+	C45H60O	0.0	57.489984570936684	57.489984570936684	0.0	14	0.49809622706818957	6.286784940295196	6.286784940295196	8.445953419119965	
