rank	molecularFormula	adduct	precursorFormula	ZodiacScore	SiriusScore	TreeScore	IsotopeScore	numExplainedPeaks	explainedIntensity	medianMassErrorFragmentPeaks(ppm)	medianAbsoluteMassErrorFragmentPeaks(ppm)	massErrorPrecursor(ppm)	lipidClass
1	C19H28O2	[M + Na]+	C19H28O2	0.9984924623115577	96.68845106958779	95.74704952826967	0.9414015413181165	30	0.7068120351588909	4.028654238832817	5.5058697513557435	1.4659050737370882	
2	C17H26N3O	[M + Na]+	C17H26N3O	0.0015075376884422112	67.06285244629461	67.06285244629461	0.0	32	0.7386747802569301	-2.206749656713976	4.028654238832817	5.780461661407269	
3	C14H30N3OS	[M + Na]+	C14H30N3OS	0.0	60.65776345798196	60.65776345798196	0.0	31	0.7571839080459768	-4.000769826234158	5.18847157512382	-5.052260349361018	
