rank	formulaRank	ConfidenceScore	CSI:FingerIDScore	molecularFormula	adduct	InChIkey2D	InChI	name	smiles	xlogp	pubchemids	links	dbflags
1	1	0.036272508229169165	-263.72912188292173	C19H28O2	[M + Na]+	NYEXXEJYGVAGEE	InChI=1S/C19H28O2/c1-17(2,20)14-7-8-15-13(12-14)6-9-16-18(15,3)10-5-11-19(16,4)21/h7-8,12,16,20-21H,5-6,9-11H2,1-4H3	(1R,4aS,10aR)-7-(2-hydroxypropan-2-yl)-1,4a-dimethyl-2,3,4,9,10,10a-hexahydrophenanthren-1-ol	CC12CCCC(C1CCC3=C2C=CC(=C3)C(C)(C)O)(C)O	3.5	10589466;11709045;73069324;129316793;133561788	COCONUT:(CNP0278623);Natural Products:(UNPD12889);PubChem:(10589466 11709045 73069324 129316793 133561788);PNC:(LTS0139452 LTS0013335);SuperNatural:(SN00296770)	68722655234
2	1	N/A	-281.19504441189383	C19H28O2	[M + Na]+	PIJPSWNOKIPSCP	InChI=1S/C19H28O2/c1-12(2)13-6-7-15-14(10-13)16(20)11-17-18(15,3)8-5-9-19(17,4)21/h6-7,10,12,16-17,20-21H,5,8-9,11H2,1-4H3	(1R,4aS,9R,10aR)-1,4a-dimethyl-7-propan-2-yl-2,3,4,9,10,10a-hexahydrophenanthrene-1,9-diol	CC(C)C1=CC2=C(C=C1)C3(CCCC(C3CC2O)(C)O)C	3.79999995	10880744;21604174;100982592	COCONUT:(CNP0192853);Natural Products:(UNPD46860 UNPD222215);PubChem:(10880744 21604174 100982592);PNC:(LTS0257528 LTS0024768);SuperNatural:(SN00370922)	68722655234