rank	molecularFormula	adduct	precursorFormula	ZodiacScore	SiriusScore	TreeScore	IsotopeScore	numExplainedPeaks	explainedIntensity	medianMassErrorFragmentPeaks(ppm)	medianAbsoluteMassErrorFragmentPeaks(ppm)	massErrorPrecursor(ppm)	lipidClass
1	C21H30O3	[M - H2O + H]+	C21H28O2	0.9999999999999999	96.39217979074921	96.39217979074921	0.0	30	0.7048144379585499	0.9367702833903147	4.531848133519045	-57501.1744171659	
2	C18H34O3S	[M - H2O + H]+	C18H32O2S	0.0	74.90231124909218	74.90231124909218	0.0	28	0.7461040004284261	-1.0173884250534575	4.919195877461593	-57511.9373509873	
3	C19H28N3O2	[M - H2O + H]+	C19H26N3O	0.0	69.52699714272937	69.52699714272937	0.0	29	0.7009586033310128	1.4854060536255576	4.725522005490319	-57496.88765646305	
4	C16H32N3O2S	[M - H2O + H]+	C16H30N3OS	0.0	65.19831249469019	65.19831249469019	0.0	26	0.7192202645530983	0.9253396434017375	4.919195877461593	-57507.65059028445	
