rank	formulaRank	ConfidenceScore	CSI:FingerIDScore	molecularFormula	adduct	InChIkey2D	InChI	name	smiles	xlogp	pubchemids	links	dbflags
1	1	0.029504170047330223	-263.27869761183166	C21H30O3	[M - H2O + H]+	QMTZBWPBIQZLBJ	InChI=1S/C21H30O3/c1-19(2,24)15-7-8-16-14(12-15)6-9-17-20(3,13-18(22)23)10-5-11-21(16,17)4/h7-8,12,17,24H,5-6,9-11,13H2,1-4H3,(H,22,23)	null	CC1(CCCC2(C1CCC3=C2C=CC(=C3)C(C)(C)O)C)CC(=O)O	4.5999999	44566201	COCONUT:(CNP0078074);PubChem:(44566201);PNC:(LTS0248187);PubMed	68721573954
2	1	N/A	-281.5694836285747	C21H30O3	[M - H2O + H]+	IGUDTNVZIOWVIV	InChI=1S/C21H30O3/c1-19(2,23)15-8-9-16-14(13-15)7-10-17-20(16,3)11-6-12-21(17,4)18(22)24-5/h8-9,13,17,23H,6-7,10-12H2,1-5H3	15-Hydroxydehydroabietic acid, methyl ester	CC12CCCC(C1CCC3=C2C=CC(=C3)C(C)(C)O)(C)C(=O)OC	4.5	628860;5319574;11573479;124355323	COCONUT:(CNP0197662);KNApSAcK:(49001);Natural Products:(UNPD165841 UNPD96043);PubChem:(628860 5319574 11573479 124355323);PNC:(LTS0074776 LTS0067008);SuperNatural:(SN00158105 SN00299360);Training Set	68722671634
3	1	N/A	-289.96523916094327	C21H30O3	[M - H2O + H]+	QBAITYMIZWFOLG	InChI=1S/C21H30O3/c1-19(2,24-5)15-8-9-16-14(13-15)7-10-17-20(16,3)11-6-12-21(17,4)18(22)23/h8-9,13,17H,6-7,10-12H2,1-5H3,(H,22,23)	null	CC12CCCC(C1CCC3=C2C=CC(=C3)C(C)(C)OC)(C)C(=O)O	4.69999981	46230129;75179805;133561992	COCONUT:(CNP0124413);Natural Products:(UNPD74559 UNPD216911);PubChem:(46230129 75179805 133561992);PNC:(LTS0084166 LTS0257851);SuperNatural:(SN00228648);PubMed	68722655298
4	1	N/A	-346.0250718490694	C21H30O3	[M - H2O + H]+	LWJLYRSDULCASM	InChI=1S/C21H30O3/c1-14(2)15-7-9-17-16(13-15)8-10-18-20(3,19(22)23-5)11-6-12-21(18,4)24-17/h7,9,13-14,18H,6,8,10-12H2,1-5H3	null	CC(C)C1=CC2=C(C=C1)OC3(CCCC(C3CC2)(C)C(=O)OC)C	5.0	101005576	COCONUT:(CNP0194733);Natural Products:(UNPD109534);PubChem:(101005576);PNC:(LTS0178821 LTS0150656);SuperNatural:(SN00313272)	68722655234