rank	molecularFormula	adduct	precursorFormula	ZodiacScore	SiriusScore	TreeScore	IsotopeScore	numExplainedPeaks	explainedIntensity	medianMassErrorFragmentPeaks(ppm)	medianAbsoluteMassErrorFragmentPeaks(ppm)	massErrorPrecursor(ppm)	lipidClass
1	C28H46O	[M + H]+	C28H46O	0.9999999999999999	34.73146864413679	34.73146864413679	0.0	19	0.770245226910313	5.40392692705415	5.422942458705593	1.928774182520725	
1	C28H48O2	[M - H2O + H]+	C28H46O	0.9999999999999999	34.73146864413679	34.73146864413679	0.0	20	0.770245226910313	5.40392692705415	5.422942458705593	-45096.311712394025	
2	C25H52O2S	[M - H2O + H]+	C25H50OS	0.0	20.1658106431071	20.1658106431071	0.0	19	0.7665819075119593	4.082724363684058	5.6268996478248585	-45104.75297694742	
2	C25H50OS	[M + H]+	C25H50OS	0.0	20.1658106431071	20.1658106431071	0.0	18	0.7665819075119593	4.082724363684058	5.6268996478248585	-6.512490371014954	
3	C26H44N3	[M + H]+	C26H44N3	0.0	6.482146194725601	6.482146194725601	0.0	17	0.6671551092531136	2.761521800313966	5.40392692705415	5.2908390033458685	
3	C26H46N3O	[M - H2O + H]+	C26H44N3	0.0	6.482146194725601	6.482146194725601	0.0	18	0.6671551092531136	2.761521800313966	5.40392692705415	-45092.949647573056	
4	C23H50N3OS	[M - H2O + H]+	C23H48N3S	0.0	6.426336931284957	6.426336931284957	0.0	16	0.7189156574580872	2.1251708094290995	5.673001815778718	-45101.39091212659	
4	C23H48N3S	[M + H]+	C23H48N3S	0.0	6.426336931284957	6.426336931284957	0.0	15	0.7189156574580872	2.1251708094290995	5.673001815778718	-3.1504255501898104	
5	C26H48O	[M + Na]+	C26H48O	0.0	3.645811179272016	3.645811179272016	0.0	13	0.25561349825453594	2.761521800313966	5.40392692705415	7.952588419534409	
