rank	formulaRank	ConfidenceScore	CSI:FingerIDScore	molecularFormula	adduct	InChIkey2D	InChI	name	smiles	xlogp	pubchemids	links	dbflags
1	1	0.33938307712281	-20.976370151958402	C28H46O	[M + H]+	QQIOPZFVTIHASB	InChI=1S/C28H46O/c1-18(2)19(3)7-8-20(4)24-11-12-25-23-10-9-21-17-22(29)13-15-27(21,5)26(23)14-16-28(24,25)6/h17-20,23-26H,7-16H2,1-6H3	campest-4-en-3-one	CC(C)C(C)CCC(C)C1CCC2C1(CCC3C2CCC4=CC(=O)CCC34C)C	8.80000019	14537342;14537343;14537344;11988279;23724577;25200612;71027509;89953201;101664077;126582679;137500591	HMDB:(12196 38658);PNC:(LTS0233073);SuperNatural:(SN00253591);MeSH:(11988279);Plantcyc:(CPD-698);PubMed;COCONUT:(CNP0296331);KNApSAcK:(7514);Natural Products:(UNPD116128 UNPD93248 UNPD78222);PubChem:(14537342 14537343 14537344 11988279 23724577 25200612 71027509 89953201 101664077 126582679 137500591);CHEBI:(18534);PubChem class - bio and metabolites;KEGG:(C15785);Biocyc:(CPD-698)	68739565950