rank	molecularFormula	adduct	precursorFormula	ZodiacScore	SiriusScore	TreeScore	IsotopeScore	numExplainedPeaks	explainedIntensity	medianMassErrorFragmentPeaks(ppm)	medianAbsoluteMassErrorFragmentPeaks(ppm)	massErrorPrecursor(ppm)	lipidClass
1	C15H18O2	[M - H2O + H]+	C15H16O	0.6130653266331659	54.61759178474318	54.61759178474318	0.0	11	0.4870715574263378	-1.0705059167191828	6.217917548989669	-84504.09236095427	
1	C15H16O	[M + H]+	C15H16O	0.6130653266331659	54.61759178474318	54.61759178474318	0.0	10	0.4870715574263378	-1.0705059167191828	6.217917548989669	1.851279364305763	
2	C10H22OS	[M + Na]+	C10H22OS	0.3869346733668342	58.39708726778894	58.39708726778894	0.0	13	0.7065544197233913	2.7871984707492516	6.7086879775819135	-2.6785851712312865	
3	C8H20N3S	[M + Na]+	C8H20N3S	0.0	44.18390431313996	44.18390431313996	0.0	12	0.6680697534576064	1.2026561766011434	6.498189147791422	3.6213160490911	
4	C13H14N3	[M + H]+	C13H14N3	0.0	40.058485370607414	40.058485370607414	0.0	10	0.4870715574263379	-1.0705059167191828	6.217917548989669	8.151180584628149	
4	C13H16N3O	[M - H2O + H]+	C13H14N3	0.0	40.058485370607414	40.058485370607414	0.0	11	0.4870715574263379	-1.0705059167191828	6.217917548989669	-84497.79245973394	
5	C10H18N3S	[M + H]+	C10H18N3S	0.0	22.288928495519713	22.288928495519713	0.0	8	0.4431749849669272	-9.01362192648513	10.448813210929222	-7.666222021586972	
5	C10H20N3OS	[M - H2O + H]+	C10H18N3S	0.0	22.288928495519713	22.288928495519713	0.0	9	0.4431749849669272	-9.01362192648513	10.448813210929222	-84513.60986234016	
