rank	molecularFormula	adduct	precursorFormula	ZodiacScore	SiriusScore	TreeScore	IsotopeScore	numExplainedPeaks	explainedIntensity	medianMassErrorFragmentPeaks(ppm)	medianAbsoluteMassErrorFragmentPeaks(ppm)	massErrorPrecursor(ppm)	lipidClass
1	C20H38N3O5	[M - H2O + H]+	C20H36N3O4	0.9999999999999999	118.74734387699986	118.74734387699986	0.0	37	0.6679825179754688	1.3052252639933306	7.091195599488123	-46985.40125918511	
2	C23H44OS2	[M - H2O + H]+	C23H42S2	0.0	112.0156828740015	112.0156828740015	0.0	30	0.6927957140843084	-4.932123847972065	8.344117584921216	-46991.171747552995	
3	C26H40OS	[M - H2O + H]+	C26H38S	0.0	110.49665407068593	110.49665407068593	0.0	30	0.6927957140843084	-2.1992750454289576	8.344117584921216	-46982.37627377018	
4	C22H40O6	[M - H2O + H]+	C22H38O5	0.0	104.80848195305904	104.80848195305904	0.0	26	0.511208233469618	-2.1992750454289576	8.331417755271195	-46988.904401729706	
5	C25H38NO3	[M - H2O + H]+	C25H36NO2	0.0	96.47362570081003	96.47362570081003	0.0	26	0.5072606795432117	1.0664803231203757	8.331417755271195	-46995.89687967602	
