rank	molecularFormula	adduct	precursorFormula	ZodiacScore	SiriusScore	TreeScore	IsotopeScore	numExplainedPeaks	explainedIntensity	medianMassErrorFragmentPeaks(ppm)	medianAbsoluteMassErrorFragmentPeaks(ppm)	massErrorPrecursor(ppm)	lipidClass
1	C20H28O4	[M + H]+	C20H28O4	0.9999999999999999	92.46332385085066	92.46332385085066	0.0	28	0.7578041993422716	0.6375764266447435	4.089147787965632	-2.42254556113115	
2	C18H26N3O3	[M + H]+	C18H26N3O3	0.0	83.17246683529594	83.17246683529594	0.0	32	0.7936756893498607	0.31779062273590375	3.903972583858028	1.6070550713550265	
3	C16H32N2OS2	[M + H]+	C16H32N2OS2	0.0	82.27136917862933	82.27136917862933	0.0	28	0.7578041993422716	0.6375764266447435	4.089147787965632	7.042287908243415	
4	C15H28N2O6	[M + H]+	C15H28N2O6	0.0	74.6850937807172	74.6850937807172	0.0	30	0.7549203136858081	0.31779062273590375	3.903972583858028	9.650374232533231	
5	C15H30N3O3S	[M + H]+	C15H30N3O3S	0.0	65.46698870138229	65.46698870138229	0.0	30	0.7549203136858081	0.31779062273590375	3.903972583858028	-8.510217139223208	
