rank	molecularFormula	adduct	precursorFormula	ZodiacScore	SiriusScore	TreeScore	IsotopeScore	numExplainedPeaks	explainedIntensity	medianMassErrorFragmentPeaks(ppm)	medianAbsoluteMassErrorFragmentPeaks(ppm)	massErrorPrecursor(ppm)	lipidClass
1	C16H29NO5	[M + H]+	C16H29NO5	0.992964824120603	30.18175618581404	25.511705510175986	4.670050675638057	10	0.2646813827571845	0.3408734792932896	4.733330115389859	0.6624188577800145	
1	C16H31NO6	[M - H2O + H]+	C16H29NO5	0.992964824120603	30.18175618581404	25.511705510175986	4.670050675638057	11	0.2646813827571845	0.3408734792932896	4.733330115389859	-56956.57300124078	
2	C14H33N2O3	[M + K]+	C14H33N2O3	0.006030150753768846	25.31181741642314	25.31181741642314	0.0	15	0.35214493960849635	3.025986783921715	6.053917106846517	-0.6864734058064829	
3	C19H29N2O3	[M - H2O + H]+	C19H27N2O2	0.0010050251256281408	20.280222056294637	18.883824380081098	1.3963976762135397	14	0.31632653061224486	-3.7154564561499113	6.053917106846517	-56965.04856668548	
3	C19H27N2O2	[M + H]+	C19H27N2O2	0.0010050251256281408	20.280222056294637	18.883824380081098	1.3963976762135397	13	0.31632653061224486	-3.7154564561499113	6.053917106846517	-7.813146586917072	
4	C17H29N2O2	[M + Na]+	C17H29N2O2	0.0	17.32800872970447	13.09828964334347	4.229719086361001	12	0.29092044981257803	2.6037871595167763	2.9289326154955706	-0.20531528523570688	
5	C17H31N3	[M + K]+	C17H31N3	0.0	0.88928644643091	0.88928644643091	0.0	4	0.0339441899208663	3.7584231832030284	4.568175195695494	-9.162038850683333	
