rank	molecularFormula	adduct	precursorFormula	ZodiacScore	SiriusScore	TreeScore	IsotopeScore	numExplainedPeaks	explainedIntensity	medianMassErrorFragmentPeaks(ppm)	medianAbsoluteMassErrorFragmentPeaks(ppm)	massErrorPrecursor(ppm)	lipidClass
1	C17H22O5	[M - H2O + H]+	C17H20O4	0.9999999999999999	107.96278706636579	105.20004526409379	2.7627418022720023	24	0.6376097031850904	-3.030078747177817	4.943243879570978	-62288.59303449488	
1	C17H20O4	[M + H]+	C17H20O4	0.9999999999999999	107.96278706636579	105.20004526409379	2.7627418022720023	23	0.6376097031850904	-3.030078747177817	4.943243879570978	0.7387077952737698	
2	C18H20NO	[M + Na]+	C18H20NO	0.0	100.10137454564057	98.08501867085775	2.016355874782812	24	0.6625579331426882	0.03991161686708544	5.116571153293551	-0.21025996096928043	
3	C15H18N3O3	[M + H]+	C15H18N3O3	0.0	96.63507310853187	94.34959643978826	2.285476668743608	24	0.6626565427472638	0.11150323077745691	5.440912084639114	5.382365035840865	
3	C15H20N3O4	[M - H2O + H]+	C15H18N3O3	0.0	96.63507310853187	94.34959643978826	2.285476668743608	25	0.6626565427472638	0.11150323077745691	5.440912084639114	-62283.9493772543	
4	C15H24NO2	[M + K]+	C15H24NO2	0.0	93.62642818663079	93.62642818663079	0.0	24	0.6489498077112713	2.077678970734149	5.339455502397371	-0.7364620768492587	
5	C20H18NO	[M + H]+	C20H18NO	0.0	88.78843523439478	88.78843523439478	0.0	21	0.6249876737994282	-3.2827348376619105	5.603847115302746	-8.530304364363703	
5	C20H20NO2	[M - H2O + H]+	C20H18NO	0.0	88.78843523439478	88.78843523439478	0.0	22	0.6249876737994282	-3.2827348376619105	5.603847115302746	-62297.86204665471	
