rank	molecularFormula	adduct	precursorFormula	ZodiacScore	SiriusScore	TreeScore	IsotopeScore	numExplainedPeaks	explainedIntensity	medianMassErrorFragmentPeaks(ppm)	medianAbsoluteMassErrorFragmentPeaks(ppm)	massErrorPrecursor(ppm)	lipidClass
1	C41H66NO7	[M + Na]+	C41H66NO7	0.7361809045226131	120.88133069382874	115.48239943155342	5.39893126227533	34	0.6364550175908863	-1.3572234693430636	6.916146089570261	-3.007145742989476	
2	C36H66N3O9	[M + Na]+	C36H66N3O9	0.24723618090452265	120.07941708718496	114.49143320256388	5.58798388462108	35	0.6178589378455357	0.406129185966628	5.524943108697503	2.678967011581134	
3	C33H68N2O12	[M + Na]+	C33H68N2O12	0.016582914572864323	117.1961296281103	113.20472015265169	3.991409475458605	36	0.6418160495895462	0.3339575600010967	5.2848813580887475	6.467215459952428	
4	C44H64N2O4	[M + Na]+	C44H64N2O4	0.0	111.15177549309459	108.50765975029687	2.644115742797726	32	0.5791589881052104	-0.6204209293431473	6.1853268611951915	-6.795394191200075	
5	C38H68O10	[M + Na]+	C38H68O10	0.0	107.33283129025963	101.13700584562001	6.195825444639623	30	0.545485005863629	-1.1880130265880904	5.553679380670077	0.7811027052211227	
