rank	molecularFormula	adduct	precursorFormula	ZodiacScore	SiriusScore	TreeScore	IsotopeScore	numExplainedPeaks	explainedIntensity	medianMassErrorFragmentPeaks(ppm)	medianAbsoluteMassErrorFragmentPeaks(ppm)	massErrorPrecursor(ppm)	lipidClass
1	C18H30O5	[M + Na]+	C18H30O5	0.9999999999999999	62.84007133015775	62.84007133015775	0.0	27	0.7443985849056606	0.9281313413577488	3.52702207792693	0.27537115546670854	
2	C16H28N3O4	[M + Na]+	C16H28N3O4	0.0	58.1616206005528	58.1616206005528	0.0	31	0.7746658805031449	0.6149182560085551	3.703552883056045	4.12041475705759	
3	C13H32N3O4S	[M + Na]+	C13H32N3O4S	0.0	57.31778185492911	57.31778185492911	0.0	31	0.7746658805031449	0.16510899530769563	3.703552883056045	-5.5334830675084	
4	C21H28NO2	[M + Na]+	C21H28NO2	0.0	55.562410483306024	55.562410483306024	0.0	32	0.7811025943396228	0.07586583949332111	4.419658909168509	-7.399561349972576	
5	C19H34S2	[M + Na]+	C19H34S2	0.0	8.956006560147038	8.956006560147038	0.0	21	0.36684355345911956	-2.02408307037167	6.401473672876809	-2.213263959845092	
6	C22H30S	[M + Na]+	C22H30S	0.0	7.515479097682402	7.515479097682402	0.0	21	0.36684355345911956	-0.4639792047835312	6.6785904757762165	7.440633865046464	
