rank	molecularFormula	adduct	precursorFormula	ZodiacScore	SiriusScore	TreeScore	IsotopeScore	numExplainedPeaks	explainedIntensity	medianMassErrorFragmentPeaks(ppm)	medianAbsoluteMassErrorFragmentPeaks(ppm)	massErrorPrecursor(ppm)	lipidClass
1	C20H32O3	[M + H]+	C20H32O3	0.9999999999999999	75.48075074752369	75.48075074752369	0.0	28	0.741529434033693	1.2251498190675825	4.467996901584555	0.9548107483066616	
2	C17H36O3S	[M + H]+	C17H36O3S	0.0	64.3885088099926	64.3885088099926	0.0	24	0.7167329169032748	1.0988809440510388	4.467996901584555	-9.539210456040935	
3	C15H34N3O2S	[M + H]+	C15H34N3O2S	0.0	62.71965939389472	62.71965939389472	0.0	27	0.750709823963657	-0.2491520664516148	4.725217706603323	-5.359554754413595	
4	C18H30N3O2	[M + H]+	C18H30N3O2	0.0	61.542991395435386	61.542991395435386	0.0	30	0.7692598902138936	1.7785911943682156	4.467996901584555	5.134466449934001	
5	C23H30N	[M + H]+	C23H30N	0.0	60.84763326565789	60.84763326565789	0.0	24	0.7015900056785916	1.9947159565124364	4.854273301314694	-7.388027130746735	
