rank	molecularFormula	adduct	precursorFormula	ZodiacScore	SiriusScore	TreeScore	IsotopeScore	numExplainedPeaks	explainedIntensity	medianMassErrorFragmentPeaks(ppm)	medianAbsoluteMassErrorFragmentPeaks(ppm)	massErrorPrecursor(ppm)	lipidClass
1	C14H18O9	[M + Na]+	C14H18O9	0.8577889447236182	9.118901190636093	8.67134422726857	0.44755696336752343	3	0.20238095238095236	1.781930906503555	8.421173161465955	0.8445693947173298	
2	C12H16N3O8	[M + Na]+	C12H16N3O8	0.1422110552763819	7.369689759383981	6.393368336334954	0.9763214230490265	5	0.4107142857142857	0.4807267769829088	2.0677299965365084	4.64729541554912	
3	C24H12NO	[M + Na]+	C24H12NO	0.0	-0.784116993943814	-0.784116993943814	0.0	2	0.10317460317460317	4.803007414272242	4.803007414272242	9.888158354426412	
4	C17H16NO6	[M + Na]+	C17H16NO6	0.0	-1.8090257646033654	-1.8090257646033654	0.0	3	0.2083333333333333	0.4807267769829088	1.8268264550235092	-6.745894737505137	
