rank	formulaRank	ConfidenceScore	CSI:FingerIDScore	molecularFormula	adduct	InChIkey2D	InChI	name	smiles	xlogp	pubchemids	links	dbflags
1	1	0.06561469833596002	-250.77153071896169	C14H18O9	[M + Na]+	JYFOSWJYZIVJPO	InChI=1S/C14H18O9/c1-21-8-4-6(13(19)20)2-3-7(8)22-14-12(18)11(17)10(16)9(5-15)23-14/h2-4,9-12,14-18H,5H2,1H3,(H,19,20)	Vanillic acid 4-|A-D-glucoside	COC1=C(C=CC(=C1)C(=O)O)OC2C(C(C(C(O2)CO)O)O)O	-0.899627566	14132336;14132337;68437435;71607615;71607618;92449506;92449507;92449508;92449509;98774697;124905329;124351246	COCONUT:(CNP0130526 CNP0235798);KNApSAcK:(35153);Natural Products:(UNPD125219 UNPD160224);PubChem:(14132336 14132337 68437435 71607615 71607618 92449506 92449507 92449508 92449509 98774697 124905329 124351246);PNC:(LTS0144589);SuperNatural:(SN00036708 SN00036706 SN00036707 SN00296474 SN00036709);CHEBI:(68950);ZINC bio:(ZINC13481490 ZINC13481491 ZINC13481492 ZINC13481493 ZINC13514036);additional;Training Set;KEGG Mine	77313138738