rank	molecularFormula	adduct	precursorFormula	ZodiacScore	SiriusScore	TreeScore	IsotopeScore	numExplainedPeaks	explainedIntensity	medianMassErrorFragmentPeaks(ppm)	medianAbsoluteMassErrorFragmentPeaks(ppm)	massErrorPrecursor(ppm)	lipidClass
1	C30H52O3	[M - H2O + H]+	C30H50O2	0.9999999999999999	87.96937149904646	87.96937149904646	0.0	38	0.9020617096228859	2.2850390691102223	5.352962797880582	-40618.6446117871	
1	C30H50O2	[M + H]+	C30H50O2	0.9999999999999999	87.96937149904646	87.96937149904646	0.0	37	0.9020617096228859	2.2850390691102223	5.352962797880582	1.5833893701758481	
2	C27H56O3S	[M - H2O + H]+	C27H54O2S	0.0	76.95083411989165	76.95083411989165	0.0	38	0.9020617096228859	2.2850390691102223	5.459210201862917	-40626.24770421561	
2	C27H54O2S	[M + H]+	C27H54O2S	0.0	76.95083411989165	76.95083411989165	0.0	37	0.9020617096228859	2.2850390691102223	5.459210201862917	-6.0197030583362405	
3	C28H48N3O	[M + H]+	C28H48N3O	0.0	75.96736698005705	75.96736698005705	0.0	37	0.9020617096228859	2.5047757690552586	5.352962797880582	4.611619254732403	
3	C28H50N3O2	[M - H2O + H]+	C28H48N3O	0.0	75.96736698005705	75.96736698005705	0.0	38	0.9020617096228859	2.5047757690552586	5.352962797880582	-40615.61638190267	
4	C25H52N3OS	[M + H]+	C25H52N3OS	0.0	73.12785470860678	73.12785470860678	0.0	37	0.9020617096228859	2.2850390691102223	5.352962797880582	-2.991473173651483	
4	C25H54N3O2S	[M - H2O + H]+	C25H52N3OS	0.0	73.12785470860678	73.12785470860678	0.0	38	0.9020617096228859	2.2850390691102223	5.352962797880582	-40623.219474331185	
