rank	molecularFormula	adduct	precursorFormula	ZodiacScore	SiriusScore	TreeScore	IsotopeScore	numExplainedPeaks	explainedIntensity	medianMassErrorFragmentPeaks(ppm)	medianAbsoluteMassErrorFragmentPeaks(ppm)	massErrorPrecursor(ppm)	lipidClass
1	C18H28O	[M - H2O + H]+	C18H26	0.9999999999999999	116.5583685614314	116.5583685614314	0.0	24	0.7080322401334076	-1.0675331001934947	6.909400251002447	-74051.60397736612	
1	C18H26	[M + H]+	C18H26	0.9999999999999999	116.5583685614314	116.5583685614314	0.0	23	0.7080322401334076	-1.0675331001934947	6.909400251002447	1.6086901191892935	
