rank	molecularFormula	adduct	precursorFormula	ZodiacScore	SiriusScore	TreeScore	IsotopeScore	numExplainedPeaks	explainedIntensity	medianMassErrorFragmentPeaks(ppm)	medianAbsoluteMassErrorFragmentPeaks(ppm)	massErrorPrecursor(ppm)	lipidClass
1	C19H28O2	[M - H2O + H]+	C19H26O	0.9999999999999999	97.60189558295	97.60189558295	0.0	39	0.8519636763259876	2.2813022484424126	3.495670956837019	-66407.00428646433	
1	C19H26O	[M + H]+	C19H26O	0.9999999999999999	97.60189558295	97.60189558295	0.0	38	0.8519636763259876	2.2813022484424126	3.495670956837019	2.11073773832155	
2	C17H24N3	[M + H]+	C17H24N3	0.0	76.74373243240588	76.74373243240588	0.0	33	0.827832726010758	2.5047757690552586	3.615707053543347	7.061523999516351	
2	C17H26N3O	[M - H2O + H]+	C17H24N3	0.0	76.74373243240588	76.74373243240588	0.0	34	0.827832726010758	2.5047757690552586	3.615707053543347	-66402.05350020294	
3	C14H30N3OS	[M - H2O + H]+	C14H28N3S	0.0	73.46582234841442	73.46582234841442	0.0	34	0.827832726010758	2.0454724638493778	3.615707053543347	-66414.48362835511	
3	C14H28N3S	[M + H]+	C14H28N3S	0.0	73.46582234841442	73.46582234841442	0.0	33	0.827832726010758	2.0454724638493778	3.615707053543347	-5.368604152442894	
4	C12H30N3S	[M + Na]+	C12H30N3S	0.0	58.34947011008593	58.34947011008593	0.0	28	0.755983573370351	2.033340772222626	3.5322608403167766	3.5017235639863498	
