rank	molecularFormula	adduct	precursorFormula	ZodiacScore	SiriusScore	TreeScore	IsotopeScore	numExplainedPeaks	explainedIntensity	medianMassErrorFragmentPeaks(ppm)	medianAbsoluteMassErrorFragmentPeaks(ppm)	massErrorPrecursor(ppm)	lipidClass
1	C21H34N3O3	[M + Na]+	C21H34N3O3	0.8457286432160804	93.50530705798029	90.56922061510161	2.9360864428786715	30	0.5942965779467682	3.5008211573786854	6.697544982790397	3.9187468398044265	
2	C23H36O4	[M + Na]+	C23H36O4	0.1542713567839196	90.59941658439672	86.85144928565872	3.747967298738001	22	0.4762357414448669	0.19895728510375377	4.468204991693138	0.5557379427086384	
3	C26H34NO	[M + Na]+	C26H34NO	0.0	74.40073131289004	73.74555859940956	0.6551727134804768	22	0.4965779467680609	0.8054609620466241	4.468204991693138	-6.157025025202209	
