rank	molecularFormula	adduct	precursorFormula	ZodiacScore	SiriusScore	TreeScore	IsotopeScore	numExplainedPeaks	explainedIntensity	medianMassErrorFragmentPeaks(ppm)	medianAbsoluteMassErrorFragmentPeaks(ppm)	massErrorPrecursor(ppm)	lipidClass
1	C12H9O	[M - H2O + H]+	C12H7	0.9999999999999999	10.224981433375937	10.224981433375937	0.0	7	0.847989949748744	3.1349173205737935	5.02158341689705	-118438.70698671682	
1	C12H7	[M + H]+	C12H7	0.9999999999999999	10.224981433375937	10.224981433375937	0.0	6	0.847989949748744	3.1349173205737935	5.02158341689705	3.127497817749297	
2	C7H13S	[M + Na]+	C7H13S	0.0	1.9413692654864363	1.9413692654864363	0.0	4	0.5163316582914573	-3.2566943000764734	5.797766327188829	-3.2214693961906806	
3	C4H11N2O2S	[M + H]+	C4H11N2O2S	0.0	-1.2744799731188463	-1.2744799731188463	0.0	4	0.6532663316582916	4.787927097645758	7.175194341408894	7.412787637530755	
3	C4H13N2O3S	[M - H2O + H]+	C4H11N2O2S	0.0	-1.2744799731188463	-1.2744799731188463	0.0	5	0.6532663316582916	4.787927097645758	7.175194341408894	-118434.42169689704	
