rank	molecularFormula	adduct	precursorFormula	ZodiacScore	SiriusScore	TreeScore	IsotopeScore	numExplainedPeaks	explainedIntensity	medianMassErrorFragmentPeaks(ppm)	medianAbsoluteMassErrorFragmentPeaks(ppm)	massErrorPrecursor(ppm)	lipidClass
1	C17H24O4	[M - H2O + H]+	C17H22O3	0.9999999999999999	119.76326003978846	119.76326003978846	0.0	21	0.5974729241877259	1.9440913216491695	5.836023422690131	-65459.94677264449	
1	C17H22O3	[M + H]+	C17H22O3	0.9999999999999999	119.76326003978846	119.76326003978846	0.0	20	0.5974729241877259	1.9440913216491695	5.836023422690131	-5.687067298348967	
2	C12H24N2O6	[M - H2O + H]+	C12H22N2O5	0.0	110.79354687072242	109.38582141960468	1.407725451117739	27	0.6728339350180508	1.9440913216491695	5.54069002354034	-65445.327198944724	
2	C12H22N2O5	[M + H]+	C12H22N2O5	0.0	110.79354687072242	109.38582141960468	1.407725451117739	26	0.6728339350180508	1.9440913216491695	5.54069002354034	8.932506401417433	
3	C15H24O3	[M + Na]+	C15H24O3	0.0	109.89195931582945	109.17266030909438	0.7192990067350751	22	0.6257897111913359	-2.7518574674191405	5.815710400645481	3.0557194984799176	
4	C15H22N3O3	[M - H2O + H]+	C15H20N3O2	0.0	108.41835227425375	108.31740759554503	0.10094467870870993	27	0.6897563176895308	1.9440913216491695	5.54069002354034	-65455.0671706564	
4	C15H20N3O2	[M + H]+	C15H20N3O2	0.0	108.41835227425375	108.31740759554503	0.10094467870870993	26	0.6897563176895308	1.9440913216491695	5.54069002354034	-0.8074653102555602	
5	C13H22N3O2	[M + Na]+	C13H22N3O2	0.0	103.50260118066814	102.63297811177466	0.8696230688934721	25	0.654106498194946	-2.6064419663512783	5.678200212092911	7.935321486366743	
6	C18H22N	[M + Na]+	C18H22N	0.0	81.39617715955289	81.39617715955289	0.0	21	0.6384250902527078	2.0216800499303713	5.678200212092911	-6.684252213399657	
