rank	molecularFormula	adduct	precursorFormula	ZodiacScore	SiriusScore	TreeScore	IsotopeScore	numExplainedPeaks	explainedIntensity	medianMassErrorFragmentPeaks(ppm)	medianAbsoluteMassErrorFragmentPeaks(ppm)	massErrorPrecursor(ppm)	lipidClass
1	C24H50O13	[M + Na]+	C24H50O13	0.6542713567839197	59.8199818422318	59.8199818422318	0.0	25	0.5668401486988849	2.434020202021895	5.942355725942102	0.6957508546064756	
2	C22H48N3O12	[M + Na]+	C22H48N3O12	0.25025125628140704	59.587837439241575	59.50275365177004	0.08508378747153067	27	0.6055018587360596	-0.3998685368518339	4.9017639684833965	3.054172061848551	
3	C30H46N2O7	[M + Na]+	C30H46N2O7	0.06683417085427135	58.39463030541073	58.39463030541073	0.0	25	0.567732342007435	-5.699997510707102	6.250631526795721	-8.719343204200298	
4	C27H48NO10	[M + Na]+	C27H48NO10	0.026130653266331662	57.36501277196274	57.36501277196274	0.0	25	0.5785873605947954	4.665146099956586	5.736004965056711	-4.011796174896756	
5	C34H44NO5	[M + Na]+	C34H44NO5	0.0025125628140703522	54.51020805773429	54.51020805773429	0.0	26	0.5808178438661711	3.7069046496769578	6.294794957728997	6.304514640432899	
6	C37H42N2O2	[M + Na]+	C37H42N2O2	0.0	46.44695012558882	46.44695012558882	0.0	16	0.4420817843866171	3.0673303687610427	8.271278328010602	1.5969676111293574	
7	C42H42	[M + Na]+	C42H42	0.0	3.0907278148826984	3.0907278148826984	0.0	1	0.0	-4.342134589384751	4.342134589384751	-5.4690006258156405	
