rank	formulaRank	ConfidenceScore	CSI:FingerIDScore	molecularFormula	adduct	InChIkey2D	InChI	name	smiles	xlogp	pubchemids	links	dbflags
1	1	N/A	-365.7384745535674	C24H34O5	[M - H2O + H]+	POEUPUDPIRTZJS	InChI=1S/C24H34O5/c1-22(2,28)17-7-8-18-16(14-17)6-9-19-23(3,12-5-13-24(18,19)4)15-29-21(27)11-10-20(25)26/h7-8,14,19,28H,5-6,9-13,15H2,1-4H3,(H,25,26)	null	CC1(CCCC2(C1CCC3=C2C=CC(=C3)C(C)(C)O)C)COC(=O)CCC(=O)O	4.19999981	46230076;75179786	COCONUT:(CNP0324935);Natural Products:(UNPD87440);PubChem:(46230076 75179786);PNC:(LTS0093743);SuperNatural:(SN00357297);PubMed	68722655298
2	1	N/A	-403.5406492483284	C24H34O5	[M - H2O + H]+	JRSIPWOSJIRGLU	InChI=1S/C24H34O5/c1-15(2)16-6-7-18-17(12-16)19(25)13-20-23(3,10-5-11-24(18,20)4)14-29-22(28)9-8-21(26)27/h6-7,12,15,19-20,25H,5,8-11,13-14H2,1-4H3,(H,26,27)	null	CC(C)C1=CC2=C(C=C1)C3(CCCC(C3CC2O)(C)COC(=O)CCC(=O)O)C	4.4000001	46230022	COCONUT:(CNP0234344);Natural Products:(UNPD74238);PubChem:(46230022);PNC:(LTS0192793);SuperNatural:(SN00259380);PubMed	68722655298
1	1	0.04890207041431147	-168.47750743564154	C24H36O6	[M - H4O2 + H]+	UNLBVDZKMBYCGV	InChI=1S/C24H36O6/c1-16(12-15-30-21(27)11-10-20(25)26)6-8-18-17(2)7-9-19-23(18,3)13-5-14-24(19,4)22(28)29/h12,18-19H,2,5-11,13-15H2,1,3-4H3,(H,25,26)(H,28,29)	Butanedioic acid, mono((2E)-5-((1S,4aR,5S,8aR)-5-carboxydecahydro-5,8a-dimethyl-2-methylene-1-naphthalenyl)-3-methyl-2-pentenyl) ester	CC(=CCOC(=O)CCC(=O)O)CCC1C(=C)CCC2C1(CCCC2(C)C(=O)O)C	4.5999999	154491;6440366;71430855	COCONUT:(CNP0133657);Natural Products:(UNPD44527);PubChem:(154491 6440366 71430855);PNC:(LTS0054525 LTS0163682)	68721606658
2	1	N/A	-195.72290157159097	C24H36O6	[M - H4O2 + H]+	SJUKMJXVKWLHQV	InChI=1S/C24H36O6/c1-16(14-21(27)28)6-8-18-17(2)7-9-19-23(3,12-5-13-24(18,19)4)15-30-22(29)11-10-20(25)26/h14,18-19H,2,5-13,15H2,1,3-4H3,(H,25,26)(H,27,28)	null	CC(=CC(=O)O)CCC1C(=C)CCC2C1(CCCC2(C)COC(=O)CCC(=O)O)C	4.74601889	""	COCONUT:(CNP0246845);PNC:(LTS0067682 LTS0172493);Natural Products:(UNPD25397)	68721606656
3	1	N/A	-241.78697612650234	C24H36O6	[M - H4O2 + H]+	ADFNVLJQSYGXIL	InChI=1S/C24H36O6/c1-16(2)23-12-13-24(30-29-23)17(14-23)6-7-18-21(3,10-5-11-22(18,24)4)15-28-20(27)9-8-19(25)26/h14,16,18H,5-13,15H2,1-4H3,(H,25,26)	null	CC(C)C12CCC3(C(=C1)CCC4C3(CCCC4(C)COC(=O)CCC(=O)O)C)OO2	3.9000001	46230211	COCONUT:(CNP0158224);PubChem:(46230211);PNC:(LTS0190310);PubMed	68721573954