rank	molecularFormula	adduct	precursorFormula	ZodiacScore	SiriusScore	TreeScore	IsotopeScore	numExplainedPeaks	explainedIntensity	medianMassErrorFragmentPeaks(ppm)	medianAbsoluteMassErrorFragmentPeaks(ppm)	massErrorPrecursor(ppm)	lipidClass
1	C29H48O	[M + H]+	C29H48O	0.9999999999999999	48.3418024863944	48.3418024863944	0.0	25	0.8664149879042321	1.9390867527771138	5.898617242706128	1.9462594244996	
1	C29H50O2	[M - H2O + H]+	C29H48O	0.9999999999999999	48.3418024863944	48.3418024863944	0.0	26	0.8664149879042321	1.9390867527771138	5.898617242706128	-43567.22932965691	
2	C26H54O2S	[M - H2O + H]+	C26H52OS	0.0	33.9789233066154	33.9789233066154	0.0	25	0.8645707900760462	1.923210920295141	5.989688047839396	-43575.38439144111	
2	C26H52OS	[M + H]+	C26H52OS	0.0	33.9789233066154	33.9789233066154	0.0	24	0.8645707900760462	1.923210920295141	5.989688047839396	-6.208802359566068	
3	C27H48N3O	[M - H2O + H]+	C27H46N3	0.0	29.13985110634441	29.13985110634441	0.0	22	0.7617079441533507	1.9390867527771138	5.446540486614096	-43563.98125631866	
3	C27H46N3	[M + H]+	C27H46N3	0.0	29.13985110634441	29.13985110634441	0.0	21	0.7617079441533507	1.9390867527771138	5.446540486614096	5.194332762615853	
4	C24H52N3OS	[M - H2O + H]+	C24H50N3S	0.0	26.934020096149972	26.934020096149972	0.0	24	0.8607630639719684	-2.9538347909157663	6.080758852972663	-43572.13631810272	
4	C24H50N3S	[M + H]+	C24H50N3S	0.0	26.934020096149972	26.934020096149972	0.0	23	0.8607630639719684	-2.9538347909157663	6.080758852972663	-2.9607290214498154	
5	C27H50O	[M + Na]+	C27H50O	0.0	23.708639959611432	23.708639959611432	0.0	22	0.2514943426519565	-0.035523330412323514	5.672578864660112	7.765835030483086	
