rank	formulaRank	ConfidenceScore	CSI:FingerIDScore	molecularFormula	adduct	InChIkey2D	InChI	name	smiles	xlogp	pubchemids	links	dbflags
1	1	0.10898182054433452	-115.60350827655608	C30H48O4	[M + H]+	MJYADMFNVYHSAP	InChI=1S/C30H48O4/c1-18(16-20(31)17-19(2)26(33)34)21-10-14-30(7)23-8-9-24-27(3,4)25(32)12-13-28(24,5)22(23)11-15-29(21,30)6/h8,17-18,20-22,24-25,31-32H,9-16H2,1-7H3,(H,33,34)	null	CC(CC(C=C(C)C(=O)O)O)C1CCC2(C1(CCC3C2=CCC4C3(CCC(C4(C)C)O)C)C)C	6.5999999	46243633	COCONUT:(CNP0300251);Natural Products:(UNPD56284);PubChem:(46243633);PNC:(LTS0199022);SuperNatural:(SN00287032)	68722655234
2	1	N/A	-235.77614627398015	C30H48O4	[M + H]+	IQWUFDBPSLWCGM	InChI=1S/C30H48O4/c1-18-16-20(34-25(18)32)17-19(2)30(33)15-14-28(6)22-8-9-23-26(3,4)24(31)11-12-27(23,5)21(22)10-13-29(28,30)7/h18-20,23-24,31,33H,8-17H2,1-7H3	null	CC1CC(OC1=O)CC(C)C2(CCC3(C2(CCC4=C3CCC5C4(CCC(C5(C)C)O)C)C)C)O	5.80000019	44513497;44179578	COCONUT:(CNP0218233);KNApSAcK:(47519);Natural Products:(UNPD122703);PubChem:(44513497 44179578);PNC:(LTS0198220)	68721606674