rank	molecularFormula	adduct	precursorFormula	ZodiacScore	SiriusScore	TreeScore	IsotopeScore	numExplainedPeaks	explainedIntensity	medianMassErrorFragmentPeaks(ppm)	medianAbsoluteMassErrorFragmentPeaks(ppm)	massErrorPrecursor(ppm)	lipidClass
1	C28H50O6	[M + H]+	C28H50O6	0.9994974874371858	8.202350814695523	3.5	4.702350814695523	1	0.0	NaN	NaN	0.6468651042669264	
2	C26H48N3O5	[M + H]+	C26H48N3O5	5.025125628140704E-4	1.1993060544973755	-3.605170185988091	4.804476240485466	1	0.0	NaN	NaN	3.424630880365721	
3	C31H52NO5	[M - H4O2 + H]+	C31H48NO3	0.0	-2.1603155918220645	-2.7515764526587554	0.5912608608366909	3	0.2996742671009772	-3.844009447000666	3.844009447000666	-74525.97667227116	
3	C31H50NO4	[M - H2O + H]+	C31H48NO3	0.0	-2.1603155918220645	-2.7515764526587554	0.5912608608366909	3	0.2996742671009772	-3.844009447000666	3.844009447000666	-37265.43719527317	
3	C31H48NO3	[M + H]+	C31H48NO3	0.0	-2.1603155918220645	-2.7515764526587554	0.5912608608366909	2	0.2996742671009772	-3.844009447000666	3.844009447000666	-4.8977182750481765	
