rank	molecularFormula	adduct	precursorFormula	ZodiacScore	SiriusScore	TreeScore	IsotopeScore	numExplainedPeaks	explainedIntensity	medianMassErrorFragmentPeaks(ppm)	medianAbsoluteMassErrorFragmentPeaks(ppm)	massErrorPrecursor(ppm)	lipidClass
1	C19H18NOS	[M + H]+	C19H18NOS	0.9999999999999999	58.076157893695935	58.076157893695935	0.0	17	0.6317616430431008	0.7558529994401161	4.638641281704531	0.6946409505315774	
2	C11H22N3O3S2	[M + H]+	C11H22N3O3S2	0.0	48.73505354839598	48.73505354839598	0.0	21	0.7315591553369972	-1.544948686263267	5.095417498225245	2.8026746265424753	
3	C15H18NO6	[M + H]+	C15H18NO6	0.0	48.09985930824598	47.139352237481106	0.9605070707648795	19	0.6627133352617877	0.7558529994401161	4.638641281704531	-7.3996685078844155	
4	C12H20O9	[M + H]+	C12H20O9	0.0	45.91487051807016	42.5352708128584	3.3795997052117634	12	0.4038183396008099	0.637729182686309	7.03414471481135	1.2703944455795035	
5	C16H22NOS2	[M + H]+	C16H22NOS2	0.0	45.32691989045669	45.32691989045669	0.0	16	0.6161411628579693	0.637729182686309	5.3562011214396765	-10.21097963057121	
6	C16H20O4S	[M + H]+	C16H20O4S	0.0	43.02221884041869	43.02221884041869	0.0	15	0.5553948510269018	0.7558529994401161	5.626462882666795	9.364703903811607	
7	C13H24O4S2	[M + H]+	C13H24O4S2	0.0	40.23542150693824	40.23542150693824	0.0	14	0.5013017066820943	0.637729182686309	5.3562011214396765	-1.5409166771072902	
8	C10H18N3O8	[M + H]+	C10H18N3O8	0.0	13.519325565994663	11.032010050440842	2.4873155155538207	12	0.3176164304310095	2.5815983018878956	8.496966376531411	5.613985749229269	
9	C7H19N2O8S	[M + H3N + H]+	C7H22N3O8S	0.0	6.575404376003718	6.575404376003718	0.0	16	0.5108475556841192	4.866969215970083	5.1240308499391105	-5.291634831873518	
