rank	molecularFormula	adduct	precursorFormula	ZodiacScore	SiriusScore	TreeScore	IsotopeScore	numExplainedPeaks	explainedIntensity	medianMassErrorFragmentPeaks(ppm)	medianAbsoluteMassErrorFragmentPeaks(ppm)	massErrorPrecursor(ppm)	lipidClass
1	C24H46N3O3	[M + H]+	C24H46N3O3	0.8266331658291458	33.54724751151738	33.54724751151738	0.0	18	0.4084754703710216	-1.592731864906511	5.406454277911853	-0.5745526984174817	
2	C27H48NO	[M + Na]+	C27H48NO	0.1512562814070352	31.925081877483223	31.925081877483223	0.0	18	0.4184983295234747	0.011699656692777838	5.923217589689232	-4.3761992818658575	
3	C26H48O4	[M + H]+	C26H48O4	0.0135678391959799	30.21078771470205	30.21078771470205	0.0	14	0.30332336908739227	-4.017212968703965	5.968206486824938	-3.7311283124406334	
4	C22H48N3O3	[M + Na]+	C22H48N3O3	0.004522613065326634	28.243454506004447	28.243454506004447	0.0	19	0.4207842447687709	-3.602252939845065	6.362416150274981	5.081086361656072	
5	C24H50O4	[M + Na]+	C24H50O4	0.004020100502512563	28.94063606256523	28.94063606256523	0.0	15	0.31774221909618433	2.5181928605326145	5.324073182081431	1.9245107476329204	
6	C21H45NO6	[M + H3N + H]+	C21H48N2O6	0.0	23.572774119873646	23.572774119873646	0.0	12	0.29242131176367153	-3.0941090482529634	6.4025887027718955	5.726157331081296	
7	C21H47N2O3S	[M + H3N + H]+	C21H50N3O3S	0.0	11.702947655233736	11.702947655233736	0.0	10	0.234218392825743	-3.0235058935049386	6.189114980971283	-8.499887651683451	
