rank	molecularFormula	adduct	precursorFormula	ZodiacScore	SiriusScore	TreeScore	IsotopeScore	numExplainedPeaks	explainedIntensity	medianMassErrorFragmentPeaks(ppm)	medianAbsoluteMassErrorFragmentPeaks(ppm)	massErrorPrecursor(ppm)	lipidClass
1	C19H36O4	[M - H2O + H]+	C19H34O3	0.9999999999999999	39.40469083893804	36.418328290551685	2.9863625483863547	11	0.427992799279928	-4.041477220071609	4.307899646169746	-57862.40853357524	
1	C19H34O3	[M + H]+	C19H34O3	0.9999999999999999	39.40469083893804	36.418328290551685	2.9863625483863547	10	0.427992799279928	-4.041477220071609	4.307899646169746	1.2846570517400457	
2	C17H38NO	[M + K]+	C17H38NO	0.0	32.73298411695431	31.475149728055616	1.2578343888986965	10	0.427992799279928	-4.041477220071609	4.307899646169746	-0.08570243853533238	
3	C22H34NO	[M - H2O + H]+	C22H32N	0.0	31.42742330674381	31.42742330674381	0.0	11	0.427992799279928	-4.041477220071609	4.307899646169746	-57871.018985169176	
3	C22H32N	[M + H]+	C22H32N	0.0	31.42742330674381	31.42742330674381	0.0	10	0.427992799279928	-4.041477220071609	4.307899646169746	-7.325794542376033	
4	C17H32N3O2	[M + H]+	C17H32N3O2	0.0	31.337746168598375	28.76013996989831	2.577606198700062	10	0.427992799279928	-4.041477220071609	4.307899646169746	5.598383822014632	
4	C17H34N3O3	[M - H2O + H]+	C17H32N3O2	0.0	31.337746168598375	28.76013996989831	2.577606198700062	11	0.427992799279928	-4.041477220071609	4.307899646169746	-57858.09480680478	
5	C20H34N	[M + Na]+	C20H34N	0.0	28.90833621154755	26.396926619803686	2.511409591743863	10	0.427992799279928	-4.041477220071609	4.307899646169746	0.403113173028945	
