rank	molecularFormula	adduct	precursorFormula	ZodiacScore	SiriusScore	TreeScore	IsotopeScore	numExplainedPeaks	explainedIntensity	medianMassErrorFragmentPeaks(ppm)	medianAbsoluteMassErrorFragmentPeaks(ppm)	massErrorPrecursor(ppm)	lipidClass
1	C20H32O5	[M - H4O2 + H]+	C20H28O3	0.9999999999999999	148.93201025679502	146.92910334212456	2.0029069146704694	25	0.5070394207562351	-0.6930011873361412	5.43440130590071	-113556.1310954398	
1	C20H30O4	[M - H2O + H]+	C20H28O3	0.9999999999999999	148.93201025679502	146.92910334212456	2.0029069146704694	25	0.5070394207562351	-0.6930011873361412	5.43440130590071	-56778.26130679514	
1	C20H28O3	[M + H]+	C20H28O3	0.9999999999999999	148.93201025679502	146.92910334212456	2.0029069146704694	24	0.5070394207562351	-0.6930011873361412	5.43440130590071	-0.39151815029017556	
2	C18H26N3O2	[M + H]+	C18H26N3O2	0.0	143.02587358098666	141.47259936130254	1.553274219684102	32	0.6214802896218826	-0.6930011873361412	5.43440130590071	3.84126070223761	
2	C18H28N3O3	[M - H2O + H]+	C18H26N3O2	0.0	143.02587358098666	141.47259936130254	1.553274219684102	33	0.6214802896218826	-0.6930011873361412	5.43440130590071	-56774.028527942435	
2	C18H30N3O4	[M - H4O2 + H]+	C18H26N3O2	0.0	143.02587358098666	141.47259936130254	1.553274219684102	33	0.6214802896218826	-0.6930011873361412	5.43440130590071	-113551.89831658728	
3	C23H26N	[M + H]+	C23H26N	0.0	115.91280773654562	115.91280773654562	0.0	23	0.4877312952534193	-1.0251123283396024	5.4011970330395975	-8.840392953728122	
3	C23H28NO	[M - H2O + H]+	C23H26N	0.0	115.91280773654562	115.91280773654562	0.0	24	0.4877312952534193	-1.0251123283396024	5.4011970330395975	-56786.7101815984	
3	C23H30NO2	[M - H4O2 + H]+	C23H26N	0.0	115.91280773654562	115.91280773654562	0.0	24	0.4877312952534193	-1.0251123283396024	5.4011970330395975	-113564.57997024324	
