rank	molecularFormula	adduct	precursorFormula	ZodiacScore	SiriusScore	TreeScore	IsotopeScore	numExplainedPeaks	explainedIntensity	medianMassErrorFragmentPeaks(ppm)	medianAbsoluteMassErrorFragmentPeaks(ppm)	massErrorPrecursor(ppm)	lipidClass
1	C41H66N3O6	[M - H2O + H]+	C41H64N3O5	0.7206030150753769	121.82494188889872	119.10483855960473	2.7201033292939876	32	0.5698447893569845	-1.261779852149441	6.114791868410631	-26512.517831079665	
2	C38H68N2O9	[M - H2O + H]+	C38H66N2O8	0.2793969849246231	120.8519911721097	117.38689163960728	3.4650995325024283	29	0.522475307397702	1.1533012883499625	5.993195467123936	-26508.573570225817	
3	C43H68O7	[M - H2O + H]+	C43H66O6	0.0	89.42808913977066	87.22936513911563	2.1987240006550373	20	0.371900826446281	-0.2506671802900277	5.592304841974219	-26514.493855617777	
4	C35H70NO12	[M - H2O + H]+	C35H68NO11	0.0	89.35156303334045	87.2958829765916	2.0556800567488587	24	0.4420479741987502	1.5323329864103548	5.96522941580815	-26504.629309372136	
5	C50H64O2	[M - H2O + H]+	C50H62O	0.0	86.3564215430151	86.3564215430151	0.0	19	0.35537190082644626	-0.48908690345472833	6.2363882696973265	-26505.85024130017	
6	C46H66NO4	[M - H2O + H]+	C46H64NO3	0.0	84.2329608344416	84.2329608344416	0.0	20	0.36726466438218097	-0.5966759716026524	6.517903488807863	-26518.43811647162	
7	C48H62N3O	[M - H2O + H]+	C48H60N3	0.0	73.97919871005891	73.97919871005891	0.0	17	0.31203386414029427	-0.48908690345472833	6.2363882696973265	-26503.874216762226	
