rank	molecularFormula	adduct	precursorFormula	ZodiacScore	SiriusScore	TreeScore	IsotopeScore	numExplainedPeaks	explainedIntensity	medianMassErrorFragmentPeaks(ppm)	medianAbsoluteMassErrorFragmentPeaks(ppm)	massErrorPrecursor(ppm)	lipidClass
1	C20H30N3O4	[M + Na]+	C20H30N3O4	0.5266331658291458	85.37274691766939	82.70175378194882	2.6709931357205656	27	0.552661596958175	1.5900453924952689	4.876014646929459	-2.4445342372081797	
2	C17H32N2O7	[M + Na]+	C17H32N2O7	0.4728643216080402	85.65075732040518	82.70774592403681	2.9430113963683677	26	0.54106463878327	2.295611644362994	4.672109819311299	4.268883272316269	
3	C22H32O5	[M + Na]+	C22H32O5	5.025125628140704E-4	78.75303738999843	77.60340746204197	1.1496299279564606	20	0.4545627376425856	-0.6104863080766689	5.06103457880604	-5.807871051116449	
4	C29H28	[M + Na]+	C29H28	0.0	15.144801309756316	15.144801309756316	0.0	7	0.09372623574144488	9.7610276786719	9.7610276786719	8.904186253166865	
