rank	molecularFormula	adduct	precursorFormula	ZodiacScore	SiriusScore	TreeScore	IsotopeScore	numExplainedPeaks	explainedIntensity	medianMassErrorFragmentPeaks(ppm)	medianAbsoluteMassErrorFragmentPeaks(ppm)	massErrorPrecursor(ppm)	lipidClass
1	C9H8O3	[M + H]+	C9H8O3	0.9994974874371859	5.133120109809067	3.084700965298543	2.0484191445105235	1	0.0	5.328098182016409	5.328098182016409	2.8138660588054627	
2	C10H8N	[M + Na]+	C10H8N	5.025125628140704E-4	-2.3687663694764747	-3.876645369652741	1.5078790001762665	1	0.0	3.6656997764094963	3.6656997764094963	1.1514634735208078	
3	C7H12NO	[M + K]+	C7H12NO	0.0	-3.802581380141505	-3.802581380141505	0.0	1	0.0	2.7439007452729767	2.7439007452729767	0.22966212475520434	
4	C12H6N	[M + H]+	C12H6N	0.0	-4.6049814154144855	-4.6049814154144855	0.0	1	0.0	-10.90932498787806	10.90932498787806	-13.423597935957456	
5	C4H10N3O2S	[M + H]+	C4H10N3O2S	0.0	-5.784431336479991	-5.784431336479991	0.0	1	0.0	-6.961368088530322	6.961368088530322	-9.475631110476774	
