rank	molecularFormula	adduct	precursorFormula	ZodiacScore	SiriusScore	TreeScore	IsotopeScore	numExplainedPeaks	explainedIntensity	medianMassErrorFragmentPeaks(ppm)	medianAbsoluteMassErrorFragmentPeaks(ppm)	massErrorPrecursor(ppm)	lipidClass
1	C18H30O3	[M - H2O + H]+	C18H28O2	0.9999999999999999	71.15954822392384	71.15954822392384	0.0	26	0.7445175061107858	2.140605870383973	4.3082177486299855	-64966.94499370752	
2	C13H32N3O2S	[M - H2O + H]+	C13H30N3OS	0.0	48.61521097139856	48.61521097139856	0.0	25	0.7332254621819808	-2.3568969435729707	5.045589799861272	-64974.26216823231	
3	C16H28N3O2	[M - H2O + H]+	C16H26N3O	0.0	45.17899501915946	45.17899501915946	0.0	24	0.7293696423038522	0.1804596537004917	4.381712488355859	-64962.101550576124	
