rank	molecularFormula	adduct	precursorFormula	ZodiacScore	SiriusScore	TreeScore	IsotopeScore	numExplainedPeaks	explainedIntensity	medianMassErrorFragmentPeaks(ppm)	medianAbsoluteMassErrorFragmentPeaks(ppm)	massErrorPrecursor(ppm)	lipidClass
1	C19H24O	[M + H]+	C19H24O	0.9999999999999999	62.54199626920644	62.54199626920644	0.0	13	0.7069154774972557	0.19880266736132568	2.92859613724061	1.3494955199269678	
1	C19H26O2	[M - H2O + H]+	C19H24O	0.9999999999999999	62.54199626920644	62.54199626920644	0.0	14	0.7069154774972557	0.19880266736132568	2.92859613724061	-66905.07691249695	
2	C17H22N3	[M + H]+	C17H22N3	0.0	52.54605948715309	52.54605948715309	0.0	13	0.7069154774972557	0.19880266736132568	2.92859613724061	6.337356245457363	
2	C17H24N3O	[M - H2O + H]+	C17H22N3	0.0	52.54605948715309	52.54605948715309	0.0	14	0.7069154774972557	0.19880266736132568	2.92859613724061	-66900.08905177121	
3	C14H30OS	[M + Na]+	C14H30OS	0.0	47.953298572151	47.953298572151	0.0	12	0.747530186608123	0.408898925808286	2.9385469668934494	-2.2369628419144125	
4	C14H26N3S	[M + H]+	C14H26N3S	0.0	44.57646238065678	44.57646238065678	0.0	12	0.747530186608123	-1.6818177889084234	2.9385469668934494	-6.185856180098751	
4	C14H28N3OS	[M - H2O + H]+	C14H26N3S	0.0	44.57646238065678	44.57646238065678	0.0	13	0.747530186608123	-1.6818177889084234	2.9385469668934494	-66912.61226419675	
5	C12H28N3S	[M + Na]+	C12H28N3S	0.0	32.08151973112507	32.08151973112507	0.0	12	0.7475301866081229	-0.011293591085634644	4.660075987345512	2.750897883827147	
