rank	molecularFormula	adduct	precursorFormula	ZodiacScore	SiriusScore	TreeScore	IsotopeScore	numExplainedPeaks	explainedIntensity	medianMassErrorFragmentPeaks(ppm)	medianAbsoluteMassErrorFragmentPeaks(ppm)	massErrorPrecursor(ppm)	lipidClass
1	C9H18N3O5S	[M + H]+	C9H18N3O5S	0.9718592964824122	28.23579847123643	28.23579847123643	0.0	11	0.8184782608695653	-2.8214836777010865	6.0213269955339515	-4.993542611889764	
2	C14H16O6	[M + H]+	C14H16O6	0.023115577889447236	24.275043737762132	21.569586476593443	2.7054572611686876	4	0.2902173913043478	1.2533793886492015	4.363792185274761	2.22248483270194	
3	C11H20O6S	[M + H]+	C11H20O6S	0.0050251256281407045	22.87443249336059	22.87443249336059	0.0	7	0.5554347826086957	-1.8877693160336004	6.5618867964292935	-9.77003365265923	
4	C12H14N3O5	[M + H]+	C12H14N3O5	0.0	11.087341637239213	9.056373240200465	2.030968397038749	5	0.35108695652173916	6.5618867964292935	6.5618867964292935	6.998975873471404	
5	C17H14NO3	[M + H]+	C17H14NO3	0.0	6.650803665383962	6.432582666437299	0.21822099894666258	4	0.31413043478260866	0.7111396917441888	6.587385609589246	-7.311671382216757	
6	C15H20OS2	[M + H]+	C15H20OS2	0.0	3.8061563370243006	3.8061563370243006	0.0	4	0.2641304347826087	-2.6758056348834267	4.723808964725688	-0.8690128364305736	
7	C13H18N3S2	[M + H]+	C13H18N3S2	0.0	-2.073529085785963	-2.073529085785963	0.0	4	0.2641304347826087	8.102907429383789	8.102907429383789	3.9074782043388905	
8	C10H22N3S3	[M + H]+	C10H22N3S3	0.0	-3.6175705523099895	-3.6175705523099895	0.0	4	0.2641304347826087	-0.012623179664138728	7.634022789656746	-8.085040280820062	
