rank	molecularFormula	adduct	precursorFormula	ZodiacScore	SiriusScore	TreeScore	IsotopeScore	numExplainedPeaks	explainedIntensity	medianMassErrorFragmentPeaks(ppm)	medianAbsoluteMassErrorFragmentPeaks(ppm)	massErrorPrecursor(ppm)	lipidClass
1	C13H28OS	[M + Na]+	C13H28OS	0.5668341708542715	24.934461456367757	24.934461456367757	0.0	8	0.516030534351145	-0.3772496556307073	3.257126518728427	-2.7041315232253096	
2	C18H22O	[M + H]+	C18H22O	0.4326633165829146	22.51176679244221	22.51176679244221	0.0	5	0.3610687022900763	5.067080693904593	8.12412370221791	1.0793168879746387	
2	C18H24O2	[M - H2O + H]+	C18H22O	0.4326633165829146	22.51176679244221	22.51176679244221	0.0	6	0.3610687022900763	5.067080693904593	8.12412370221791	-70580.25389841314	
3	C11H26N3S	[M + Na]+	C11H26N3S	5.025125628140704E-4	18.338042844934762	18.338042844934762	0.0	9	0.566412213740458	3.2567141927390373	3.6636261820933864	2.5576927710235884	
4	C13H26N3OS	[M - H2O + H]+	C13H24N3S	0.0	14.620387881156082	14.620387881156082	0.0	8	0.45954198473282437	4.175906187937468	5.067080693904593	-70588.20313733962	
4	C13H24N3S	[M + H]+	C13H24N3S	0.0	14.620387881156082	14.620387881156082	0.0	7	0.45954198473282437	4.175906187937468	5.067080693904593	-6.8699220383898645	
5	C16H20N3	[M + H]+	C16H20N3	0.0	14.188782548068417	14.188782548068417	0.0	6	0.399236641221374	5.044176613373197	5.852474857392596	6.341141182223536	
5	C16H22N3O	[M - H2O + H]+	C16H20N3	0.0	14.188782548068417	14.188782548068417	0.0	7	0.399236641221374	5.044176613373197	5.852474857392596	-70574.9920741189	
