rank	molecularFormula	adduct	precursorFormula	ZodiacScore	SiriusScore	TreeScore	IsotopeScore	numExplainedPeaks	explainedIntensity	medianMassErrorFragmentPeaks(ppm)	medianAbsoluteMassErrorFragmentPeaks(ppm)	massErrorPrecursor(ppm)	lipidClass
1	C23H50N2O3S	[M + H]+	C23H50N2O3S	0.9864321608040203	17.321204728738458	17.321204728738458	0.0	14	0.24460980728868537	-2.4164848091936757	2.4321273436865845	-3.261554267351847	
2	C26H46N2O3	[M + H]+	C26H46N2O3	0.009045226130653268	12.665445927747465	12.665445927747465	0.0	7	0.13470711696241175	-0.25854444107282726	4.179367654384838	4.481755753202477	
3	C31H46O	[M + H]+	C31H46O	0.004020100502512563	11.95457052435318	11.95457052435318	0.0	5	0.07116962411753482	-2.594541512564122	2.594541512564122	-4.758319918213189	
4	C26H48N3S	[M + H]+	C26H48N3S	5.025125628140704E-4	6.907773492991797	6.907773492991797	0.0	8	0.1305094447624499	-2.4164848091936757	2.4321273436865845	-9.417552896549449	
5	C24H52NOS2	[M + H]+	C24H52NOS2	0.0	6.140950184735173	6.140950184735173	0.0	6	0.09444762449914137	-2.4164848091936757	3.253606390123244	8.64164114641043	
6	C29H44N3	[M + H]+	C29H44N3	0.0	3.9228268642294903	3.9228268642294903	0.0	5	0.07899255867200916	-0.25854444107282726	2.2306852197194322	-1.6742428759951233	
