rank	molecularFormula	adduct	precursorFormula	ZodiacScore	SiriusScore	TreeScore	IsotopeScore	numExplainedPeaks	explainedIntensity	medianMassErrorFragmentPeaks(ppm)	medianAbsoluteMassErrorFragmentPeaks(ppm)	massErrorPrecursor(ppm)	lipidClass
1	C20H34O2	[M - H2O + H]+	C20H32O	0.9999999999999999	94.17445461539508	94.17445461539508	0.0	28	0.733261961623981	0.488536758574526	2.5430067054895606	-62264.495527820785	
1	C20H32O	[M + H]+	C20H32O	0.9999999999999999	94.17445461539508	94.17445461539508	0.0	27	0.733261961623981	0.488536758574526	2.5430067054895606	1.2951667443754888	
2	C18H32N3O	[M - H2O + H]+	C18H30N3	0.0	85.35871562599041	85.35871562599041	0.0	28	0.733261961623981	0.488536758574526	2.5430067054895606	-62259.85362556062	
2	C18H30N3	[M + H]+	C18H30N3	0.0	85.35871562599041	85.35871562599041	0.0	27	0.733261961623981	0.488536758574526	2.5430067054895606	5.9370690043399215	
3	C15H36N3OS	[M - H2O + H]+	C15H34N3S	0.0	84.43103209039697	84.43103209039697	0.0	32	0.7920612698674134	-0.3321544334639801	2.5430067054895606	-62271.508226853446	
3	C15H34N3S	[M + H]+	C15H34N3S	0.0	84.43103209039697	84.43103209039697	0.0	31	0.7920612698674134	-0.3321544334639801	2.5430067054895606	-5.717532288486282	
