rank	molecularFormula	adduct	precursorFormula	ZodiacScore	SiriusScore	TreeScore	IsotopeScore	numExplainedPeaks	explainedIntensity	medianMassErrorFragmentPeaks(ppm)	medianAbsoluteMassErrorFragmentPeaks(ppm)	massErrorPrecursor(ppm)	lipidClass
1	C20H34O2	[M - H2O + H]+	C20H32O	0.9999999999999999	84.57053114608833	84.57053114608833	0.0	32	0.8383209235326335	0.9881811192271527	3.0642141984130054	-62262.6039754984	
1	C20H32O	[M + H]+	C20H32O	0.9999999999999999	84.57053114608833	84.57053114608833	0.0	31	0.8383209235326335	0.9881811192271527	3.0642141984130054	3.075843666626461	
2	C17H36OS	[M + H]+	C17H36OS	0.0	75.06944921992056	75.06944921992056	0.0	31	0.8383209235326335	0.9881811192271527	3.0642141984130054	-8.578736873093304	
2	C17H38O2S	[M - H2O + H]+	C17H36OS	0.0	75.06944921992056	75.06944921992056	0.0	32	0.8383209235326335	0.9881811192271527	3.0642141984130054	-62274.25855603831	
3	C18H32N3O	[M - H2O + H]+	C18H30N3	0.0	73.90541479606262	73.90541479606262	0.0	32	0.8383209235326335	0.9881811192271527	3.0642141984130054	-62257.962081503974	
3	C18H30N3	[M + H]+	C18H30N3	0.0	73.90541479606262	73.90541479606262	0.0	31	0.8383209235326335	0.9881811192271527	3.0642141984130054	7.717737660851959	
4	C15H36N3OS	[M - H2O + H]+	C15H34N3S	0.0	64.34293597356975	64.34293597356975	0.0	27	0.7956136257582823	-0.1690587701471895	3.051514966879974	-62269.61666204369	
4	C15H34N3S	[M + H]+	C15H34N3S	0.0	64.34293597356975	64.34293597356975	0.0	26	0.7956136257582823	-0.1690587701471895	3.051514966879974	-3.936842878867806	
