rank	molecularFormula	adduct	precursorFormula	ZodiacScore	SiriusScore	TreeScore	IsotopeScore	numExplainedPeaks	explainedIntensity	medianMassErrorFragmentPeaks(ppm)	medianAbsoluteMassErrorFragmentPeaks(ppm)	massErrorPrecursor(ppm)	lipidClass
1	C13H14O	[M + H]+	C13H14O	0.9999999999999999	56.655101278144095	56.655101278144095	0.0	14	0.5319288287304877	0.6785875031557433	4.8375191300610965	2.4854240461727035	
1	C13H16O2	[M - H2O + H]+	C13H14O	0.9999999999999999	56.655101278144095	56.655101278144095	0.0	15	0.5319288287304877	0.6785875031557433	4.8375191300610965	-96252.93806671124	
2	C11H12N3	[M + H]+	C11H12N3	0.0	23.763393522801557	23.763393522801557	0.0	10	0.36557144416548404	3.289323433473576	7.52327301982453	9.661246642664624	
2	C11H14N3O	[M - H2O + H]+	C11H12N3	0.0	23.763393522801557	23.763393522801557	0.0	11	0.36557144416548404	3.289323433473576	7.52327301982453	-96245.76224411475	
3	C8H16N3S	[M + H]+	C8H16N3S	0.0	16.743463781427074	16.743463781427074	0.0	9	0.16493832551031543	-7.717170576252553	8.390495598475809	-8.355365216795665	
3	C8H18N3OS	[M - H2O + H]+	C8H16N3S	0.0	16.743463781427074	16.743463781427074	0.0	10	0.16493832551031543	-7.717170576252553	8.390495598475809	-96263.7788559742	
4	C6H18N3S	[M + Na]+	C6H18N3S	0.0	15.690687082610493	15.690687082610493	0.0	8	0.26176181639558993	4.252710375319119	8.71177185495126	4.501561886291455	
