rank	molecularFormula	adduct	precursorFormula	ZodiacScore	SiriusScore	TreeScore	IsotopeScore	numExplainedPeaks	explainedIntensity	medianMassErrorFragmentPeaks(ppm)	medianAbsoluteMassErrorFragmentPeaks(ppm)	massErrorPrecursor(ppm)	lipidClass
1	C15H32O7	[M + Na]+	C15H32O7	0.9994974874371858	9.069300928400093	3.3845558113489913	5.684745117051102	1	0.0	1.370765383201857	1.370765383201857	1.877887703561958	
2	C18H30NO4	[M + Na]+	C18H30NO4	5.025125628140704E-4	0.8208477974906296	-2.6204243234113846	3.4412721209020143	3	0.07194679564691657	0.0463907301099354	6.348247475349625	-5.8411212405004465	
3	C13H30N3O6	[M + Na]+	C13H30N3O6	0.0	0.36251944305069905	-4.1152875297329174	4.4778069727836165	1	0.0	5.23789268140197	5.23789268140197	5.745013040652814	
