rank	molecularFormula	adduct	precursorFormula	ZodiacScore	SiriusScore	TreeScore	IsotopeScore	numExplainedPeaks	explainedIntensity	medianMassErrorFragmentPeaks(ppm)	medianAbsoluteMassErrorFragmentPeaks(ppm)	massErrorPrecursor(ppm)	lipidClass
1	C8H8O4	[M + H]+	C8H8O4	0.9999999999999999	30.186683494591172	27.248045857591983	2.9386376369991893	6	0.21739130434782603	-4.280950333930159	4.690503500852557	3.9136390179889213	
1	C8H10O5	[M - H2O + H]+	C8H8O4	0.9999999999999999	30.186683494591172	27.248045857591983	2.9386376369991893	7	0.21739130434782603	-4.280950333930159	4.690503500852557	-106535.8303307727	
2	C11H6NO	[M + H]+	C11H6NO	0.0	-4.689145122567609	-4.689145122567609	0.0	1	0.0	-11.32955156271103	11.32955156271103	-11.940089938781965	
