rank	molecularFormula	adduct	precursorFormula	ZodiacScore	SiriusScore	TreeScore	IsotopeScore	numExplainedPeaks	explainedIntensity	medianMassErrorFragmentPeaks(ppm)	medianAbsoluteMassErrorFragmentPeaks(ppm)	massErrorPrecursor(ppm)	lipidClass
1	C20H34O2	[M - H2O + H]+	C20H32O	0.9999999999999999	64.96788510926952	64.96788510926952	0.0	28	0.7143839316407209	-1.0645477155444418	6.477091808182309	-62263.753482533015	
1	C20H32O	[M + H]+	C20H32O	0.9999999999999999	64.96788510926952	64.96788510926952	0.0	27	0.7143839316407209	-1.0645477155444418	6.477091808182309	1.99371623918089	
2	C17H36OS	[M + H]+	C17H36OS	0.0	62.424870342803715	62.424870342803715	0.0	26	0.7639836959190688	-2.2714769799831034	6.296679283765512	-9.660876912318924	
2	C17H38O2S	[M - H2O + H]+	C17H36OS	0.0	62.424870342803715	62.424870342803715	0.0	27	0.7639836959190688	-2.2714769799831034	6.296679283765512	-62275.40807568471	
3	C15H36N3OS	[M - H2O + H]+	C15H34N3S	0.0	60.661810048640675	60.661810048640675	0.0	27	0.7639836959190688	-2.2714769799831034	5.9783458779549985	-62270.766176666955	
3	C15H34N3S	[M + H]+	C15H34N3S	0.0	60.661810048640675	60.661810048640675	0.0	26	0.7639836959190688	-2.2714769799831034	5.9783458779549985	-5.018977894957169	
4	C18H32N3O	[M - H2O + H]+	C18H30N3	0.0	55.36556220608258	55.36556220608258	0.0	26	0.7030889358149586	-1.0645477155444418	6.587784479272152	-62259.111583515456	
4	C18H30N3	[M + H]+	C18H30N3	0.0	55.36556220608258	55.36556220608258	0.0	25	0.7030889358149586	-1.0645477155444418	6.587784479272152	6.6356152565426445	
