rank	molecularFormula	adduct	precursorFormula	ZodiacScore	SiriusScore	TreeScore	IsotopeScore	numExplainedPeaks	explainedIntensity	medianMassErrorFragmentPeaks(ppm)	medianAbsoluteMassErrorFragmentPeaks(ppm)	massErrorPrecursor(ppm)	lipidClass
1	C29H52O7	[M + Na]+	C29H52O7	0.7989949748743719	69.23692018217355	63.68474862001916	5.55217156215439	23	0.5671469134504151	1.2553556094184177	4.177268706601296	0.9066887602384989	
2	C27H50N3O6	[M + Na]+	C27H50N3O6	0.18492462311557792	70.48123596611141	64.92146653103285	5.559769435078557	31	0.6559049321695235	1.9727083688691327	4.288102774074766	3.4146861201423255	
3	C24H52N2O9	[M + Na]+	C24H52N2O9	0.016080402010050253	67.88922849744701	64.18971300777045	3.6995154896765516	32	0.664212850983279	2.36339563972644	4.631664066333903	8.420795921632653	
4	C32H50NO4	[M + Na]+	C32H50NO4	0.0	56.60878403196845	53.05872606297249	3.550057968995961	23	0.5703018193290565	0.0028413077063506533	4.177268706601296	-4.099421041251829	
5	C35H48N2O	[M + Na]+	C35H48N2O	0.0	11.901867897106772	11.901867897106772	0.0	8	0.25375959617204746	1.5721825623304095	9.35206440610096	-9.105530842529802	
