rank	molecularFormula	adduct	precursorFormula	ZodiacScore	SiriusScore	TreeScore	IsotopeScore	numExplainedPeaks	explainedIntensity	medianMassErrorFragmentPeaks(ppm)	medianAbsoluteMassErrorFragmentPeaks(ppm)	massErrorPrecursor(ppm)	lipidClass
1	C27H55NO4	[M - H2O + H]+	C27H53NO3	0.9999999999999999	13.82031907449133	8.140435560631342	5.679883513859989	4	0.19318373544795006	1.5417250711942287	1.5417250711942287	-40894.04867806671	
1	C27H53NO3	[M + H]+	C27H53NO3	0.9999999999999999	13.82031907449133	8.140435560631342	5.679883513859989	3	0.19318373544795006	1.5417250711942287	1.5417250711942287	0.9249706377876299	
2	C28H53N2	[M + Na]+	C28H53N2	0.0	1.5832617593073008	-3.6811860035579897	5.264447762865291	1	0.0	0.9186972369809023	0.9186972369809023	0.30194241931853216	
3	C30H51N2	[M + H]+	C30H51N2	0.0	-0.9602401228147119	-4.036624053577539	3.0763839307628267	1	0.0	-4.543679341257551	4.543679341257551	-5.160437527870087	
