rank	molecularFormula	adduct	precursorFormula	ZodiacScore	SiriusScore	TreeScore	IsotopeScore	numExplainedPeaks	explainedIntensity	medianMassErrorFragmentPeaks(ppm)	medianAbsoluteMassErrorFragmentPeaks(ppm)	massErrorPrecursor(ppm)	lipidClass
1	C19H28O2	[M + H]+	C19H28O2	0.9999999999999999	98.79521406151392	98.79521406151392	0.0	27	0.8632511698168823	3.4307336723755535	4.114181423819975	2.0919725645209897	
1	C19H30O3	[M - H2O + H]+	C19H28O2	0.9999999999999999	98.79521406151392	98.79521406151392	0.0	28	0.8632511698168823	3.4307336723755535	4.114181423819975	-62271.48259251459	
2	C16H34O3S	[M - H2O + H]+	C16H32O2S	0.0	73.86651276838434	73.86651276838434	0.0	28	0.8632511698168824	3.4307336723755535	4.626026337692886	-62283.13865075364	
2	C16H32O2S	[M + H]+	C16H32O2S	0.0	73.86651276838434	73.86651276838434	0.0	27	0.8632511698168824	3.4307336723755535	4.626026337692886	-9.564085674508668	
3	C14H32N3O2S	[M - H2O + H]+	C14H30N3OS	0.0	70.43354526260246	70.43354526260246	0.0	28	0.8632511698168824	3.4307336723755535	4.626026337692886	-62278.496168207676	
3	C14H30N3OS	[M + H]+	C14H30N3OS	0.0	70.43354526260246	70.43354526260246	0.0	27	0.8632511698168824	3.4307336723755535	4.626026337692886	-4.921603128552073	
4	C17H26N3O	[M + H]+	C17H26N3O	0.0	70.23420629459264	70.23420629459264	0.0	27	0.8632511698168824	3.6228941693030725	4.626026337692886	6.734455110674126	
4	C17H28N3O2	[M - H2O + H]+	C17H26N3O	0.0	70.23420629459264	70.23420629459264	0.0	28	0.8632511698168824	3.6228941693030725	4.626026337692886	-62266.840109968645	
