rank	molecularFormula	adduct	precursorFormula	ZodiacScore	SiriusScore	TreeScore	IsotopeScore	numExplainedPeaks	explainedIntensity	medianMassErrorFragmentPeaks(ppm)	medianAbsoluteMassErrorFragmentPeaks(ppm)	massErrorPrecursor(ppm)	lipidClass
1	C16H30O2	[M - H2O + H]+	C16H28O	0.9999999999999999	18.843401514102858	18.843401514102858	0.0	3	0.15912806539509536	3.078690177808569	3.078690177808569	-75921.26732261902	
1	C16H28O	[M + H]+	C16H28O	0.9999999999999999	18.843401514102858	18.843401514102858	0.0	2	0.15912806539509536	3.078690177808569	3.078690177808569	1.6595180519419894	
2	C14H26N3	[M + H]+	C14H26N3	0.0	-4.380592226294678	-4.380592226294678	0.0	1	0.0	7.380083312279209	7.380083312279209	7.319557084105231	
