rank	formulaRank	ConfidenceScore	CSI:FingerIDScore	molecularFormula	adduct	InChIkey2D	InChI	name	smiles	xlogp	pubchemids	links	dbflags
1	1	0.16568987390858633	-34.80612383656541	C16H30O2	[M - H2O + H]+	SECPZKHBENQXJG	InChI=1S/C16H30O2/c1-2-3-4-5-6-7-8-9-10-11-12-13-14-15-16(17)18/h7-8H,2-6,9-15H2,1H3,(H,17,18)	zoomarate	CCCCCCC=CCCCCCCCC(=O)O	5.75837898	4668;445638;5282745;5461012;10588002;12313928;21889155;53394425;71309704;71309721;87229078;117064741;123533281;131871180	HMDB:(3229 12328);PNC:(LTS0261591 LTS0166766);SuperNatural:(SN00246739 SN00226427 SN00157933 SN00159315);ZINC bio:(ZINC08221009);additional;MeSH:(445638 5282745 5461012);Plantcyc:(CPD-9245);PubMed;NORMAN:(NS00015112);COCONUT:(CNP0307038 CNP0389934);KNApSAcK:(1234);Natural Products:(UNPD144994 UNPD58059 UNPD220245);PubChem:(4668 445638 5282745 5461012 10588002 12313928 21889155 53394425 71309704 71309721 87229078 117064741 123533281 131871180);CHEBI:(59265 72004 32372 28716 71449);PubChem class - bio and metabolites;KEGG:(C08362);PubChem class - safety and toxic;YMDB:(681);Training Set;PubChem class - drug;Biocyc:(CPD-9245)	68841105790
2	1	N/A	-248.46903044535202	C16H30O2	[M - H2O + H]+	HGKRVDDOQIUQDS	InChI=1S/C16H30O2/c1-14(2,17)12-7-10-15(3)8-6-9-16(4,18-5)13(15)11-12/h12-13,17H,6-11H2,1-5H3	null	CC12CCCC(C1CC(CC2)C(C)(C)O)(C)OC	3.5	57404492	COCONUT:(CNP0313496);Natural Products:(UNPD72056);PubChem:(57404492);PNC:(LTS0223373);SuperNatural:(SN00251409);KEGG Mine	77312589826