rank	molecularFormula	adduct	precursorFormula	ZodiacScore	SiriusScore	TreeScore	IsotopeScore	numExplainedPeaks	explainedIntensity	medianMassErrorFragmentPeaks(ppm)	medianAbsoluteMassErrorFragmentPeaks(ppm)	massErrorPrecursor(ppm)	lipidClass
1	C24H50O11	[M + Na]+	C24H50O11	0.9301507537688442	159.4686125131153	154.034500490956	5.434112022159305	37	0.7041012936966695	2.1849688797781086	3.9409128466064076	1.2208390203497412	
2	C22H48N3O10	[M + Na]+	C22H48N3O10	0.06984924623115578	156.59711796663672	152.31820957315875	4.278908393477959	42	0.7705752821359759	2.350407775737676	4.116944259149033	3.719668457872668	
3	C27H48NO8	[M + Na]+	C27H48NO8	0.0	150.50914117693853	145.3023669140931	5.2067742628454035	37	0.6976328103495735	2.5176834227416878	4.09774196180069	-3.7669710698195535	
4	C34H44NO3	[M + Na]+	C34H44NO3	0.0	126.51900796461439	124.40780267994296	2.1112052846714233	30	0.5955133498486098	3.2180088648868264	4.116944259149033	7.163519662769154	
5	C37H42N2	[M + Na]+	C37H42N2	0.0	10.949535526084906	10.949535526084906	0.0	10	0.19501789154968344	-1.1007351370208984	6.380839546891602	2.1757095725998594	
