rank	molecularFormula	adduct	precursorFormula	ZodiacScore	SiriusScore	TreeScore	IsotopeScore	numExplainedPeaks	explainedIntensity	medianMassErrorFragmentPeaks(ppm)	medianAbsoluteMassErrorFragmentPeaks(ppm)	massErrorPrecursor(ppm)	lipidClass
1	C17H34O4S	[M + K]+	C17H34O4S	0.9989949748743718	16.846299807417125	16.846299807417125	0.0	15	0.7207520891364904	2.360530593689732	6.193217144409749	-8.381567006474782	
2	C15H32N3O3S	[M + K]+	C15H32N3O3S	0.0010050251256281408	10.987107254230187	10.987107254230187	0.0	15	0.7207520891364904	2.360530593689732	6.193217144409749	-4.783593169603137	
3	C20H30O4	[M + K]+	C20H30O4	0.0	4.302632414550454	4.302632414550454	0.0	4	0.15877437325905297	3.2450324407703857	6.102801590269012	0.6520033236080474	
4	C23H28NO	[M + K]+	C23H28NO	0.0	-3.60517018598809	-3.60517018598809	0.0	7	0.30571030640668523	6.826757278247365	6.826757278247365	-6.5297634429158125	
5	C18H28N3O3	[M + K]+	C18H28N3O3	0.0	-3.60517018598809	-3.60517018598809	0.0	7	0.30571030640668523	6.826757278247365	6.826757278247365	4.249977160632016	
