rank	molecularFormula	adduct	precursorFormula	ZodiacScore	SiriusScore	TreeScore	IsotopeScore	numExplainedPeaks	explainedIntensity	medianMassErrorFragmentPeaks(ppm)	medianAbsoluteMassErrorFragmentPeaks(ppm)	massErrorPrecursor(ppm)	lipidClass
1	C17H22O3	[M - H2O + H]+	C17H20O2	0.9999999999999999	85.16897858261119	85.16897858261119	0.0	15	0.5427127211457459	-2.918645307587771	4.307899646169746	-70035.75555313333	
2	C15H20N3O2	[M - H2O + H]+	C15H18N3O	0.0	58.867292361597016	58.867292361597016	0.0	15	0.5427127211457456	-2.918645307587771	4.841715284438884	-70030.53423422719	
3	C12H24N3O2S	[M - H2O + H]+	C12H22N3OS	0.0	53.68625156823781	53.68625156823781	0.0	15	0.6908171861836565	-4.926211146170167	4.926211146170167	-70043.64359902297	
