rank	formulaRank	ConfidenceScore	CSI:FingerIDScore	molecularFormula	adduct	InChIkey2D	InChI	name	smiles	xlogp	pubchemids	links	dbflags
1	1	0.030049837898448433	-246.0144945642312	C17H22O3	[M - H2O + H]+	DWHTYLMRWXUGJL	InChI=1S/C17H22O3/c1-16-8-3-9-17(2,15(19)20)14(16)7-4-11-10-12(18)5-6-13(11)16/h5-6,10,14,18H,3-4,7-9H2,1-2H3,(H,19,20)	13-Hydroxy-8,11,13-podocarpatrien-18-oic acid	CC12CCCC(C1CCC3=C2C=CC(=C3)O)(C)C(=O)O	4.0999999	246620;11558144;72548871;71257650;86310199;86311051;92230664;92230665;133562571	COCONUT:(CNP0120465);Natural Products:(UNPD62706 UNPD227479 UNPD164514 UNPD197236);PubChem:(246620 11558144 72548871 71257650 86310199 86311051 92230664 92230665 133562571);PNC:(LTS0083733);SuperNatural:(SN00375417 SN00338017)	68722655234