rank	molecularFormula	adduct	precursorFormula	ZodiacScore	SiriusScore	TreeScore	IsotopeScore	numExplainedPeaks	explainedIntensity	medianMassErrorFragmentPeaks(ppm)	medianAbsoluteMassErrorFragmentPeaks(ppm)	massErrorPrecursor(ppm)	lipidClass
1	C10H8O3	[M + H]+	C10H8O3	0.7482412060301509	3.5	3.5	0.0	1	0.0	NaN	NaN	2.806460569652975	
2	C3H12N3O2S	[M + Na]+	C3H12N3O2S	0.24874371859296485	2.4304295511984493	2.4304295511984493	0.0	2	0.13025210084033614	1.4647543465273198	1.4647543465273198	4.937119120450705	
3	C11H8N	[M + Na]+	C11H8N	0.0020100502512562816	-3.605170185988091	-3.605170185988091	0.0	1	0.0	NaN	NaN	1.2567284638363596	
4	C8H12NO	[M + K]+	C8H12NO	5.025125628140704E-4	-3.5900072853007123	-3.5900072853007123	0.0	2	0.13025210084033614	15.633170055071227	15.633170055071227	0.3974028359695669	
5	C8H6N3O2	[M + H]+	C8H6N3O2	5.025125628140704E-4	-3.605170185988091	-3.605170185988091	0.0	1	0.0	NaN	NaN	10.38988441638301	
6	C5H10N3O2S	[M + H]+	C5H10N3O2S	0.0	-5.151061161275004	-5.151061161275004	0.0	2	0.13025210084033614	1.4647543465273198	1.4647543465273198	-8.65010746998222	
6	C5H12N3O3S	[M - H2O + H]+	C5H10N3O2S	0.0	-5.151061161275004	-5.151061161275004	0.0	3	0.13025210084033614	1.4647543465273198	1.4647543465273198	-101731.57651443158	
