rank	molecularFormula	adduct	precursorFormula	ZodiacScore	SiriusScore	TreeScore	IsotopeScore	numExplainedPeaks	explainedIntensity	medianMassErrorFragmentPeaks(ppm)	medianAbsoluteMassErrorFragmentPeaks(ppm)	massErrorPrecursor(ppm)	lipidClass
1	C19H30N3O10	[M + Na]+	C19H30N3O10	0.9532663316582916	59.24509110959216	53.59319936094948	5.651891748642686	29	0.6553176553176557	3.6425271196666857	6.46999071085762	4.405074325324634	
2	C24H30NO8	[M + Na]+	C24H30NO8	0.0442211055276382	56.09117334725793	52.4965981465206	3.5945752007373306	28	0.647595647595648	1.891998860670037	6.315706089202182	-3.9204416291823976	
3	C21H32O11	[M + Na]+	C21H32O11	0.0025125628140703522	54.2838915380818	48.234581183797125	6.049310354284672	23	0.5401895401895407	1.5361362829937693	4.450008111945638	1.6262515609888224	
