rank	molecularFormula	adduct	precursorFormula	ZodiacScore	SiriusScore	TreeScore	IsotopeScore	numExplainedPeaks	explainedIntensity	medianMassErrorFragmentPeaks(ppm)	medianAbsoluteMassErrorFragmentPeaks(ppm)	massErrorPrecursor(ppm)	lipidClass
1	C19H28O2	[M - H4O2 + H]+	C19H24	0.9999999999999999	44.09938700802337	44.09938700802337	0.0	16	0.7223771722806267	-0.12567940826487706	4.727944006205289	-142263.65210315282	
1	C19H26O	[M - H2O + H]+	C19H24	0.9999999999999999	44.09938700802337	44.09938700802337	0.0	16	0.7223771722806267	-0.12567940826487706	4.727944006205289	-71130.66258266482	
1	C19H24	[M + H]+	C19H24	0.9999999999999999	44.09938700802337	44.09938700802337	0.0	15	0.7223771722806267	-0.12567940826487706	4.727944006205289	2.3269378229753577	
