rank	molecularFormula	adduct	precursorFormula	ZodiacScore	SiriusScore	TreeScore	IsotopeScore	numExplainedPeaks	explainedIntensity	medianMassErrorFragmentPeaks(ppm)	medianAbsoluteMassErrorFragmentPeaks(ppm)	massErrorPrecursor(ppm)	lipidClass
1	C10H10O4	[M - H2O + H]+	C10H8O3	0.9999999999999999	31.269289561794082	31.269289561794082	0.0	6	0.24593967517401388	3.272605998017974	3.487743327679251	-101719.79325109215	
1	C10H8O3	[M + H]+	C10H8O3	0.9999999999999999	31.269289561794082	31.269289561794082	0.0	5	0.24593967517401388	3.272605998017974	3.487743327679251	3.1029917640788525	
2	C3H12N3O2S	[M + Na]+	C3H12N3O2S	0.0	22.483799386190395	22.483799386190395	0.0	7	0.2759236123505264	3.577700546691406	5.403263555616173	5.233649683068084	
3	C8H8N3O3	[M - H2O + H]+	C8H6N3O2	0.0	19.79696375894747	19.79696375894747	0.0	5	0.23344636801713362	6.698209849859751	8.719915685287255	-101712.20982949398	
3	C8H6N3O2	[M + H]+	C8H6N3O2	0.0	19.79696375894747	19.79696375894747	0.0	4	0.23344636801713362	6.698209849859751	8.719915685287255	10.686413362080845	
4	C8H12NO	[M + K]+	C8H12NO	0.0	18.868459722565518	18.868459722565518	0.0	5	0.24897376405497051	0.8635493873089665	6.320518304159684	0.6939347447582163	
5	C5H10N3O2S	[M + H]+	C5H10N3O2S	0.0	6.6683855756362584	6.6683855756362584	0.0	6	0.06996252007852932	-7.236447937906184	7.236447937906184	-8.353572878317003	
5	C5H12N3O3S	[M - H2O + H]+	C5H10N3O2S	0.0	6.6683855756362584	6.6683855756362584	0.0	7	0.06996252007852932	-7.236447937906184	7.236447937906184	-101731.2498157344	
6	C11H8N	[M + Na]+	C11H8N	0.0	-1.124478609329239	-1.124478609329239	0.0	2	0.013564162056041404	4.620514786171137	4.620514786171137	1.553260117807439	
