rank	formulaRank	ConfidenceScore	CSI:FingerIDScore	molecularFormula	adduct	InChIkey2D	InChI	name	smiles	xlogp	pubchemids	links	dbflags
1	3	0.019378773460303454	-176.3026359335783	C15H22O3	[M + Na]+	AIXQTGFSNZUXLM	InChI=1S/C15H22O3/c1-9(2)11-7-15(3)10(6-14(11)18)4-5-13(17)12(15)8-16/h6,12-13,16-17H,4-5,7-8H2,1-3H3	null	CC(=C1CC2(C(C(CCC2=CC1=O)O)CO)C)C	2.0999999	101509239	COCONUT:(CNP0109350);Natural Products:(UNPD36258);PubChem:(101509239);PNC:(LTS0130273 LTS0216930)	68721606658
2	3	N/A	-189.6582027170199	C15H22O3	[M + Na]+	CUUFUIWPYJIJGQ	InChI=1S/C15H22O3/c1-10(2)8-14(16)9-11(3)12-4-6-13(7-5-12)15(17)18/h6,8,11-12H,4-5,7,9H2,1-3H3,(H,17,18)	null	CC(CC(=O)C=C(C)C)C1CCC(=CC1)C(=O)O	3.29999995	15558836	COCONUT:(CNP0344052);Natural Products:(UNPD188666);PubChem:(15558836);PNC:(LTS0125386 LTS0046359);SuperNatural:(SN00256493);KEGG Mine	77312589826
3	3	N/A	-207.06712525154057	C15H22O3	[M + Na]+	IVWKCWHRLFIGCR	InChI=1S/C15H22O3/c1-10(2)8-14(16)9-11(3)12-4-6-13(7-5-12)15(17)18/h6,9-10,12H,4-5,7-8H2,1-3H3,(H,17,18)	ACMC-20moov	CC(C)CC(=O)C=C(C)C1CCC(=CC1)C(=O)O	3.29999995	71339703;91885239;129316536;133567226	COCONUT:(CNP0198913);KNApSAcK:(11897);Natural Products:(UNPD139196);PubChem:(71339703 91885239 129316536 133567226);PNC:(LTS0128770 LTS0260130);SuperNatural:(SN00299959)	68722655250