rank	molecularFormula	adduct	precursorFormula	ZodiacScore	SiriusScore	TreeScore	IsotopeScore	numExplainedPeaks	explainedIntensity	medianMassErrorFragmentPeaks(ppm)	medianAbsoluteMassErrorFragmentPeaks(ppm)	massErrorPrecursor(ppm)	lipidClass
1	C34H67NO4	[M + Na]+	C34H67NO4	0.9994974874371859	4.009655793323937	4.009655793323937	0.0	2	0.15482695810564662	17.983250158683866	17.983250158683866	0.8047614665770743	
2	C37H65N2O	[M + Na]+	C37H65N2O	5.025125628140704E-4	-3.2501828230904235	-3.2501828230904235	0.0	2	0.15482695810564662	17.983250158683866	17.983250158683866	-3.8441394320782054	
