rank	molecularFormula	adduct	precursorFormula	ZodiacScore	SiriusScore	TreeScore	IsotopeScore	numExplainedPeaks	explainedIntensity	medianMassErrorFragmentPeaks(ppm)	medianAbsoluteMassErrorFragmentPeaks(ppm)	massErrorPrecursor(ppm)	lipidClass
1	C20H28O3	[M + H]+	C20H28O3	0.9999999999999999	130.000511353581	130.000511353581	0.0	41	0.900807115187264	0.4382658318115528	3.599208799087457	2.1623100924091077	
2	C17H32O3S	[M + H]+	C17H32O3S	0.0	97.50088228480027	97.50088228480027	0.0	40	0.8826308441888634	0.30168741355962425	4.1785671514551215	-8.465062295302967	
3	C18H26N3O2	[M + H]+	C18H26N3O2	0.0	96.06918835025	96.06918835025	0.0	38	0.8776753603357897	0.30168741355962425	3.971023350121527	6.395078135150947	
4	C23H26N	[M + H]+	C23H26N	0.0	93.50089261531312	93.50089261531312	0.0	35	0.8632341928385865	-1.0645477155444418	3.615707053543347	-6.286543134062194	
5	C15H30N3O2S	[M + H]+	C15H30N3O2S	0.0	92.42566556155417	92.42566556155417	0.0	39	0.8905078446418835	-0.13786660358183572	3.601742546533188	-4.232294252202735	
