rank	molecularFormula	adduct	precursorFormula	ZodiacScore	SiriusScore	TreeScore	IsotopeScore	numExplainedPeaks	explainedIntensity	medianMassErrorFragmentPeaks(ppm)	medianAbsoluteMassErrorFragmentPeaks(ppm)	massErrorPrecursor(ppm)	lipidClass
1	C17H39NO3	[M - H2O + H]+	C17H37NO2	0.9999999999999999	65.695593716281	65.695593716281	0.0	27	0.8124234330126727	1.836246296718191	4.222462111662097	-62472.05369368286	
1	C17H37NO2	[M + H]+	C17H37NO2	0.9999999999999999	65.695593716281	65.695593716281	0.0	26	0.8124234330126727	1.836246296718191	4.222462111662097	1.6803745289694678	
