rank	molecularFormula	adduct	precursorFormula	ZodiacScore	SiriusScore	TreeScore	IsotopeScore	numExplainedPeaks	explainedIntensity	medianMassErrorFragmentPeaks(ppm)	medianAbsoluteMassErrorFragmentPeaks(ppm)	massErrorPrecursor(ppm)	lipidClass
1	C9H8O3	[M - H2O + H]+	C9H6O2	0.9999999999999999	14.220225538049057	14.220225538049057	0.0	5	0.14357682619647352	-6.9703680145532525	6.9703680145532525	-122480.01020614863	
1	C9H6O2	[M + H]+	C9H6O2	0.9999999999999999	14.220225538049057	14.220225538049057	0.0	4	0.14357682619647352	-6.9703680145532525	6.9703680145532525	3.678894665222234	
2	C7H6N3O2	[M - H2O + H]+	C7H4N3O	0.0	4.502846702148257	4.502846702148257	0.0	4	0.12248110831234255	6.731871768879135	6.731871768879135	-122470.87907158954	
2	C7H4N3O	[M + H]+	C7H4N3O	0.0	4.502846702148257	4.502846702148257	0.0	3	0.12248110831234255	6.731871768879135	6.731871768879135	12.810029224468213	
3	C2H10N3OS	[M + Na]+	C2H10N3OS	0.0	2.950674601292518	2.950674601292518	0.0	2	0.026763224181360196	4.647322233254105	4.647322233254105	6.244402056071737	
4	C7H10N	[M + K]+	C7H10N	0.0	-3.6531852705477545	-3.6531852705477545	0.0	1	0.0	0.7996207237194212	0.7996207237194212	0.7781692448952101	
5	C4H10N3O2S	[M - H2O + H]+	C4H8N3OS	0.0	-5.676284930385388	-5.676284930385388	0.0	3	0.0163727959697733	-2.815598824004316	7.278808522656408	-122493.8049598732	
5	C4H8N3OS	[M + H]+	C4H8N3OS	0.0	-5.676284930385388	-5.676284930385388	0.0	2	0.0163727959697733	-2.815598824004316	7.278808522656408	-10.115859059178135	
