rank	molecularFormula	adduct	precursorFormula	ZodiacScore	SiriusScore	TreeScore	IsotopeScore	numExplainedPeaks	explainedIntensity	medianMassErrorFragmentPeaks(ppm)	medianAbsoluteMassErrorFragmentPeaks(ppm)	massErrorPrecursor(ppm)	lipidClass
1	C23H44OS2	[M + Na]+	C23H44OS2	0.534673366834171	60.55905719927772	60.55905719927772	0.0	18	0.6785270997103846	2.9620482712954095	4.6430423271316155	-0.40574477439808254	
2	C26H40OS	[M + Na]+	C26H40OS	0.32412060301507534	60.03136010161529	60.03136010161529	0.0	18	0.6785270997103846	2.9620482712954095	4.6430423271316155	7.558695960160637	
3	C25H38NO3	[M + Na]+	C25H38NO3	0.13316582914572866	58.63627155299607	58.63627155299607	0.0	18	0.685560612329334	1.8422693242242394	2.9620482712954095	-4.684426706266458	
4	C22H40O6	[M + Na]+	C22H40O6	0.008040201005025126	55.84358364888341	55.84358364888341	0.0	13	0.5175837815473728	3.8613692540171876	3.8613692540171876	1.6473727585777949	
5	C20H38N3O5	[M + Na]+	C20H38N3O5	0.0	52.61138405301455	52.61138405301455	0.0	18	0.6748034753827057	3.511962411468589	4.597426943409398	4.819523784218963	
6	C21H42N3S2	[M + Na]+	C21H42N3S2	0.0	50.144208556279025	50.144208556279025	0.0	18	0.6785270997103846	2.9620482712954095	4.6430423271316155	2.7664062512430854	
