rank	molecularFormula	adduct	precursorFormula	ZodiacScore	SiriusScore	TreeScore	IsotopeScore	numExplainedPeaks	explainedIntensity	medianMassErrorFragmentPeaks(ppm)	medianAbsoluteMassErrorFragmentPeaks(ppm)	massErrorPrecursor(ppm)	lipidClass
1	C29H59NO4	[M - H2O + H]+	C29H57NO3	0.9999999999999999	77.12744665608051	77.12744665608051	0.0	25	0.6843368237347296	1.0493830103392847	4.84369872033672	-38446.46242612086	
1	C29H57NO3	[M + H]+	C29H57NO3	0.9999999999999999	77.12744665608051	77.12744665608051	0.0	24	0.6843368237347296	1.0493830103392847	4.84369872033672	1.3582466885270361	
2	C32H55N2	[M + H]+	C32H55N2	0.0	67.91951877425494	67.91951877425494	0.0	23	0.4114310645724259	0.9253396434017375	5.217506593168388	-4.36301098690051	
2	C32H57N2O	[M - H2O + H]+	C32H55N2	0.0	67.91951877425494	67.91951877425494	0.0	24	0.4114310645724259	0.9253396434017375	5.217506593168388	-38452.183683796175	
3	C30H57N2	[M + Na]+	C30H57N2	0.0	64.50585407147322	64.50585407147322	0.0	24	0.44431719022687616	1.0493830103392847	5.025634208326671	0.7725004444147449	
