rank	molecularFormula	adduct	precursorFormula	ZodiacScore	SiriusScore	TreeScore	IsotopeScore	numExplainedPeaks	explainedIntensity	medianMassErrorFragmentPeaks(ppm)	medianAbsoluteMassErrorFragmentPeaks(ppm)	massErrorPrecursor(ppm)	lipidClass
1	C14H12O4	[M + H]+	C14H12O4	0.9999999999999999	42.7546104493635	37.42504522304148	5.32956522632202	8	0.5194862710363152	2.408433519396662	3.002998502677956	2.184367935657905	
1	C14H14O5	[M - H2O + H]+	C14H12O4	0.9999999999999999	42.7546104493635	37.42504522304148	5.32956522632202	9	0.5194862710363152	2.408433519396662	3.002998502677956	-73485.91729889227	
2	C12H10N3O3	[M + H]+	C12H10N3O3	0.0	36.105132658941244	32.04591264324096	4.059220015700286	11	0.5916740478299378	7.782589415057361	8.98057862649133	7.662891237409894	
2	C12H12N3O4	[M - H2O + H]+	C12H10N3O3	0.0	36.105132658941244	32.04591264324096	4.059220015700286	12	0.5916740478299378	7.782589415057361	8.98057862649133	-73480.43877559052	
3	C17H12NO2	[M - H2O + H]+	C17H10NO	0.0	16.064774804336533	14.243751593482227	1.8210232108543059	8	0.466341895482728	2.5128002697136713	3.49319673564224	-73496.8527526672	
3	C17H10NO	[M + H]+	C17H10NO	0.0	16.064774804336533	14.243751593482227	1.8210232108543059	7	0.466341895482728	2.5128002697136713	3.49319673564224	-8.75108583926261	
