rank	molecularFormula	adduct	precursorFormula	ZodiacScore	SiriusScore	TreeScore	IsotopeScore	numExplainedPeaks	explainedIntensity	medianMassErrorFragmentPeaks(ppm)	medianAbsoluteMassErrorFragmentPeaks(ppm)	massErrorPrecursor(ppm)	lipidClass
1	C32H66O11	[M + Na]+	C32H66O11	0.9663316582914574	95.23556514800329	89.41586725114352	5.819697896859759	42	0.8211456033251074	-2.5739726830624465	5.342431911707969	0.9963314872906432	
2	C39H62O6	[M + Na]+	C39H62O6	0.030653266331658293	91.18035642741928	90.85561558582948	0.3247408415897972	42	0.8211456033251074	-2.5739726830624465	5.440522572182706	10.039713667945236	
3	C38H62N2O5	[M + Na]+	C38H62N2O5	0.0015075376884422112	88.59297067125252	88.59297067125252	0.0	42	0.8211456033251074	-3.1647857075046106	5.440522572182706	-7.257034989016441	
4	C30H64N3O10	[M + Na]+	C30H64N3O10	0.0015075376884422112	87.19739646826905	81.6528109224949	5.544585545774151	42	0.8211456033251074	-2.5739726830624465	5.342431911707969	3.0637473206875963	
5	C35H64NO8	[M + Na]+	C35H64NO8	0.0	85.56601688581378	81.95139280752456	3.6146240782892303	42	0.8211456033251074	-3.1647857075046106	5.342431911707969	-3.130351750687848	
6	C42H60NO3	[M + Na]+	C42H60NO3	0.0	82.45727321900706	82.45727321900706	0.0	42	0.8211456033251074	-2.5739726830624465	5.440522572182706	5.913030429966745	
7	C45H58N2	[M + Na]+	C45H58N2	0.0	63.14041618965521	63.14041618965521	0.0	32	0.6858033510845565	-0.7716793619525265	4.0793872231132475	1.7863471916381521	
