rank	molecularFormula	adduct	precursorFormula	ZodiacScore	SiriusScore	TreeScore	IsotopeScore	numExplainedPeaks	explainedIntensity	medianMassErrorFragmentPeaks(ppm)	medianAbsoluteMassErrorFragmentPeaks(ppm)	massErrorPrecursor(ppm)	lipidClass
1	C7H4N3O2	[M - H2O + H]+	C7H2N3O	0.5477386934673367	0.8553992530334185	0.8553992530334185	0.0	3	0.08119658119658119	6.390344064332406	6.390344064332406	-124173.67779432921	
1	C7H2N3O	[M + H]+	C7H2N3O	0.5477386934673367	0.8553992530334185	0.8553992530334185	0.0	2	0.08119658119658119	6.390344064332406	6.390344064332406	12.395142816281098	
2	C9H4O2	[M + H]+	C9H4O2	0.4065326633165829	3.5	3.5	0.0	1	0.0	NaN	NaN	3.1370958820475106	
3	C2H8N3OS	[M + Na]+	C2H8N3OS	0.03618090452261307	-0.6332152304773917	-0.6332152304773917	0.0	2	0.08119658119658119	-2.0043483865105887	2.0043483865105887	5.738260904915072	
4	C4H10O2S	[M + Na]+	C4H10O2S	0.009045226130653268	-0.6094379124341003	-0.6094379124341003	0.0	1	0.0	NaN	NaN	-3.5197860293185146	
5	C7H8N	[M + K]+	C7H8N	5.025125628140704E-4	-3.605170185988091	-3.605170185988091	0.0	1	0.0	NaN	NaN	0.19605368072333704	
6	C4H6N3OS	[M + H]+	C4H6N3OS	0.0	-5.214608098422191	-5.214608098422191	0.0	1	0.0	NaN	NaN	-10.849389214415494	
