rank	molecularFormula	adduct	precursorFormula	ZodiacScore	SiriusScore	TreeScore	IsotopeScore	numExplainedPeaks	explainedIntensity	medianMassErrorFragmentPeaks(ppm)	medianAbsoluteMassErrorFragmentPeaks(ppm)	massErrorPrecursor(ppm)	lipidClass
1	C24H44N2O7	[M + Na]+	C24H44N2O7	0.9688442211055277	12.03977441265075	9.394432103776186	2.6453423088745636	3	0.18945102260495159	-8.035293164428069	8.035293164428069	-7.167562739601332	
2	C21H46NO10	[M + Na]+	C21H46NO10	0.018592964824120605	8.211128875954707	6.795606610751863	1.4155222652028436	2	0.09580193756727666	-0.7719503831214404	0.7719503831214404	-1.756552900016671	
3	C36H40	[M + Na]+	C36H40	0.009547738693467337	7.395766403665192	3.5	3.895766403665192	1	0.0	NaN	NaN	-3.4315117635095227	
4	C31H40N2O2	[M + Na]+	C31H40N2O2	0.003015075376884423	6.427347439972456	1.0	5.427347439972456	1	0.0	NaN	NaN	4.690345207097767	
