rank	molecularFormula	adduct	precursorFormula	ZodiacScore	SiriusScore	TreeScore	IsotopeScore	numExplainedPeaks	explainedIntensity	medianMassErrorFragmentPeaks(ppm)	medianAbsoluteMassErrorFragmentPeaks(ppm)	massErrorPrecursor(ppm)	lipidClass
1	C34H72N2O9	[M + H]+	C34H72N2O9	0.9999999999999999	39.20160501832578	33.356421024851144	5.845183993474633	18	0.30193493514777797	4.617080856895832	5.885292428979458	3.4143794019975107	
2	C37H70N3O6	[M + H]+	C37H70N3O6	0.0	32.45597091362114	26.36313132868875	6.092839584932388	16	0.27556878588135236	5.885292428979458	5.885292428979458	-0.6865226363450553	
3	C39H72O7	[M + H]+	C39H72O7	0.0	18.200615104524566	12.85056266350787	5.350052441016697	9	0.12034871358707208	5.836023422690131	6.918149166749621	-2.741022416259091	
4	C46H68O2	[M + H]+	C46H68O2	0.0	16.814596085635777	14.524470666561683	2.2901254190740934	8	0.10759089942589838	6.377086294719875	7.683456590743596	6.245861790232891	
5	C44H66N3O	[M + H]+	C44H66N3O	0.0	10.318644960544976	7.565090890009589	2.753554070535387	15	0.23091643631724432	6.6627895762726785	7.091944026367903	8.300361569972969	
6	C42H70NO4	[M + H]+	C42H70NO4	0.0	8.09468400783143	4.878388909919401	3.2162950979120293	8	0.10674037848182012	7.555776795505125	8.67435800106155	-6.841924454601656	
