rank	molecularFormula	adduct	precursorFormula	ZodiacScore	SiriusScore	TreeScore	IsotopeScore	numExplainedPeaks	explainedIntensity	medianMassErrorFragmentPeaks(ppm)	medianAbsoluteMassErrorFragmentPeaks(ppm)	massErrorPrecursor(ppm)	lipidClass
1	C9H6O3	[M - H2O + H]+	C9H4O2	0.9999999999999999	6.2209937876801895	6.2209937876801895	0.0	4	0.0694042799305957	-9.258401634225589	9.258401634225589	-124182.49062009994	
1	C9H4O2	[M + H]+	C9H4O2	0.9999999999999999	6.2209937876801895	6.2209937876801895	0.0	3	0.0694042799305957	-9.258401634225589	9.258401634225589	3.533134420264989	
2	C4H10O2S	[M + Na]+	C4H10O2S	0.0	0.08251663340284754	0.08251663340284754	0.0	2	0.03181029496818969	13.191123735432623	13.191123735432623	-3.123744854710984	
3	C7H4N3O2	[M - H2O + H]+	C7H2N3O	0.0	-1.973409907590054	-1.973409907590054	0.0	3	0.03181029496818969	3.3502800368061263	3.3502800368061263	-124173.23257683247	
3	C7H2N3O	[M + H]+	C7H2N3O	0.0	-1.973409907590054	-1.973409907590054	0.0	2	0.03181029496818969	3.3502800368061263	3.3502800368061263	12.7911776879437	
4	C7H8N	[M + K]+	C7H8N	0.0	-2.2611817462384316	-2.2611817462384316	0.0	2	0.03181029496818969	-13.028414200164802	13.028414200164802	0.5920933837105239	
5	C4H6N3OS	[M + H]+	C4H6N3OS	0.0	-4.717910975892217	-4.717910975892217	0.0	2	0.03181029496818969	3.3502800368061263	3.3502800368061263	-10.453345136993525	
5	C4H8N3O2S	[M - H2O + H]+	C4H6N3OS	0.0	-4.717910975892217	-4.717910975892217	0.0	3	0.03181029496818969	3.3502800368061263	3.3502800368061263	-124196.47709965741	
6	C2H8N3OS	[M + Na]+	C2H8N3OS	0.0	-5.214608098422191	-5.214608098422191	0.0	1	0.0	NaN	NaN	6.134298412967726	
