rank	molecularFormula	adduct	precursorFormula	ZodiacScore	SiriusScore	TreeScore	IsotopeScore	numExplainedPeaks	explainedIntensity	medianMassErrorFragmentPeaks(ppm)	medianAbsoluteMassErrorFragmentPeaks(ppm)	massErrorPrecursor(ppm)	lipidClass
1	C14H28N3O6	[M + Na]+	C14H28N3O6	0.9989949748743718	23.75649230852271	20.88468986656097	2.87180244196174	14	0.2224548547500655	3.301371277817824	5.539366704716602	4.795446852058912	
2	C16H30O7	[M + Na]+	C16H30O7	0.0010050251256281408	15.685777659563476	12.235971249071994	3.449806410491482	9	0.14943732007327926	1.752573314173714	1.8207152290352255	1.0364146265860747	
3	C16H32NO5	[M + K]+	C16H32NO5	0.0	1.5172527672576654	1.5172527672576654	0.0	8	0.1319026432870976	-2.296020601217725	4.168286118330812	-6.892793799082323	
4	C19H28NO4	[M + Na]+	C19H28NO4	0.0	0.5505340426582168	-0.6152817410613016	1.1658157837195184	8	0.12091075634650615	1.1286611771743937	2.8801436748493723	-6.466834128022866	
