rank	molecularFormula	adduct	precursorFormula	ZodiacScore	SiriusScore	TreeScore	IsotopeScore	numExplainedPeaks	explainedIntensity	medianMassErrorFragmentPeaks(ppm)	medianAbsoluteMassErrorFragmentPeaks(ppm)	massErrorPrecursor(ppm)	lipidClass
1	C11H24OS	[M + Na]+	C11H24OS	0.8316582914572864	46.94771377648943	46.94771377648943	0.0	17	0.7562202963377133	2.099375667389382	7.095484370562083	-2.019337329921577	
2	C16H20O2	[M - H2O + H]+	C16H18O	0.16834170854271358	42.81720164307796	42.81720164307796	0.0	9	0.4931506849315068	2.3758819469968717	4.281686530416589	-79289.321883118	
2	C16H18O	[M + H]+	C16H18O	0.16834170854271358	42.81720164307796	42.81720164307796	0.0	8	0.4931506849315068	2.3758819469968717	4.281686530416589	2.2310145147654574	
3	C14H16N3	[M + H]+	C14H16N3	0.0	33.92801513726823	33.92801513726823	0.0	8	0.4931506849315068	2.3758819469968717	4.281686530416589	8.142183946671828	
3	C14H18N3O	[M - H2O + H]+	C14H16N3	0.0	33.92801513726823	33.92801513726823	0.0	9	0.4931506849315068	2.3758819469968717	4.281686530416589	-79283.41071368608	
4	C9H22N3S	[M + Na]+	C9H22N3S	0.0	29.782100221561713	29.782100221561713	0.0	13	0.6617277047805424	0.8229078981746851	6.440504980542039	3.891832101984793	
5	C11H20N3S	[M + H]+	C11H20N3S	0.0	28.028121988299915	28.028121988299915	0.0	9	0.4596030192899077	3.3287842387067306	7.696646898420335	-6.69921491152016	
5	C11H22N3OS	[M - H2O + H]+	C11H20N3S	0.0	28.028121988299915	28.028121988299915	0.0	10	0.4596030192899077	3.3287842387067306	7.696646898420335	-79298.25211254429	
