rank	molecularFormula	adduct	precursorFormula	ZodiacScore	SiriusScore	TreeScore	IsotopeScore	numExplainedPeaks	explainedIntensity	medianMassErrorFragmentPeaks(ppm)	medianAbsoluteMassErrorFragmentPeaks(ppm)	massErrorPrecursor(ppm)	lipidClass
1	C6H8O4	[M + H]+	C6H8O4	0.9326633165829146	3.5	3.5	0.0	1	0.0	NaN	NaN	3.403541443849136	
2	C4H12NO2	[M + K]+	C4H12NO2	0.064321608040201	1.0	1.0	0.0	1	0.0	NaN	NaN	0.4629284477031707	
3	C7H8NO	[M + Na]+	C7H8NO	0.0025125628140703522	-3.605170185988091	-3.605170185988091	0.0	1	0.0	NaN	NaN	1.5118630890507436	
4	C4H6N3O3	[M + H]+	C4H6N3O3	5.025125628140704E-4	-3.605170185988091	-3.605170185988091	0.0	1	0.0	NaN	NaN	12.660237291830889	
