rank	molecularFormula	adduct	precursorFormula	ZodiacScore	SiriusScore	TreeScore	IsotopeScore	numExplainedPeaks	explainedIntensity	medianMassErrorFragmentPeaks(ppm)	medianAbsoluteMassErrorFragmentPeaks(ppm)	massErrorPrecursor(ppm)	lipidClass
1	C19H30O4	[M + Na]+	C19H30O4	0.9919597989949748	142.18434485520447	142.18434485520447	0.0	28	0.5953243928959767	1.7695286886481376	5.618442688083844	1.9533355411392732	
2	C16H34O4S	[M + Na]+	C16H34O4S	0.008040201005025128	141.0030690223053	141.0030690223053	0.0	33	0.6736136281261327	-0.12754774128919547	6.41951097486543	-7.812266905327176	
3	C14H32N3O3S	[M + Na]+	C14H32N3O3S	0.0	136.664952090404	136.664952090404	0.0	43	0.8144255164914824	-0.05502858720198348	6.049594125829545	-3.9227325551414234	
4	C17H28N3O3	[M + Na]+	C17H28N3O3	0.0	129.5449899704647	129.5449899704647	0.0	34	0.6868430590793766	1.4567368950094242	5.9956127665153245	5.842869891489692	
5	C22H28NO	[M + Na]+	C22H28NO	0.0	120.58677782584196	120.58677782584196	0.0	28	0.5869880391446176	1.7695286886481376	6.214746617217802	-5.810403107306471	
