rank	molecularFormula	adduct	precursorFormula	ZodiacScore	SiriusScore	TreeScore	IsotopeScore	numExplainedPeaks	explainedIntensity	medianMassErrorFragmentPeaks(ppm)	medianAbsoluteMassErrorFragmentPeaks(ppm)	massErrorPrecursor(ppm)	lipidClass
1	C39H56N2O3	[M + Na]+	C39H56N2O3	0.9090452261306534	110.44865159710646	108.77528793546928	1.6733636616371879	39	0.7036546240758822	2.897890015764146	7.518415439287315	-7.808024528565616	
2	C28H60N2O11	[M + Na]+	C28H60N2O11	0.07487437185929649	108.30622165230857	104.2998815580451	4.006340094263466	39	0.7036546240758822	2.897890015764146	7.518415439287315	7.242841071584178	
3	C31H58N3O8	[M + Na]+	C31H58N3O8	0.016080402010050253	112.431497151777	106.57326351733974	5.858233634437262	45	0.7812805133212442	3.370038643547169	6.7008003273692776	2.9438064355365188	
4	C33H60O9	[M + Na]+	C33H60O9	0.0	101.66898808928065	95.45543868075309	6.2135494085275615	38	0.7102106290975032	3.96662488568867	6.867647301042424	0.7900447433473411	
5	C36H58NO6	[M + Na]+	C36H58NO6	0.0	95.62427864223073	90.80332961987702	4.8209490223537115	42	0.742572185799972	3.5014014450438267	6.5339533536961305	-3.5089898927003182	
