rank	molecularFormula	adduct	precursorFormula	ZodiacScore	SiriusScore	TreeScore	IsotopeScore	numExplainedPeaks	explainedIntensity	medianMassErrorFragmentPeaks(ppm)	medianAbsoluteMassErrorFragmentPeaks(ppm)	massErrorPrecursor(ppm)	lipidClass
1	C18H38O7	[M + Na]+	C18H38O7	0.9979899497487437	41.12520140083673	35.36665859188885	5.7585428089478805	14	0.3377685377685379	3.275525381958041	4.699766073750199	1.4192424497326726	
2	C16H36N3O6	[M + Na]+	C16H36N3O6	0.0020100502512562816	34.187090464022766	29.337978741169906	4.84911172285286	20	0.44864864864864873	2.311665097782395	5.2134668613543536	4.868641894345066	
3	C21H36NO4	[M + Na]+	C21H36NO4	0.0	31.61347761610812	28.96091618969956	2.6525614264085586	18	0.39902979902979907	-1.763457660244058	5.2134668613543536	-5.465961117172403	
