rank	molecularFormula	adduct	precursorFormula	ZodiacScore	SiriusScore	TreeScore	IsotopeScore	numExplainedPeaks	explainedIntensity	medianMassErrorFragmentPeaks(ppm)	medianAbsoluteMassErrorFragmentPeaks(ppm)	massErrorPrecursor(ppm)	lipidClass
1	C35H74N3O9	[M + Na]+	C35H74N3O9	0.8336683417085426	13.87577598354165	6.442403083254362	7.433372900287289	13	0.25215123859191646	-1.59114346301736	2.947053729922411	2.9372800993793433	
2	C37H76O10	[M + Na]+	C37H76O10	0.10150753768844223	12.004552265273443	4.958551787160885	7.046000478112558	2	0.01486310299869621	0.5236648981300676	0.5236648981300676	1.0287946606408966	
3	C40H74NO7	[M + Na]+	C40H74NO7	0.06482412060301508	10.740594535617474	7.0686843564292525	3.671910179188221	11	0.22711864406779647	-6.514359194636682	6.514359194636682	-2.780654190631193	
4	C44H72O5	[M + Na]+	C44H72O5	0.0	3.6545537091473	3.6545537091473	0.0	2	0.01486310299869621	9.064608927722494	9.064608927722494	9.376976449960118	
5	C43H72N2O4	[M + Na]+	C43H72N2O4	0.0	1.476668393199791	1.476668393199791	0.0	2	0.01486310299869621	-7.271155637267821	7.271155637267821	-6.590103041903282	
6	C47H70NO2	[M + Na]+	C47H70NO2	0.0	-2.806909503671741	-2.806909503671741	0.0	2	0.01486310299869621	5.167198660273403	5.167198660273403	5.5675275988496224	
