rank	molecularFormula	adduct	precursorFormula	ZodiacScore	SiriusScore	TreeScore	IsotopeScore	numExplainedPeaks	explainedIntensity	medianMassErrorFragmentPeaks(ppm)	medianAbsoluteMassErrorFragmentPeaks(ppm)	massErrorPrecursor(ppm)	lipidClass
1	C18H30O4	[M - H4O2 + H]+	C18H26O2	0.9999999999999999	101.05196150995624	101.05196150995624	0.0	20	0.49504424778761064	1.3105762875841647	5.561033796344315	-130888.05576236483	
1	C18H28O3	[M - H2O + H]+	C18H26O2	0.9999999999999999	101.05196150995624	101.05196150995624	0.0	20	0.49504424778761064	1.3105762875841647	5.561033796344315	-65442.96179248879	
1	C18H26O2	[M + H]+	C18H26O2	0.9999999999999999	101.05196150995624	101.05196150995624	0.0	19	0.49504424778761064	1.3105762875841647	5.561033796344315	2.1321773870287593	
2	C13H30N3O2S	[M - H2O + H]+	C13H28N3OS	0.0	99.89142260397279	99.89142260397279	0.0	24	0.6221238938053097	-4.7065644400687	5.797492043740169	-65450.33256128584	
2	C13H32N3O3S	[M - H4O2 + H]+	C13H28N3OS	0.0	99.89142260397279	99.89142260397279	0.0	24	0.6221238938053097	-4.7065644400687	5.797492043740169	-130895.42653116207	
2	C13H28N3OS	[M + H]+	C13H28N3OS	0.0	99.89142260397279	99.89142260397279	0.0	23	0.6221238938053097	-4.7065644400687	5.797492043740169	-5.2385914100226705	
3	C16H28N3O3	[M - H4O2 + H]+	C16H24N3O	0.0	77.04614342883986	77.04614342883986	0.0	20	0.49504424778761064	1.6158657487183263	5.717208258968217	-130883.17684368046	
3	C16H26N3O2	[M - H2O + H]+	C16H24N3O	0.0	77.04614342883986	77.04614342883986	0.0	20	0.49504424778761064	1.6158657487183263	5.717208258968217	-65438.08287380465	
3	C16H24N3O	[M + H]+	C16H24N3O	0.0	77.04614342883986	77.04614342883986	0.0	19	0.49504424778761064	1.6158657487183263	5.717208258968217	7.011096071373507	
