rank	molecularFormula	adduct	precursorFormula	ZodiacScore	SiriusScore	TreeScore	IsotopeScore	numExplainedPeaks	explainedIntensity	medianMassErrorFragmentPeaks(ppm)	medianAbsoluteMassErrorFragmentPeaks(ppm)	massErrorPrecursor(ppm)	lipidClass
1	C19H44N3O3S2	[M + Na]+	C19H44N3O3S2	0.9999999999999999	53.26400054244351	53.26400054244351	0.0	25	0.6040784917275877	0.5738727836334462	6.598317761463386	2.6717628464718195	
2	C18H40N3O8	[M + Na]+	C18H40N3O8	0.0	33.135141309027915	30.263954166870455	2.871187142157461	21	0.4613312812620239	-3.425402947499885	8.679249553494135	4.606061876613432	
3	C24H42O4S	[M + Na]+	C24H42O4S	0.0	26.82377951664437	26.82377951664437	0.0	13	0.2947287418237784	-1.6166062032316662	6.859914543037741	7.186712033539296	
4	C20H42O9	[M + Na]+	C20H42O9	0.0	16.529524376009817	13.625727781921002	2.9037965940888153	12	0.24317045017314348	0.4190466014163785	6.585315417729925	1.6174903242249232	
5	C23H40NO6	[M + Na]+	C23H40NO6	0.0	12.683172231005432	12.683172231005432	0.0	13	0.2724124663332051	0.15632185509488217	6.585371307418091	-4.3478737467488155	
6	C27H40NOS	[M + Na]+	C27H40NOS	0.0	4.521416084441171	4.521416084441171	0.0	8	0.15082724124663335	-2.473625563355485	6.585315417729925	1.2213479625655574	
7	C24H44NOS2	[M + Na]+	C24H44NOS2	0.0	2.774832842140097	2.774832842140097	0.0	5	0.08888033859176607	-6.115277906884323	6.859914543037741	-6.282172776890428	
8	C30H36NO	[M + Na]+	C30H36NO	0.0	-0.6370745157723898	-0.6370745157723898	0.0	8	0.15082724124663333	-0.19160939061888457	2.473625563355485	8.724868702148067	
