rank	molecularFormula	adduct	precursorFormula	ZodiacScore	SiriusScore	TreeScore	IsotopeScore	numExplainedPeaks	explainedIntensity	medianMassErrorFragmentPeaks(ppm)	medianAbsoluteMassErrorFragmentPeaks(ppm)	massErrorPrecursor(ppm)	lipidClass
1	C31H58O6	[M + Na]+	C31H58O6	0.9979899497487437	34.34622744745646	34.34622744745646	0.0	8	0.7348678601875532	0.5713949659112701	2.9328417494152634	1.4477075269339508	
2	C29H56N3O5	[M + Na]+	C29H56N3O5	0.0020100502512562816	27.935406983996582	27.935406983996582	0.0	8	0.7348678601875532	0.5713949659112701	2.9328417494152634	3.891557837641483	
3	C34H56NO3	[M + Na]+	C34H56NO3	0.0	13.829274811225151	13.829274811225151	0.0	4	0.4603580562659846	1.429597533451285	3.6932241322243566	-3.4303610027224365	
4	C37H54N2	[M + Na]+	C37H54N2	0.0	1.0	1.0	0.0	1	0.0	NaN	NaN	-8.3084295321719	
