rank	molecularFormula	adduct	precursorFormula	ZodiacScore	SiriusScore	TreeScore	IsotopeScore	numExplainedPeaks	explainedIntensity	medianMassErrorFragmentPeaks(ppm)	medianAbsoluteMassErrorFragmentPeaks(ppm)	massErrorPrecursor(ppm)	lipidClass
1	C40H82N2O11	[M - H2O + H]+	C40H80N2O10	0.9618090452261306	24.466732945506973	18.462060958000993	6.004671987505979	12	0.3057553956834532	2.8321970517222095	4.037915992452561	-24023.447325889716	
2	C43H80N3O8	[M - H2O + H]+	C43H78N3O7	0.03819095477386935	21.042414115096143	15.323433919762408	5.718980195333735	12	0.3017585931254995	1.643371276999429	1.9042828168381465	-24027.02270857197	
3	C48H80NO6	[M - H2O + H]+	C48H78NO5	0.0	13.365845590261298	12.053670640938668	1.3121749493226296	11	0.290167865707434	0.725775179618398	3.563490187329345	-24032.389312518575	
4	C45H82O9	[M - H2O + H]+	C45H80O8	0.0	8.202040903293579	3.3882829648736665	4.813757938419912	2	0.0	-1.3286863013805286	1.3286863013805286	-24028.81392983632	
