rank	formulaRank	ConfidenceScore	CSI:FingerIDScore	molecularFormula	adduct	InChIkey2D	InChI	name	smiles	xlogp	pubchemids	links	dbflags
1	1	N/A	-218.7070603409007	C30H26O14	[M - H2O + H]+	MNKQAVLCMUQMSD	InChI=1S/C30H26O14/c31-13-6-17(34)15-10-24(28(42-22(15)8-13)11-1-2-16(33)18(35)3-11)44-30(12-4-20(37)26(39)21(38)5-12)29(41)27(40)25-19(36)7-14(32)9-23(25)43-30/h1-9,24,27-29,31-41H,10H2	Prodelphinidine	C1C(C(OC2=CC(=CC(=C21)O)O)C3=CC(=C(C=C3)O)O)OC4(C(C(C5=C(C=C(C=C5O4)O)O)O)O)C6=CC(=C(C(=C6)O)O)O	1.60000002	285704;3246478;6713584;53298571;92252678;92252679;92252680;92252681	PubChem:(285704 3246478 6713584 53298571 92252678 92252679 92252680 92252681);PNC:(LTS0222425);PubMed	68719476802
2	1	N/A	-251.2782025331873	C30H26O14	[M - H2O + H]+	NBAZENYUDPJQIH	InChI=1S/C30H26O14/c31-15-5-1-13(2-6-15)3-8-22(36)41-12-21-24(37)26(39)27(40)30(43-21)44-29-25(38)23-19(35)10-16(32)11-20(23)42-28(29)14-4-7-17(33)18(34)9-14/h1-11,21,24,26-27,30-35,37,39-40H,12H2	Helichrysoside	C1=CC(=CC=C1C=CC(=O)OCC2C(C(C(C(O2)OC3=C(OC4=CC(=CC(=C4C3=O)O)O)C5=CC(=C(C=C5)O)O)O)O)O)O	2.0999999	5317991;11520051;13917529;22524264;24211986;44259193;92218174;91092210;94858395;91591343;98072923;102531663;123132005	HMDB:(126572);PNC:(LTS0139627);SuperNatural:(SN00267165 SN00278142 SN00157301);ZINC bio:(ZINC04349722);MeSH:(5317991 44259193 123132005);Plantcyc:(CPD-14978);PubMed;COCONUT:(CNP0198676);KNApSAcK:(5961);Natural Products:(UNPD30987 UNPD22499 UNPD177488 UNPD222104 UNPD75827);PubChem:(5317991 11520051 13917529 22524264 24211986 44259193 92218174 91092210 94858395 91591343 98072923 102531663 123132005);PubChem class - bio and metabolites;Biocyc:(CPD-14978);KEGG Mine	77329508446
1	1	0.2416659477548834	-186.04559461652246	C30H24O13	[M + H]+	ARZXXPAZDVCEQQ	InChI=1S/C30H24O13/c31-12-7-17(36)21-20(8-12)42-28(10-1-3-13(32)15(34)5-10)26(40)24(21)22-18(37)9-19(38)23-25(39)27(41)29(43-30(22)23)11-2-4-14(33)16(35)6-11/h1-9,24,26-29,31-38,40-41H	null	C1=CC(=C(C=C1C2C(C(C3=C(C=C(C=C3O2)O)O)C4=C(C=C(C5=C4OC(C(C5=O)O)C6=CC(=C(C=C6)O)O)O)O)O)O)O	1.80578756	""	COCONUT:(CNP0210692);Natural Products:(UNPD12054 UNPD17000);PNC:(LTS0252464 LTS0023736);SuperNatural:(SN00324381)	68722655232