rank	molecularFormula	adduct	precursorFormula	ZodiacScore	SiriusScore	TreeScore	IsotopeScore	numExplainedPeaks	explainedIntensity	medianMassErrorFragmentPeaks(ppm)	medianAbsoluteMassErrorFragmentPeaks(ppm)	massErrorPrecursor(ppm)	lipidClass
1	C20H32O3	[M + Na]+	C20H32O3	0.9999999999999999	79.20515130235984	79.20515130235984	0.0	33	0.7305601213807056	0.5679926902178751	2.9485547501320832	1.3502247528255993	
2	C17H36O3S	[M + Na]+	C17H36O3S	0.0	62.85052387947326	62.85052387947326	0.0	31	0.7119737008471363	-0.6098486422156787	2.928896202290329	-8.471698706800538	
3	C18H30N3O2	[M + Na]+	C18H30N3O2	0.0	62.53007449887155	62.53007449887155	0.0	33	0.7429510684030853	0.3749519700377355	2.9485547501320832	5.262191156320768	
4	C15H34N3O2S	[M + Na]+	C15H34N3O2S	0.0	59.35392341647119	59.35392341647119	0.0	33	0.7429510684030853	0.3749519700377355	2.9485547501320832	-4.559732303305369	
5	C23H30N	[M + Na]+	C23H30N	0.0	59.11944487401695	59.11944487401695	0.0	30	0.7066632949804021	0.1912772910176615	2.91632834827352	-6.458289589625306	
