rank	molecularFormula	adduct	precursorFormula	ZodiacScore	SiriusScore	TreeScore	IsotopeScore	numExplainedPeaks	explainedIntensity	medianMassErrorFragmentPeaks(ppm)	medianAbsoluteMassErrorFragmentPeaks(ppm)	massErrorPrecursor(ppm)	lipidClass
1	C22H42O2S2	[M + Na]+	C22H42O2S2	0.45577889447236186	69.09568072661654	69.09568072661654	0.0	34	0.7755988581357828	-1.7873090063625012	5.443294857154264	-1.551479221134248	
2	C25H38O2S	[M + Na]+	C25H38O2S	0.3723618090452262	68.99271117831053	68.99271117831053	0.0	34	0.7755988581357828	-1.2462159751804136	5.633538636943461	6.375901420346602	
3	C21H38O7	[M + Na]+	C21H38O7	0.17135678391959802	66.44151017979023	66.44151017979023	0.0	29	0.7161474494228622	2.596670233416597	6.145226460505685	0.4920847563399486	
4	C20H40N3OS2	[M + Na]+	C20H40N3OS2	5.025125628140704E-4	62.01929407102656	62.01929407102656	0.0	33	0.7222291175375452	1.6446747463119928	5.352962797880582	1.6059111684877974	
5	C19H36N3O6	[M + Na]+	C19H36N3O6	0.0	58.63199731792267	58.63199731792267	0.0	36	0.7827975673327541	1.7361233792120805	6.157735662301457	3.649475145961994	
6	C24H36NO4	[M + Na]+	C24H36NO4	0.0	58.5887182023356	58.5887182023356	0.0	28	0.7075834677919822	1.9348204079541447	5.9583571041854775	-5.810251613166931	
