rank	molecularFormula	adduct	precursorFormula	ZodiacScore	SiriusScore	TreeScore	IsotopeScore	numExplainedPeaks	explainedIntensity	medianMassErrorFragmentPeaks(ppm)	medianAbsoluteMassErrorFragmentPeaks(ppm)	massErrorPrecursor(ppm)	lipidClass
1	C10H14N2O10	[M + H]+	C10H14N2O10	0.9984924623115577	42.176681776283175	37.496249534697725	4.680432241585453	13	0.2654088050314465	3.8460924658346287	5.298462406642758	6.681144146887166	
2	C11H14N3O7	[M + Na]+	C11H14N3O7	0.0015075376884422112	35.71024772027746	30.93715800890921	4.773089711368246	15	0.3034591194968553	2.663728047339433	5.471318162635411	5.8318410073289835	
3	C13H12N3O7	[M + H]+	C13H12N3O7	0.0	32.66543872820482	27.757011725387276	4.908427002817543	12	0.24465408805031438	-2.928553853288495	4.779022209933283	-1.6143970621376522	
4	C15H14O8	[M + H]+	C15H14O8	0.0	24.47889713774889	21.31656578886857	3.162331348880323	8	0.16729559748427672	-0.3006785872227433	5.991324384706499	-5.770357733438528	
5	C16H14NO5	[M + Na]+	C16H14NO5	0.0	22.30637136044625	20.55462470037537	1.7517466600708793	11	0.2254716981132075	-4.717171537007843	8.509518320868649	-6.6196608731726565	
6	C13H16O8	[M + Na]+	C13H16O8	0.0	19.312100327415727	13.869545782013468	5.442554545402259	6	0.1314465408805031	1.7252197113105145	4.381323711219913	1.6758803356762164	
7	C25H8N	[M + H]+	C25H8N	0.0	-1.9765602637995965	-1.9765602637995965	0.0	3	0.039937106918238985	3.8668885025785746	3.8668885025785746	4.113288850351576	
