rank	molecularFormula	adduct	precursorFormula	ZodiacScore	SiriusScore	TreeScore	IsotopeScore	numExplainedPeaks	explainedIntensity	medianMassErrorFragmentPeaks(ppm)	medianAbsoluteMassErrorFragmentPeaks(ppm)	massErrorPrecursor(ppm)	lipidClass
1	C11H7NO2	[M + H]+	C11H7NO2	0.9929648241206029	6.5710884992075655	6.5710884992075655	0.0	2	0.21770334928229665	-3.7082138142180017	3.7082138142180017	2.5302614385086475	
1	C11H9NO3	[M - H2O + H]+	C11H7NO2	0.9929648241206029	6.5710884992075655	6.5710884992075655	0.0	3	0.21770334928229665	-3.7082138142180017	3.7082138142180017	-96799.61682830326	
2	C3H11N3O4S	[M + H]+	C3H11N3O4S	0.0050251256281407045	-0.12883333599007063	-0.12883333599007063	0.0	2	0.12200956937799043	-16.064625591463987	16.064625591463987	6.032615630015397	
2	C3H13N3O5S	[M - H2O + H]+	C3H11N3O4S	0.0050251256281407045	-0.12883333599007063	-0.12883333599007063	0.0	3	0.12200956937799043	-16.064625591463987	16.064625591463987	-96796.1144741119	
3	C6H13NO2S	[M + Na]+	C6H13NO2S	0.0010050251256281408	-0.6094379124341003	-0.6094379124341003	0.0	1	0.0	NaN	NaN	-2.658729941138632	
4	C5H13O5S	[M + H]+	C5H13O5S	5.025125628140704E-4	-0.6094379124341003	-0.6094379124341003	0.0	1	0.0	NaN	NaN	-1.1839651015857104	
5	C9H11N2	[M + K]+	C9H11N2	5.025125628140704E-4	-2.0582058317071468	-2.0582058317071468	0.0	2	0.21770334928229665	-3.7082138142180017	3.7082138142180017	0.2377402802478796	
