rank	molecularFormula	adduct	precursorFormula	ZodiacScore	SiriusScore	TreeScore	IsotopeScore	numExplainedPeaks	explainedIntensity	medianMassErrorFragmentPeaks(ppm)	medianAbsoluteMassErrorFragmentPeaks(ppm)	massErrorPrecursor(ppm)	lipidClass
1	C23H14O7	[M + H]+	C23H14O7	0.9999999999999999	109.5233764598416	108.53798231776513	0.9853941420764682	32	0.6226350968619012	1.264777917930523	4.948766845805075	0.20990641674342225	
2	C21H12N3O6	[M + H]+	C21H12N3O6	0.0	99.76552480738077	99.76552480738077	0.0	42	0.7598278010649144	0.42984546913445676	4.734550208798269	3.5409563907182218	
3	C18H14N2O9	[M + H]+	C18H14N2O9	0.0	93.04915996716642	93.04915996716642	0.0	36	0.7081681205392547	1.4060959784626674	5.542090427404013	10.18992747398489	
4	C26H12NO4	[M + H]+	C26H12NO4	0.0	85.92283258039785	84.04766665664904	1.8751659237488045	31	0.6116460858728903	0.5773587313779408	5.300184623475252	-6.439064666664268	
5	C11H18N2O14	[M + H]+	C11H18N2O14	0.0	64.28406116251521	64.28406116251521	0.0	30	0.5629319134473776	0.19881736415747914	5.624523386061868	-4.3808993001338905	
6	C8H20NO17	[M + H]+	C8H20NO17	0.0	17.2309959752415	17.2309959752415	0.0	11	0.1846607001246177	2.7175442556725873	2.7175442556725873	2.2680717832738004	
