rank	molecularFormula	adduct	precursorFormula	ZodiacScore	SiriusScore	TreeScore	IsotopeScore	numExplainedPeaks	explainedIntensity	medianMassErrorFragmentPeaks(ppm)	medianAbsoluteMassErrorFragmentPeaks(ppm)	massErrorPrecursor(ppm)	lipidClass
1	C20H30O4	[M + H]+	C20H30O4	0.9999999999999999	105.23364495018764	105.23364495018764	0.0	34	0.8172431222470937	2.189710455242174	3.90711047864086	1.943591923011057	
2	C17H34O4S	[M + H]+	C17H34O4S	0.0	84.41832132962445	84.41832132962445	0.0	34	0.8172431222470937	2.189710455242174	4.0118587967058374	-8.11280236693751	
3	C18H28N3O3	[M + H]+	C18H28N3O3	0.0	83.52216952242013	83.52216952242013	0.0	34	0.8172431222470937	2.379598436553336	4.0118587967058374	5.94894553492016	
4	C15H32N3O3S	[M + H]+	C15H32N3O3S	0.0	76.77133309253179	76.77133309253179	0.0	36	0.8304089344597685	1.9359044121532534	3.936557884937012	-4.107448755197976	
5	C23H28NO	[M + H]+	C23H28NO	0.0	75.18655471552118	75.18655471552118	0.0	33	0.8127662647122538	2.2542501010552485	4.088119034647079	-6.051328763232242	
