rank	molecularFormula	adduct	precursorFormula	ZodiacScore	SiriusScore	TreeScore	IsotopeScore	numExplainedPeaks	explainedIntensity	medianMassErrorFragmentPeaks(ppm)	medianAbsoluteMassErrorFragmentPeaks(ppm)	massErrorPrecursor(ppm)	lipidClass
1	C7H6O3	[M + H]+	C7H6O3	0.9994974874371858	8.457528132266173	8.457528132266173	0.0	3	0.11962987442167877	-9.865800567011593	9.865800567011593	3.806447902280916	
1	C7H8O4	[M - H2O + H]+	C7H6O3	0.9994974874371858	8.457528132266173	8.457528132266173	0.0	4	0.11962987442167877	-9.865800567011593	9.865800567011593	-129531.79110741767	
2	C5H10NO	[M + K]+	C5H10NO	5.025125628140704E-4	0.9098742725608355	0.9098742725608355	0.0	3	0.11962987442167877	-13.851682484521396	13.851682484521396	0.7387153458118335	
3	C5H6N3O3	[M - H2O + H]+	C5H4N3O2	0.0	0.703953874421746	0.703953874421746	0.0	4	0.11962987442167877	2.681276061132067	2.681276061132067	-129522.13425449158	
3	C5H4N3O2	[M + H]+	C5H4N3O2	0.0	0.703953874421746	0.703953874421746	0.0	3	0.11962987442167877	2.681276061132067	2.681276061132067	13.463300828153972	
4	C8H6N	[M + Na]+	C8H6N	0.0	-1.5070692259436749	-1.5070692259436749	0.0	2	0.08592200925313946	-5.6320316600363	7.466818964744998	1.832994311548582	
5	C2H8N3O2S	[M + H]+	C2H8N3O2S	0.0	-6.085247863804446	-6.085247863804446	0.0	1	0.0	-10.780735622096808	10.780735622096808	-10.782528637876512	
