rank	molecularFormula	adduct	precursorFormula	ZodiacScore	SiriusScore	TreeScore	IsotopeScore	numExplainedPeaks	explainedIntensity	medianMassErrorFragmentPeaks(ppm)	medianAbsoluteMassErrorFragmentPeaks(ppm)	massErrorPrecursor(ppm)	lipidClass
1	C19H28O2	[M - H2O + H]+	C19H26O	0.9999999999999999	102.03521153583864	98.92862558750285	3.1065859483357876	37	0.9310022570179147	1.2251904580337807	5.053777936480752	-66408.33616891745	
1	C19H26O	[M + H]+	C19H26O	0.9999999999999999	102.03521153583864	98.92862558750285	3.1065859483357876	36	0.9310022570179147	1.2251904580337807	5.053777936480752	0.8617965399760643	
2	C17H28O	[M + Na]+	C17H28O	0.0	92.92859843854832	92.51938583717731	0.4092126013710051	36	0.9310022570179147	1.4141079410708102	5.2256179094741615	9.732135334736824	
3	C17H24N3	[M + H]+	C17H24N3	0.0	83.09331356293008	81.7577153910028	1.3355981719272685	36	0.9310022570179147	1.4141079410708102	5.053777936480752	5.812588984424842	
3	C17H26N3O	[M - H2O + H]+	C17H24N3	0.0	83.09331356293008	81.7577153910028	1.3355981719272685	37	0.9310022570179147	1.4141079410708102	5.053777936480752	-66403.3853764728	
