rank	molecularFormula	adduct	precursorFormula	ZodiacScore	SiriusScore	TreeScore	IsotopeScore	numExplainedPeaks	explainedIntensity	medianMassErrorFragmentPeaks(ppm)	medianAbsoluteMassErrorFragmentPeaks(ppm)	massErrorPrecursor(ppm)	lipidClass
1	C18H39N	[M + H]+	C18H39N	0.9999999999999999	9.880648823710573	7.677263491941643	2.20338533176893	2	0.35802469135802467	-11.369302896507204	11.369302896507204	1.0615822600203046	
1	C18H41NO	[M - H2O + H]+	C18H39N	0.9999999999999999	9.880648823710573	7.677263491941643	2.20338533176893	3	0.35802469135802467	-11.369302896507204	11.369302896507204	-66626.80025079827	
