rank	molecularFormula	adduct	precursorFormula	ZodiacScore	SiriusScore	TreeScore	IsotopeScore	numExplainedPeaks	explainedIntensity	medianMassErrorFragmentPeaks(ppm)	medianAbsoluteMassErrorFragmentPeaks(ppm)	massErrorPrecursor(ppm)	lipidClass
1	C17H26O3	[M - H2O + H]+	C17H24O2	0.9999999999999999	64.38676969431266	60.553196104747734	3.833573589564926	14	0.48972873321042976	3.2795454064214287	5.932130421601346	-68956.20276656956	
1	C17H28O4	[M - H4O2 + H]+	C17H24O2	0.9999999999999999	64.38676969431266	60.553196104747734	3.833573589564926	14	0.48972873321042976	3.2795454064214287	5.932130421601346	-137913.28418124013	
1	C17H24O2	[M + H]+	C17H24O2	0.9999999999999999	64.38676969431266	60.553196104747734	3.833573589564926	13	0.48972873321042976	3.2795454064214287	5.932130421601346	0.8786481007739738	
2	C15H24N3O2	[M - H2O + H]+	C15H22N3O	0.0	47.93544786333703	46.35991737984181	1.5755304834952217	14	0.48972873321042976	5.664113003277028	5.932130421601346	-68951.06202992264	
2	C15H26N3O3	[M - H4O2 + H]+	C15H22N3O	0.0	47.93544786333703	46.35991737984181	1.5755304834952217	14	0.48972873321042976	5.664113003277028	5.932130421601346	-137908.1434445932	
2	C15H22N3O	[M + H]+	C15H22N3O	0.0	47.93544786333703	46.35991737984181	1.5755304834952217	13	0.48972873321042976	5.664113003277028	5.932130421601346	6.019384747691733	
