rank	formulaRank	ConfidenceScore	CSI:FingerIDScore	molecularFormula	adduct	InChIkey2D	InChI	name	smiles	xlogp	pubchemids	links	dbflags
1	1	0.06360672786239689	-157.50470110893423	C17H26O3	[M - H2O + H]+	ZAYXCFZRTAJXMC	InChI=1S/C17H26O3/c1-16(10-18)6-3-7-17(2)13-5-4-11(19)8-12(13)14(20)9-15(16)17/h8,13-15,18,20H,3-7,9-10H2,1-2H3	7,15-Dihydroxypodocarp-8(14)-en-13-one	CC1(CCCC2(C1CC(C3=CC(=O)CCC32)O)C)CO	1.60000002	10731307;71307291;85248581;86333692;86333767;86333768;86333769;101425837;121005456;126969900;133561706;138113714	COCONUT:(CNP0394973);KNApSAcK:(35020);Natural Products:(UNPD1515 UNPD71833 UNPD80828);PubChem:(10731307 71307291 85248581 86333692 86333767 86333768 86333769 101425837 121005456 126969900 133561706 138113714);PNC:(LTS0157040 LTS0051882 LTS0053982);SuperNatural:(SN00310848 SN00349433 SN00334190)	68722655250