rank	molecularFormula	adduct	precursorFormula	ZodiacScore	SiriusScore	TreeScore	IsotopeScore	numExplainedPeaks	explainedIntensity	medianMassErrorFragmentPeaks(ppm)	medianAbsoluteMassErrorFragmentPeaks(ppm)	massErrorPrecursor(ppm)	lipidClass
1	C13H12O3	[M - H2O + H]+	C13H10O2	0.9999999999999999	84.5781105534055	84.5781105534055	0.0	17	0.5332208394853407	1.9440913216491695	2.570909594549679	-90470.61733729344	
1	C13H10O2	[M + H]+	C13H10O2	0.9999999999999999	84.5781105534055	84.5781105534055	0.0	16	0.5332208394853407	1.9440913216491695	2.570909594549679	0.4345235488747739	
2	C5H16N2O5S	[M - H2O + H]+	C5H14N2O4S	0.0	48.497793770698436	48.497793770698436	0.0	15	0.43176545032693525	4.075457039381414	5.213703635763969	-90467.34404556158	
2	C5H14N2O4S	[M + H]+	C5H14N2O4S	0.0	48.497793770698436	48.497793770698436	0.0	14	0.43176545032693525	4.075457039381414	5.213703635763969	3.707815280731657	
3	C11H8N3O	[M + H]+	C11H8N3O	0.0	41.27337570788144	41.27337570788144	0.0	13	0.29719468466568233	1.2358127988358623	2.4818904289151016	7.179122395647945	
3	C11H10N3O2	[M - H2O + H]+	C11H8N3O	0.0	41.27337570788144	41.27337570788144	0.0	14	0.29719468466568233	1.2358127988358623	2.4818904289151016	-90463.87273844681	
4	C8H12N3OS	[M + H]+	C8H12N3OS	0.0	1.2181936312407924	1.2181936312407924	0.0	7	0.10103353722843282	2.4462146309198065	4.201647052867607	-9.754799525649448	
4	C8H14N3O2S	[M - H2O + H]+	C8H12N3OS	0.0	1.2181936312407924	1.2181936312407924	0.0	8	0.10103353722843282	2.4462146309198065	4.201647052867607	-90480.8066603681	
