rank	molecularFormula	adduct	precursorFormula	ZodiacScore	SiriusScore	TreeScore	IsotopeScore	numExplainedPeaks	explainedIntensity	medianMassErrorFragmentPeaks(ppm)	medianAbsoluteMassErrorFragmentPeaks(ppm)	massErrorPrecursor(ppm)	lipidClass
1	C15H34NO3S	[M - H2O + H]+	C15H32NO2S	0.9999999999999999	73.89423448126628	73.89423448126628	0.0	29	0.8160703861229257	-1.6131660562741004	4.3497199657323895	-61842.33503421384	
1	C15H32NO2S	[M + H]+	C15H32NO2S	0.9999999999999999	73.89423448126628	73.89423448126628	0.0	28	0.8160703861229257	-1.6131660562741004	4.3497199657323895	2.185687001279778	
