rank	molecularFormula	adduct	precursorFormula	ZodiacScore	SiriusScore	TreeScore	IsotopeScore	numExplainedPeaks	explainedIntensity	medianMassErrorFragmentPeaks(ppm)	medianAbsoluteMassErrorFragmentPeaks(ppm)	massErrorPrecursor(ppm)	lipidClass
1	C8H20N2O5S2	[M + K]+	C8H20N2O5S2	0.9999999999999999	30.41681604347265	30.41681604347265	0.0	12	0.48253833049403755	4.723551752689457	5.884101267070154	6.900865737221379	
2	C11H18N3O2S2	[M + K]+	C11H18N3O2S2	0.0	19.15354398163892	19.15354398163892	0.0	12	0.47189097103918237	-3.4599704107522085	7.377723349873226	-1.293913034996907	
3	C10H14N3O7	[M + K]+	C10H14N3O7	0.0	14.409005096788203	14.409005096788203	0.0	8	0.32921635434412266	6.326815059801726	8.751072466644048	1.3632848231905672	
4	C12H16O8	[M + K]+	C12H16O8	0.0	3.5	3.5	0.0	1	0.0	NaN	NaN	-2.7421951488581855	
5	C16H16O3S	[M + K]+	C16H16O3S	0.0	-0.6094379124341003	-0.6094379124341003	0.0	1	0.0	NaN	NaN	4.908392359170468	
6	C13H20O3S2	[M + K]+	C13H20O3S2	0.0	-0.6094379124341003	-0.6094379124341003	0.0	1	0.0	NaN	NaN	-5.399393006871851	
7	C22H10N	[M + K]+	C22H10N	0.0	-4.592371331299851	-4.592371331299851	0.0	1	0.0	NaN	NaN	7.021398952994501	
8	C19H14NS	[M + K]+	C19H14NS	0.0	-5.214608098422191	-5.214608098422191	0.0	1	0.0	NaN	NaN	-3.2863864132216265	
