rank	molecularFormula	adduct	precursorFormula	ZodiacScore	SiriusScore	TreeScore	IsotopeScore	numExplainedPeaks	explainedIntensity	medianMassErrorFragmentPeaks(ppm)	medianAbsoluteMassErrorFragmentPeaks(ppm)	massErrorPrecursor(ppm)	lipidClass
1	C13H14	[M + H]+	C13H14	0.9999999999999999	30.213712651393962	30.213712651393962	0.0	4	0.3889789303079416	-3.7082138142180017	6.873835914199807	3.294498585469132	
1	C13H16O	[M - H2O + H]+	C13H14	0.9999999999999999	30.213712651393962	30.213712651393962	0.0	5	0.3889789303079416	-3.7082138142180017	6.873835914199807	-105249.38973179631	
