rank	molecularFormula	adduct	precursorFormula	ZodiacScore	SiriusScore	TreeScore	IsotopeScore	numExplainedPeaks	explainedIntensity	medianMassErrorFragmentPeaks(ppm)	medianAbsoluteMassErrorFragmentPeaks(ppm)	massErrorPrecursor(ppm)	lipidClass
1	C21H28O3	[M + H]+	C21H28O3	0.9999999999999999	104.12911575975292	104.12911575975292	0.0	38	0.9104203248463563	1.8338267992457187	3.7076793499616327	1.8104140806060067	
2	C13H29NO5S	[M + H3N + H]+	C13H32N2O5S	0.0	69.90800472514533	69.90800472514533	0.0	35	0.9022991659350303	3.7374853611704277	4.512666262640213	3.7897846980288383	
3	C18H32O3S	[M + H]+	C18H32O3S	0.0	69.62913016366464	69.62913016366464	0.0	34	0.8831577407082234	1.393438374953472	3.1052927997263566	-8.429585967137523	
4	C19H26N3O2	[M + H]+	C19H26N3O2	0.0	68.34754578104659	68.34754578104659	0.0	34	0.8831577407082234	1.791541615693669	3.1052927997263566	5.888895889512957	
5	C16H30N3O2S	[M + H]+	C16H30N3O2S	0.0	66.6823217357266	66.6823217357266	0.0	34	0.8831577407082234	1.393438374953472	3.1052927997263566	-4.351104158230574	
6	C24H26N	[M + H]+	C24H26N	0.0	41.827305282055775	41.827305282055775	0.0	25	0.7602154667837283	1.6735442731233332	4.281686530416589	-6.330474775653405	
