rank	molecularFormula	adduct	precursorFormula	ZodiacScore	SiriusScore	TreeScore	IsotopeScore	numExplainedPeaks	explainedIntensity	medianMassErrorFragmentPeaks(ppm)	medianAbsoluteMassErrorFragmentPeaks(ppm)	massErrorPrecursor(ppm)	lipidClass
1	C18H32O4	[M - H4O2 + H]+	C18H28O2	0.9999999999999999	72.09883541275502	72.09883541275502	0.0	28	0.8052415374327293	1.7798780141101231	3.610056828959698	-129936.55492513692	
1	C18H30O3	[M - H2O + H]+	C18H28O2	0.9999999999999999	72.09883541275502	72.09883541275502	0.0	28	0.8052415374327293	1.7798780141101231	3.610056828959698	-64967.302938687586	
1	C18H28O2	[M + H]+	C18H28O2	0.9999999999999999	72.09883541275502	72.09883541275502	0.0	27	0.8052415374327293	1.7798780141101231	3.610056828959698	1.9490477615435824	
2	C16H28N3O2	[M - H2O + H]+	C16H26N3O	0.0	52.38148603933879	52.38148603933879	0.0	28	0.8052415374327293	2.1514854607333986	3.7082138142180017	-64962.45949392827	
2	C16H30N3O3	[M - H4O2 + H]+	C16H26N3O	0.0	52.38148603933879	52.38148603933879	0.0	28	0.8052415374327293	2.1514854607333986	3.7082138142180017	-129931.7114803774	
2	C16H26N3O	[M + H]+	C16H26N3O	0.0	52.38148603933879	52.38148603933879	0.0	27	0.8052415374327293	2.1514854607333986	3.7082138142180017	6.7924925210620515	
3	C13H32N3O2S	[M - H2O + H]+	C13H30N3OS	0.0	50.33064143500096	50.33064143500096	0.0	24	0.7548004967678246	2.1514854607333986	4.340468439219148	-64974.62011567174	
