rank	molecularFormula	adduct	precursorFormula	ZodiacScore	SiriusScore	TreeScore	IsotopeScore	numExplainedPeaks	explainedIntensity	medianMassErrorFragmentPeaks(ppm)	medianAbsoluteMassErrorFragmentPeaks(ppm)	massErrorPrecursor(ppm)	lipidClass
1	C21H42O7	[M + Na]+	C21H42O7	0.5653266331658291	35.44560386389992	29.6869116509965	5.758692212903419	15	0.27551803530314656	2.4420085176283117	2.5488922061350383	1.7328212857628231	
2	C19H40N3O6	[M + Na]+	C19H40N3O6	0.35175879396984927	35.324465796782455	30.002963228946786	5.321502567835668	18	0.3351240726528524	5.091158790151873	5.513285478198962	4.860557401359276	
3	C24H40NO4	[M + Na]+	C24H40NO4	0.0829145728643216	33.387238672803605	30.086502427120447	3.300736245683158	18	0.3305193144026605	2.2956257973839787	2.710095235398904	-4.510323413839344	
