rank	molecularFormula	adduct	precursorFormula	ZodiacScore	SiriusScore	TreeScore	IsotopeScore	numExplainedPeaks	explainedIntensity	medianMassErrorFragmentPeaks(ppm)	medianAbsoluteMassErrorFragmentPeaks(ppm)	massErrorPrecursor(ppm)	lipidClass
1	C19H38O5	[M - H2O + H]+	C19H36O4	0.8994974874371859	47.69654350844019	44.08177167113229	3.6147718373079023	9	0.18578078713499788	4.685239733223105	5.817454996469728	-54697.05472344445	
1	C19H36O4	[M + H]+	C19H36O4	0.8994974874371859	47.69654350844019	44.08177167113229	3.6147718373079023	8	0.18578078713499788	4.685239733223105	5.817454996469728	1.5551676960807037	
2	C17H36N3O4	[M - H2O + H]+	C17H34N3O3	0.10050251256281409	46.17950150336019	43.346008101503585	2.8334934018566056	12	0.2699957680914092	6.378611950313221	7.172568372494849	-54692.97695300199	
2	C17H34N3O3	[M + H]+	C17H34N3O3	0.10050251256281409	46.17950150336019	43.346008101503585	2.8334934018566056	11	0.2699957680914092	6.378611950313221	7.172568372494849	5.632938138711736	
3	C22H36NO2	[M - H2O + H]+	C22H34NO	0.0	18.21879891921543	17.438537268891807	0.7802616503236235	8	0.1637748624629708	4.114181423819975	7.034248867993937	-54705.194192371564	
3	C22H34NO	[M + H]+	C22H34NO	0.0	18.21879891921543	17.438537268891807	0.7802616503236235	7	0.1637748624629708	4.114181423819975	7.034248867993937	-6.58430123085962	
4	C20H36NO	[M + Na]+	C20H36NO	0.0	17.830115247433934	14.41612739101093	3.413987856423004	6	0.14007617435463393	2.1930402083624183	5.246396687066598	0.7218433426783353	
