rank	molecularFormula	adduct	precursorFormula	ZodiacScore	SiriusScore	TreeScore	IsotopeScore	numExplainedPeaks	explainedIntensity	medianMassErrorFragmentPeaks(ppm)	medianAbsoluteMassErrorFragmentPeaks(ppm)	massErrorPrecursor(ppm)	lipidClass
1	C18H28O	[M - H2O + H]+	C18H26	0.9999999999999999	114.62965544978834	114.62965544978834	0.0	21	0.6533630147877244	-0.25854444107282726	5.088778433948767	-74051.07825950498	
1	C18H26	[M + H]+	C18H26	0.9999999999999999	114.62965544978834	114.62965544978834	0.0	20	0.6533630147877244	-0.25854444107282726	5.088778433948767	2.098161028656822	
