rank	molecularFormula	adduct	precursorFormula	ZodiacScore	SiriusScore	TreeScore	IsotopeScore	numExplainedPeaks	explainedIntensity	medianMassErrorFragmentPeaks(ppm)	medianAbsoluteMassErrorFragmentPeaks(ppm)	massErrorPrecursor(ppm)	lipidClass
1	C14H30O7	[M + Na]+	C14H30O7	0.9999999999999999	17.798722695033547	13.311549348044757	4.487173346988791	6	0.2812762384550798	2.408680110790957	4.473591619201418	0.790944011075022	
2	C12H28N3O6	[M + Na]+	C12H28N3O6	0.0	9.298803668930992	4.67473144382801	4.6240722251029815	6	0.2812762384550798	4.423578561832139	5.958623214140108	4.820745297057731	
3	C17H28NO4	[M + Na]+	C17H28NO4	0.0	7.557221733244969	6.950125856186341	0.6070958770586272	8	0.37279596977329976	-0.2585418076807133	4.473591619201418	-7.252775666248729	
