rank	molecularFormula	adduct	precursorFormula	ZodiacScore	SiriusScore	TreeScore	IsotopeScore	numExplainedPeaks	explainedIntensity	medianMassErrorFragmentPeaks(ppm)	medianAbsoluteMassErrorFragmentPeaks(ppm)	massErrorPrecursor(ppm)	lipidClass
1	C9H19O	[M + K]+	C9H19O	0.8648241206030151	8.18202409458598	8.18202409458598	0.0	3	0.11436541143654114	-0.30397395468635496	0.30397395468635496	0.41991352693509365	
2	C7H17N3	[M + K]+	C7H17N3	0.10753768844221107	6.097134463069529	6.097134463069529	0.0	3	0.11436541143654114	3.858413545383596	3.858413545383596	7.792970530719033	
3	C12H15	[M + Na]+	C12H15	0.015577889447236183	4.170789669470444	4.170789669470444	0.0	2	0.07670850767085076	-1.374679385264947	2.4939122170114367	1.2554011598295922	
4	C9H13N2O2	[M + H]+	C9H13N2O2	0.011557788944723618	3.4016774680411546	3.4016774680411546	0.0	3	0.11436541143654114	9.999033036989518	9.999033036989518	10.13520015592372	
4	C9H15N2O3	[M - H2O + H]+	C9H13N2O2	0.011557788944723618	3.4016774680411546	3.4016774680411546	0.0	4	0.11436541143654114	9.999033036989518	9.999033036989518	-98890.96147239434	
5	C6H17N2O2S	[M + H]+	C6H17N2O2S	5.025125628140704E-4	0.781083740522805	0.781083740522805	0.0	2	0.03765690376569037	-11.686524312993688	11.686524312993688	-8.376615662905385	
5	C6H19N2O3S	[M - H2O + H]+	C6H17N2O2S	5.025125628140704E-4	0.781083740522805	0.781083740522805	0.0	3	0.03765690376569037	-11.686524312993688	11.686524312993688	-98909.47328821318	
