rank	molecularFormula	adduct	precursorFormula	ZodiacScore	SiriusScore	TreeScore	IsotopeScore	numExplainedPeaks	explainedIntensity	medianMassErrorFragmentPeaks(ppm)	medianAbsoluteMassErrorFragmentPeaks(ppm)	massErrorPrecursor(ppm)	lipidClass
1	C10H10O4	[M - H2O + H]+	C10H8O3	0.9959798994974873	6.028687610730236	6.028687610730236	0.0	3	0.18506493506493507	10.89398488646645	10.89398488646645	-101720.32895730424	
1	C10H8O3	[M + H]+	C10H8O3	0.9959798994974873	6.028687610730236	6.028687610730236	0.0	2	0.18506493506493507	10.89398488646645	10.89398488646645	2.6167478451726027	
2	C3H12N3O2S	[M + Na]+	C3H12N3O2S	0.0035175879396984926	0.4279170143314355	0.4279170143314355	0.0	2	0.18506493506493507	16.817034470939756	16.817034470939756	4.747406800184505	
3	C8H12NO	[M + K]+	C8H12NO	5.025125628140704E-4	-3.605170185988091	-3.605170185988091	0.0	1	0.0	NaN	NaN	0.20768965445900595	
4	C11H8N	[M + Na]+	C11H8N	0.0	-1.0066422134709336	-1.0066422134709336	0.0	2	0.18506493506493507	10.89398488646645	10.89398488646645	1.0670154453512624	
5	C8H6N3O2	[M + H]+	C8H6N3O2	0.0	-3.605170185988091	-3.605170185988091	0.0	1	0.0	NaN	NaN	10.200173130578674	
6	C5H10N3O2S	[M + H]+	C5H10N3O2S	0.0	-4.128675282691905	-4.128675282691905	0.0	2	0.18506493506493507	16.817034470939756	16.817034470939756	-8.839822367925427	
6	C5H12N3O3S	[M - H2O + H]+	C5H10N3O2S	0.0	-4.128675282691905	-4.128675282691905	0.0	3	0.18506493506493507	16.817034470939756	16.817034470939756	-101731.78552751719	
