rank	molecularFormula	adduct	precursorFormula	ZodiacScore	SiriusScore	TreeScore	IsotopeScore	numExplainedPeaks	explainedIntensity	medianMassErrorFragmentPeaks(ppm)	medianAbsoluteMassErrorFragmentPeaks(ppm)	massErrorPrecursor(ppm)	lipidClass
1	C22H20O9	[M + Na]+	C22H20O9	0.5793969849246232	79.81611183975886	75.98001944959165	3.8360923901672077	34	0.7377605428986913	-0.4301154118305045	3.802489740520068	6.856080081539885	
2	C25H18NO6	[M + Na]+	C25H18NO6	0.37035175879396987	81.44325020744745	75.13396831383426	6.3092818936131865	39	0.823194377120698	-1.3936531998160382	3.5277731194832054	0.9149186874282578	
3	C28H16N2O3	[M + Na]+	C28H16N2O3	0.05025125628140704	79.25958315937754	74.08246008951592	5.17712306986162	34	0.7854459524963646	-1.453172846851128	3.4478705077735317	-5.026242706683369	
