rank	molecularFormula	adduct	precursorFormula	ZodiacScore	SiriusScore	TreeScore	IsotopeScore	numExplainedPeaks	explainedIntensity	medianMassErrorFragmentPeaks(ppm)	medianAbsoluteMassErrorFragmentPeaks(ppm)	massErrorPrecursor(ppm)	lipidClass
1	C37H78N2O10	[M + K]+	C37H78N2O10	0.8537688442211055	52.324389883911934	52.324389883911934	0.0	24	0.560239520958084	0.5138980658056744	4.65004159386091	-11.076323117712677	
2	C44H74N2O5	[M + K]+	C44H74N2O5	0.09246231155778896	50.39785840527804	50.39785840527804	0.0	20	0.48694610778443115	0.5138980658056744	4.65004159386091	-3.2403426775793287	
3	C36H76N3O10	[M + K]+	C36H76N3O10	0.04572864321608041	49.544332548287244	49.544332548287244	0.0	24	0.560239520958084	0.5138980658056744	4.65004159386091	5.702489405784714	
4	C47H72N3O2	[M + K]+	C47H72N3O2	0.008040201005025126	47.958291694899984	47.958291694899984	0.0	20	0.48694610778443115	0.5138980658056744	4.65004159386091	-6.816063407952233	
5	C38H78O11	[M + K]+	C38H78O11	0.0	42.79590878797474	42.79590878797474	0.0	17	0.4261077844311377	3.7183621283741157	4.493931041840041	3.9110987834698383	
6	C49H74O3	[M + K]+	C49H74O3	0.0	38.665769648701676	38.665769648701676	0.0	12	0.24359281437125752	3.0989037669290598	4.65004159386091	-8.607454030267109	
7	C41H76NO8	[M + K]+	C41H76NO8	0.0	34.85209647058085	34.85209647058085	0.0	18	0.46682634730538924	0.5138980658056744	4.65004159386091	0.33537805309693425	
8	C51H70N2	[M + K]+	C51H70N2	0.0	12.099199099807837	12.099199099807837	0.0	13	0.2982035928143712	0.7654650829538971	5.6804331060271025	4.595637762554021	
