rank	molecularFormula	adduct	precursorFormula	ZodiacScore	SiriusScore	TreeScore	IsotopeScore	numExplainedPeaks	explainedIntensity	medianMassErrorFragmentPeaks(ppm)	medianAbsoluteMassErrorFragmentPeaks(ppm)	massErrorPrecursor(ppm)	lipidClass
1	C24H44O6	[M - H4O2 + H]+	C24H40O4	0.6924623115577889	21.214451026756546	19.404503837646065	1.8099471891104797	4	0.47345767575322806	-0.048088634863679015	3.2180088648868264	-91591.910660252	
2	C22H42O4	[M + Na]+	C22H42O4	0.2929648241206031	20.575445097808135	16.265323698892235	4.310121398915901	3	0.47345767575322806	1.7022094418175502	1.7022094418175502	1.5437801516312841	
3	C22H42N3O5	[M - H4O2 + H]+	C22H38N3O3	0.014070351758793972	17.766529668876235	14.073179778345805	3.69334989053043	4	0.47345767575322806	-0.048088634863679015	1.0005845196151884	-91588.49675138421	
4	C20H40N3O3	[M + Na]+	C20H40N3O3	5.025125628140704E-4	12.640433044986281	8.52425400954032	4.1161790354459615	3	0.47345767575322806	3.2180088648868264	3.2180088648868264	4.957689019581242	
5	C25H40NO	[M + Na]+	C25H40NO	0.0	-3.8027984746746197	-4.100778200047535	0.2979797253729153	1	0.0	-5.1121517731335855	5.1121517731335855	-5.2705821429160995	
