rank	molecularFormula	adduct	precursorFormula	ZodiacScore	SiriusScore	TreeScore	IsotopeScore	numExplainedPeaks	explainedIntensity	medianMassErrorFragmentPeaks(ppm)	medianAbsoluteMassErrorFragmentPeaks(ppm)	massErrorPrecursor(ppm)	lipidClass
1	C7H6O3	[M + H]+	C7H6O3	0.9999999999999999	12.09627813250674	12.09627813250674	0.0	3	0.0328428236297718	-5.48951750868607	5.48951750868607	4.39654105436506	
1	C7H8O4	[M - H2O + H]+	C7H6O3	0.9999999999999999	12.09627813250674	12.09627813250674	0.0	4	0.0328428236297718	-5.48951750868607	5.48951750868607	-129531.12457590556	
2	C5H10NO	[M + K]+	C5H10NO	0.0	4.26805008754068	4.26805008754068	0.0	3	0.0328428236297718	-9.263414256916246	9.263414256916246	1.3288103081508422	
3	C5H6N3O3	[M - H2O + H]+	C5H4N3O2	0.0	3.739183049783259	3.739183049783259	0.0	4	0.0328428236297718	6.3902553156555015	6.3902553156555015	-129521.46772867795	
3	C5H4N3O2	[M + H]+	C5H4N3O2	0.0	3.739183049783259	3.739183049783259	0.0	3	0.0328428236297718	6.3902553156555015	6.3902553156555015	14.053388281773644	
4	C8H6N	[M + Na]+	C8H6N	0.0	0.4566576596346996	0.4566576596346996	0.0	2	0.015568351460865852	-2.681618329591542	5.235623875179739	2.4230886281586086	
5	C2H8N3O2S	[M + H]+	C2H8N3O2S	0.0	-5.549698963710546	-5.549698963710546	0.0	2	0.013862230752825758	-2.759166366384089	7.302341941502365	-10.192426876904445	
5	C2H10N3O3S	[M - H2O + H]+	C2H8N3O2S	0.0	-5.549698963710546	-5.549698963710546	0.0	3	0.013862230752825758	-2.759166366384089	7.302341941502365	-129545.71354383642	
