rank	molecularFormula	adduct	precursorFormula	ZodiacScore	SiriusScore	TreeScore	IsotopeScore	numExplainedPeaks	explainedIntensity	medianMassErrorFragmentPeaks(ppm)	medianAbsoluteMassErrorFragmentPeaks(ppm)	massErrorPrecursor(ppm)	lipidClass
1	C21H34N3O5	[M + H]+	C21H34N3O5	0.9999999999999999	114.47218414209352	111.03175280751039	3.4404313345831374	32	0.6029829545454546	0.7972888687312943	5.185301803287558	4.0100452270210765	
1	C21H36N3O6	[M - H2O + H]+	C21H34N3O5	0.9999999999999999	114.47218414209352	111.03175280751039	3.4404313345831374	33	0.6029829545454546	0.7972888687312943	5.185301803287558	-44003.75784562002	
2	C23H38O7	[M - H2O + H]+	C23H36O6	0.0	100.9992844154061	97.77844275111677	3.2208416642893174	26	0.47845643939393945	1.146989257975357	4.961241123104817	-44007.03861592677	
2	C23H36O6	[M + H]+	C23H36O6	0.0	100.9992844154061	97.77844275111677	3.2208416642893174	25	0.47845643939393945	1.146989257975357	4.961241123104817	0.7292749204080071	
3	C26H34NO3	[M + H]+	C26H34NO3	0.0	90.70898248300756	90.70898248300756	0.0	25	0.47845643939393945	1.146989257975357	4.961241123104817	-5.8193349987842184	
3	C26H36NO4	[M - H2O + H]+	C26H34NO3	0.0	90.70898248300756	90.70898248300756	0.0	26	0.47845643939393945	1.146989257975357	4.961241123104817	-44013.58722584597	
