rank	molecularFormula	adduct	precursorFormula	ZodiacScore	SiriusScore	TreeScore	IsotopeScore	numExplainedPeaks	explainedIntensity	medianMassErrorFragmentPeaks(ppm)	medianAbsoluteMassErrorFragmentPeaks(ppm)	massErrorPrecursor(ppm)	lipidClass
1	C40H80O7	[M + Na]+	C40H80O7	0.7281407035175879	9.457508983725072	3.49588393916597	5.961625044559102	1	0.0	NaN	NaN	1.20972180786	
2	C43H78NO4	[M + Na]+	C43H78NO4	0.2683417085427136	7.6900981092675496	2.9107121147731716	4.779385994494378	10	0.21116556573620288	4.980393236094612	4.980393236094612	-2.6432846047249026	
3	C47H76O2	[M + Na]+	C47H76O2	0.003015075376884423	3.7622895726459977	3.5	0.2622895726459977	1	0.0	NaN	NaN	9.653357416080079	
4	C46H76N2O	[M + Na]+	C46H76N2O	5.025125628140704E-4	2.820569770982895	1.0000000000000002	1.820569770982895	1	0.0	NaN	NaN	-6.4962910173098045	
5	C38H78N3O6	[M + Na]+	C38H78N3O6	0.0	2.1092425329065856	-3.605170185988091	5.7144127188946765	1	0.0	NaN	NaN	3.1400290311611467	
