rank	molecularFormula	adduct	precursorFormula	ZodiacScore	SiriusScore	TreeScore	IsotopeScore	numExplainedPeaks	explainedIntensity	medianMassErrorFragmentPeaks(ppm)	medianAbsoluteMassErrorFragmentPeaks(ppm)	massErrorPrecursor(ppm)	lipidClass
1	C18H30O2	[M + H]+	C18H30O2	0.9999999999999999	75.67590437834846	72.14802834442972	3.527876033918743	22	0.5380796706623079	-1.5025089769295223	3.7884166912773045	1.1228898651046786	
1	C18H32O3	[M - H2O + H]+	C18H30O2	0.9999999999999999	75.67590437834846	72.14802834442972	3.527876033918743	23	0.5380796706623079	-1.5025089769295223	3.7884166912773045	-64499.19837025421	
2	C13H34N3O2S	[M - H2O + H]+	C13H32N3OS	0.0	65.97429805145183	65.97429805145183	0.0	26	0.7027485167695848	-2.651463528003644	3.68514060445533	-64506.462733807006	
2	C13H32N3OS	[M + H]+	C13H32N3OS	0.0	65.97429805145183	65.97429805145183	0.0	25	0.7027485167695848	-2.651463528003644	3.68514060445533	-6.141473687688346	
3	C16H30N3O2	[M - H2O + H]+	C16H28N3O	0.0	59.62688460494356	57.836783495660384	1.7901011092831771	25	0.5511563143237681	-0.7986622896169988	4.199186257606092	-64494.38988418689	
3	C16H28N3O	[M + H]+	C16H28N3O	0.0	59.62688460494356	57.836783495660384	1.7901011092831771	24	0.5511563143237681	-0.7986622896169988	4.199186257606092	5.931375932633081	
