rank	molecularFormula	adduct	precursorFormula	ZodiacScore	SiriusScore	TreeScore	IsotopeScore	numExplainedPeaks	explainedIntensity	medianMassErrorFragmentPeaks(ppm)	medianAbsoluteMassErrorFragmentPeaks(ppm)	massErrorPrecursor(ppm)	lipidClass
1	C18H38O10	[M + Na]+	C18H38O10	0.9527638190954774	25.203898039722414	19.33568156691792	5.868216472804493	8	0.15334900117508818	3.2632321981956687	3.2632321981956687	1.65413630162758	
2	C16H36N3O9	[M + Na]+	C16H36N3O9	0.04522613065326633	21.92030377237903	16.792067819893063	5.128235952485964	16	0.32354093223658453	2.9048250508388476	4.769558953768022	4.724978237439144	
3	C21H36NO7	[M + Na]+	C21H36NO7	0.0015075376884422112	17.086131136252423	12.907005567399672	4.179125568852751	9	0.18331374853113988	2.634307470993987	4.112629387655491	-4.475444278675115	
4	C18H40NO8	[M + K]+	C18H40NO8	5.025125628140704E-4	17.55658005909969	17.55658005909969	0.0	9	0.18331374853113988	2.634307470993987	4.374576107047145	-4.82342076368366	
5	C28H34N2	[M + K]+	C28H34N2	0.0	0.7466866402286666	0.7466866402286666	0.0	1	0.0	2.842424237797219	2.842424237797219	2.47961187016424	
6	C25H36NO3	[M + K]+	C25H36NO3	0.0	0.37424521835076696	0.37424521835076696	0.0	6	0.08871915393654528	3.2632321981956687	5.197102074456447	8.609192450466935	
7	C28H32NO2	[M + Na]+	C28H32NO2	0.0	-4.6511778430003945	-4.6511778430003945	0.0	1	0.0	9.319978952964815	9.319978952964815	8.95716893547548	
