rank	formulaRank	ConfidenceScore	CSI:FingerIDScore	molecularFormula	adduct	InChIkey2D	InChI	name	smiles	xlogp	pubchemids	links	dbflags
1	1	0.06416968764883078	-257.0866002063759	C20H26O4	[M - H2O + H]+	MXCOJKLBLFWFNI	InChI=1S/C20H26O4/c1-11-8-20-9-12(11)4-5-13(20)19-7-3-6-18(2,17(23)24-10-19)15(19)14(20)16(21)22/h12-15H,1,3-10H2,2H3,(H,21,22)	GA15 (closed lactone form)	CC12CCCC3(C1C(C45C3CCC(C4)C(=C)C5)C(=O)O)COC2=O	3.29999995	5282356;6321201;25202578;101603105	COCONUT:(CNP0317957);KNApSAcK:(15);Natural Products:(UNPD82039);PubChem:(5282356 6321201 25202578 101603105);PNC:(LTS0046848);CHEBI:(133339);KEGG:(C14162);Plantcyc:(CPD-6971);Biocyc:(CPD-6971)	68721740082
2	1	N/A	-271.18975156172735	C20H26O4	[M - H2O + H]+	MXPXAZNVQUWDFH	InChI=1S/C20H26O4/c1-18(2,24)12-6-7-14-13(10-12)15(21)11-16-19(14,3)8-5-9-20(16,4)17(22)23/h6-7,10,16,24H,5,8-9,11H2,1-4H3,(H,22,23)	(1R,4aS,10aR)-7-(2-hydroxypropan-2-yl)-1,4a-dimethyl-9-oxo-3,4,10,10a-tetrahydro-2H-phenanthrene-1-carboxylic acid	CC12CCCC(C1CC(=O)C3=C2C=CC(=C3)C(C)(C)O)(C)C(=O)O	3.0999999	14017925;11724193;73351956;72550682;129316597	COCONUT:(CNP0036318 CNP0141921);KNApSAcK:(34400);Natural Products:(UNPD219050 UNPD221587 UNPD149186);PubChem:(14017925 11724193 73351956 72550682 129316597);PNC:(LTS0254324);SuperNatural:(SN00036551 SN00321035);ZINC bio:(ZINC13302718);Training Set;PubMed	68722679890
3	1	N/A	-315.7418884762798	C20H26O4	[M - H2O + H]+	PKAIECBWQZFYRP	InChI=1S/C20H26O4/c1-19(2)14-9-10-20(19,3)17(12-14)24-18(22)8-6-13-5-7-15(21)16(11-13)23-4/h5-8,11,14,17,21H,9-10,12H2,1-4H3	(4,7,7-trimethyl-3-bicyclo[2.2.1]heptanyl) (E)-3-(4-hydroxy-3-methoxyphenyl)prop-2-enoate	CC1(C2CCC1(C(C2)OC(=O)C=CC3=CC(=C(C=C3)O)OC)C)C	4.80000019	5315483;11724190;25721351;51520862;54193318;98050462;98050463;98642978;99720812;102066422	COCONUT:(CNP0265183);Natural Products:(UNPD226753 UNPD139811 UNPD4607 UNPD178752);PubChem:(5315483 11724190 25721351 51520862 54193318 98050462 98050463 98642978 99720812 102066422);PNC:(LTS0002654);SuperNatural:(SN00019784 SN00335498 SN00036532 SN00020072 SN00266568);ZINC bio:(ZINC13130936 ZINC13130937 ZINC13378713);additional;MeSH:(5315483);Training Set;PubMed	68723204166