rank	molecularFormula	adduct	precursorFormula	ZodiacScore	SiriusScore	TreeScore	IsotopeScore	numExplainedPeaks	explainedIntensity	medianMassErrorFragmentPeaks(ppm)	medianAbsoluteMassErrorFragmentPeaks(ppm)	massErrorPrecursor(ppm)	lipidClass
1	C9H4	[M + H]+	C9H4	0.8673366834170855	3.3382446477490406	3.3382446477490406	0.0	1	0.0	-3.331440968905378	3.331440968905378	-3.5717824863793344	
2	C4H10O	[M + K]+	C4H10O	0.1306532663316583	1.4444409180935036	1.4444409180935036	0.0	1	0.0	16.6046514317	16.6046514317	16.364314705680783	
3	C4H10S	[M + Na]+	C4H10S	0.0020100502512562816	-2.298166608408353	-2.298166608408353	0.0	1	0.0	-11.872270529192514	11.872270529192514	-12.11261409937557	
