rank	molecularFormula	adduct	precursorFormula	ZodiacScore	SiriusScore	TreeScore	IsotopeScore	numExplainedPeaks	explainedIntensity	medianMassErrorFragmentPeaks(ppm)	medianAbsoluteMassErrorFragmentPeaks(ppm)	massErrorPrecursor(ppm)	lipidClass
1	C15H18NO4	[M + Na]+	C15H18NO4	0.9030150753768845	58.611690670251484	56.17932583688176	2.4323648333697285	24	0.7045774647887325	0.22168013361931385	5.421834942502496	-7.399290661366399	
2	C12H20O7	[M + Na]+	C12H20O7	0.061809045226130656	56.24716501532524	53.14496865077983	3.102196364545408	18	0.5538732394366199	5.785298187044471	5.785298187044471	1.5608601479479334	
3	C13H24O2S2	[M + Na]+	C13H24O2S2	0.035175879396984924	55.21476738006227	55.21476738006227	0.0	24	0.7084507042253524	2.6217496299645022	5.990856674665501	-1.344513407743779	
4	C11H22N3OS2	[M + Na]+	C11H22N3OS2	0.0	42.78577634829455	42.78577634829455	0.0	25	0.7271126760563382	-0.34918838691820303	5.603566564773484	3.1444082233475936	
5	C10H18N3O6	[M + Na]+	C10H18N3O6	0.0	34.71723199244818	33.13626242171656	1.580969570731616	19	0.5278169014084508	4.0805844681805885	6.9920560416732105	6.049781779039306	
