rank	formulaRank	ConfidenceScore	CSI:FingerIDScore	molecularFormula	adduct	InChIkey2D	InChI	name	smiles	xlogp	pubchemids	links	dbflags
1	1	0.04803875443275139	-321.1938586291312	C24H34O5	[M + Na]+	POEUPUDPIRTZJS	InChI=1S/C24H34O5/c1-22(2,28)17-7-8-18-16(14-17)6-9-19-23(3,12-5-13-24(18,19)4)15-29-21(27)11-10-20(25)26/h7-8,14,19,28H,5-6,9-13,15H2,1-4H3,(H,25,26)	null	CC1(CCCC2(C1CCC3=C2C=CC(=C3)C(C)(C)O)C)COC(=O)CCC(=O)O	4.19999981	46230076;75179786	COCONUT:(CNP0324935);Natural Products:(UNPD87440);PubChem:(46230076 75179786);PNC:(LTS0093743);SuperNatural:(SN00357297);PubMed	68722655298
2	1	N/A	-335.3991303790584	C24H34O5	[M + Na]+	JRSIPWOSJIRGLU	InChI=1S/C24H34O5/c1-15(2)16-6-7-18-17(12-16)19(25)13-20-23(3,10-5-11-24(18,20)4)14-29-22(28)9-8-21(26)27/h6-7,12,15,19-20,25H,5,8-11,13-14H2,1-4H3,(H,26,27)	null	CC(C)C1=CC2=C(C=C1)C3(CCCC(C3CC2O)(C)COC(=O)CCC(=O)O)C	4.4000001	46230022	COCONUT:(CNP0234344);Natural Products:(UNPD74238);PubChem:(46230022);PNC:(LTS0192793);SuperNatural:(SN00259380);PubMed	68722655298