rank	molecularFormula	adduct	precursorFormula	ZodiacScore	SiriusScore	TreeScore	IsotopeScore	numExplainedPeaks	explainedIntensity	medianMassErrorFragmentPeaks(ppm)	medianAbsoluteMassErrorFragmentPeaks(ppm)	massErrorPrecursor(ppm)	lipidClass
1	C18H28O3	[M - H2O + H]+	C18H26O2	0.9999999999999999	101.15296250229872	101.15296250229872	0.0	20	0.49504424778761064	1.3105762875841647	5.561033796344315	-65443.46258702043	
2	C13H30N3O2S	[M - H2O + H]+	C13H28N3OS	0.0	99.81502173802662	99.81502173802662	0.0	24	0.6221238938053097	-4.7065644400687	5.797492043740169	-65450.833359282	
3	C16H26N3O2	[M - H2O + H]+	C16H24N3O	0.0	77.36296858539633	77.36296858539633	0.0	20	0.49504424778761064	1.6158657487183263	5.717208258968217	-65438.583666043036	
