rank	molecularFormula	adduct	precursorFormula	ZodiacScore	SiriusScore	TreeScore	IsotopeScore	numExplainedPeaks	explainedIntensity	medianMassErrorFragmentPeaks(ppm)	medianAbsoluteMassErrorFragmentPeaks(ppm)	massErrorPrecursor(ppm)	lipidClass
1	C16H35NO3	[M - H2O + H]+	C16H33NO2	0.9999999999999999	60.79667585509047	60.05562524024763	0.7410506148428389	12	0.5158730158730159	1.9390867527771138	6.423183603427846	-66150.70997115894	
1	C16H33NO2	[M + H]+	C16H33NO2	0.9999999999999999	60.79667585509047	60.05562524024763	0.7410506148428389	11	0.5158730158730159	1.9390867527771138	6.423183603427846	1.6462253863121916	
