rank	molecularFormula	adduct	precursorFormula	ZodiacScore	SiriusScore	TreeScore	IsotopeScore	numExplainedPeaks	explainedIntensity	medianMassErrorFragmentPeaks(ppm)	medianAbsoluteMassErrorFragmentPeaks(ppm)	massErrorPrecursor(ppm)	lipidClass
1	C18H30O4	[M - H4O2 + H]+	C18H26O2	0.9999999999999999	94.86231275865005	94.86231275865005	0.0	23	0.7190318701142512	3.003277120542176	7.128438520219466	-130888.60558913887	
2	C16H28N3O3	[M - H4O2 + H]+	C16H24N3O	0.0	75.02239556690273	75.02239556690273	0.0	23	0.7190318701142514	3.609432858221715	7.128438520219466	-130883.72666808244	
3	C13H32N3O3S	[M - H4O2 + H]+	C13H28N3OS	0.0	70.93409993170877	70.93409993170877	0.0	25	0.7121166566446181	-1.23060720485268	7.24257893461804	-130895.97636151973	
