rank	formulaRank	ConfidenceScore	CSI:FingerIDScore	molecularFormula	adduct	InChIkey2D	InChI	name	smiles	xlogp	pubchemids	links	dbflags
1	1	0.0848588534620205	-244.57247166723752	C19H24O3	[M + H]+	VUSNLFYUMKLEAV	InChI=1S/C19H24O3/c1-12(20)13-5-7-15-14(11-13)6-8-16-18(15,2)9-4-10-19(16,3)17(21)22/h5,7,11,16H,4,6,8-10H2,1-3H3,(H,21,22)	null	CC(=O)C1=CC2=C(C=C1)C3(CCCC(C3CC2)(C)C(=O)O)C	4.0999999	10709361;73330747;85240644;102004644;129317233;133561919	COCONUT:(CNP0351001);KNApSAcK:(40773);Natural Products:(UNPD77105 UNPD187453);PubChem:(10709361 73330747 85240644 102004644 129317233 133561919);PNC:(LTS0232556);SuperNatural:(SN00255520 SN00362405)	68722655250
2	1	N/A	-386.16481107105545	C19H24O3	[M + H]+	QDCGSCBAIQIGDY	InChI=1S/C19H24O3/c1-18(2)14-10-11-19(18,3)16(12-14)22-17(21)9-6-13-4-7-15(20)8-5-13/h4-9,14,16,20H,10-12H2,1-3H3	Biondinin C	CC1(C2CCC1(C(C2)OC(=O)C=CC3=CC=C(C=C3)O)C)C	4.80000019	180514;6442489;10040464;9994983;23305286;54221792;71448949;71448950;102066049;129317111;129818137	COCONUT:(CNP0172068);Natural Products:(UNPD131768 UNPD188128 UNPD68220 UNPD79511 UNPD228345);PubChem:(180514 6442489 10040464 9994983 23305286 54221792 71448949 71448950 102066049 129317111 129818137);PNC:(LTS0105708);SuperNatural:(SN00309778 SN00335918 SN00239745 SN00277650);MeSH:(6442489);KEGG:(C17850 C17851);PubMed	68722655558