rank	molecularFormula	adduct	precursorFormula	ZodiacScore	SiriusScore	TreeScore	IsotopeScore	numExplainedPeaks	explainedIntensity	medianMassErrorFragmentPeaks(ppm)	medianAbsoluteMassErrorFragmentPeaks(ppm)	massErrorPrecursor(ppm)	lipidClass
1	C16H34O9	[M + Na]+	C16H34O9	0.9994974874371859	46.337672664469494	41.39349254002047	4.944180124449028	13	0.29005524861878446	2.280285337020227	4.182518790080737	2.095620971698881	
2	C14H32N3O8	[M + Na]+	C14H32N3O8	5.025125628140704E-4	39.6116082961297	35.04345863135694	4.568149664772762	18	0.36145346366340825	3.0018791673659937	3.413129657772544	5.510292221376853	
3	C19H32NO6	[M + Na]+	C19H32NO6	0.0	30.954923881328124	29.188817535209765	1.7661063461183606	15	0.32065448363790894	-4.711499045021232	6.5659830659409515	-4.720263081628804	
