rank	molecularFormula	adduct	precursorFormula	ZodiacScore	SiriusScore	TreeScore	IsotopeScore	numExplainedPeaks	explainedIntensity	medianMassErrorFragmentPeaks(ppm)	medianAbsoluteMassErrorFragmentPeaks(ppm)	massErrorPrecursor(ppm)	lipidClass
1	C22H48N3O8	[M + Na]+	C22H48N3O8	0.9452261306532664	19.80030453642643	14.935185998978815	4.865118537447616	18	0.3371212121212121	2.4019724382086096	7.197516612480588	3.4654032351863795	
2	C24H50O9	[M + Na]+	C24H50O9	0.040201005025125636	16.854219369264385	11.471965394328569	5.382253974935816	10	0.18371212121212124	8.319991524012897	8.346478227797956	0.8083862042277125	
3	C27H48NO6	[M + Na]+	C27H48NO6	0.01457286432160804	15.888848101765776	14.0000094058373	1.888838695928475	15	0.2918560606060606	0.5836299032121607	7.937083795170763	-4.495175599329759	
4	C34H44NO	[M + Na]+	C34H44NO	0.0	7.968177117547508	7.968177117547508	0.0	9	0.16704545454545458	7.937083795170763	7.990057202740882	7.127266332935514	
