rank	molecularFormula	adduct	precursorFormula	ZodiacScore	SiriusScore	TreeScore	IsotopeScore	numExplainedPeaks	explainedIntensity	medianMassErrorFragmentPeaks(ppm)	medianAbsoluteMassErrorFragmentPeaks(ppm)	massErrorPrecursor(ppm)	lipidClass
1	C23H46N3O4	[M - H2O + H]+	C23H44N3O3	0.9668341708542714	29.57725560887857	29.57725560887857	0.0	17	0.8298767405662361	6.88386579562869	6.961907900913233	-43785.529373949335	
1	C23H44N3O3	[M + H]+	C23H44N3O3	0.9668341708542714	29.57725560887857	29.57725560887857	0.0	16	0.8298767405662361	6.88386579562869	6.961907900913233	-0.9728600361732241	
2	C21H46N3O3	[M + Na]+	C21H46N3O3	0.021105527638190957	25.861065159317658	25.861065159317658	0.0	20	0.8464936266879811	3.889040009571895	4.407853903331977	4.875484201743228	
3	C23H50NO2	[M + K]+	C23H50NO2	0.011055276381909548	25.088547634132226	25.088547634132226	0.0	15	0.829498127971057	1.8616592596420523	5.897505321376154	-5.273919688434018	
4	C23H48O4	[M + Na]+	C23H48O4	5.025125628140704E-4	22.15075502938715	22.15075502938715	0.0	12	0.8219679441336082	1.9073350878131685	4.968806925510341	1.6113542585605034	
5	C25H48O5	[M - H2O + H]+	C25H46O4	5.025125628140704E-4	21.845360446613164	21.845360446613164	0.0	12	0.8175087291237221	3.2375506963226393	5.926336360569516	-43788.79350389238	
5	C25H46O4	[M + H]+	C25H46O4	5.025125628140704E-4	21.845360446613164	21.845360446613164	0.0	11	0.8175087291237221	3.2375506963226393	5.926336360569516	-4.236989979355949	
6	C26H46NO	[M + Na]+	C26H46NO	0.0	12.526598839149376	12.526598839149376	0.0	14	0.5285431828698833	2.0478051469984977	6.797689605152655	-4.904040519005508	
