rank	molecularFormula	adduct	precursorFormula	ZodiacScore	SiriusScore	TreeScore	IsotopeScore	numExplainedPeaks	explainedIntensity	medianMassErrorFragmentPeaks(ppm)	medianAbsoluteMassErrorFragmentPeaks(ppm)	massErrorPrecursor(ppm)	lipidClass
1	C20H44N3O5	[M + H]+	C20H44N3O5	0.9457286432160804	91.92859540435508	91.92859540435508	0.0	36	0.7414116177389132	-0.5247986595395873	6.185304807849399	2.9819090588751487	
2	C22H46O6	[M + H]+	C22H46O6	0.04623115577889447	87.03532186222138	87.03532186222138	0.0	26	0.5833853841349155	-0.5247986595395873	5.64300101239083	-0.3143428391349214	
3	C21H48N3S2	[M + H]+	C21H48N3S2	0.008040201005025126	87.42883234155924	87.42883234155924	0.0	27	0.6004580470539245	-0.41865166694012934	4.785791189195324	0.8484694748455438	
4	C26H46OS	[M + H]+	C26H46OS	0.0	80.50712263587538	80.50712263587538	0.0	24	0.5481990422652507	1.2106584338690172	5.352962797880582	5.828243111105282	
5	C24H44N3S	[M + H]+	C24H44N3S	0.0	76.69294060833658	76.69294060833658	0.0	24	0.5481990422652507	1.2106584338690172	5.352962797880582	9.124495008975803	
6	C25H44NO3	[M + H]+	C25H44NO3	0.0	71.02451820812205	71.02451820812205	0.0	26	0.5956693733083488	-0.5247986595395873	5.666015335841084	-6.8938549221912995	
