rank	molecularFormula	adduct	precursorFormula	ZodiacScore	SiriusScore	TreeScore	IsotopeScore	numExplainedPeaks	explainedIntensity	medianMassErrorFragmentPeaks(ppm)	medianAbsoluteMassErrorFragmentPeaks(ppm)	massErrorPrecursor(ppm)	lipidClass
1	C19H28O	[M + H]+	C19H28O	0.9999999999999999	49.641895701850274	49.641895701850274	0.0	19	0.7119824388766935	0.2789035619113188	4.964307325172862	1.4900211521837672	
1	C19H30O2	[M - H2O + H]+	C19H28O	0.9999999999999999	49.641895701850274	49.641895701850274	0.0	20	0.7119824388766935	0.2789035619113188	4.964307325172862	-65917.74240082588	
2	C17H26N3	[M + H]+	C17H26N3	0.0	37.133332360194466	37.133332360194466	0.0	18	0.7071379910680493	0.377347470122146	4.948221414251112	6.404286763226733	
2	C17H28N3O	[M - H2O + H]+	C17H26N3	0.0	37.133332360194466	37.133332360194466	0.0	19	0.7071379910680493	0.377347470122146	4.948221414251112	-65912.82813521464	
3	C14H30N3S	[M + H]+	C14H30N3S	0.0	34.744870601751416	34.744870601751416	0.0	18	0.705699795624858	0.377347470122146	4.948221414251112	-5.934147597558699	
3	C14H32N3OS	[M - H2O + H]+	C14H30N3S	0.0	34.744870601751416	34.744870601751416	0.0	19	0.705699795624858	0.377347470122146	4.948221414251112	-65925.16656957542	
