rank	molecularFormula	adduct	precursorFormula	ZodiacScore	SiriusScore	TreeScore	IsotopeScore	numExplainedPeaks	explainedIntensity	medianMassErrorFragmentPeaks(ppm)	medianAbsoluteMassErrorFragmentPeaks(ppm)	massErrorPrecursor(ppm)	lipidClass
1	C34H70O10	[M + Na]+	C34H70O10	0.9994974874371858	115.94555328252073	109.86821902774719	6.077334254773543	33	0.68367210185392	1.1236423903044797	4.029225091355412	0.9238415434071465	
2	C37H68NO7	[M + Na]+	C37H68NO7	5.025125628140704E-4	108.69083749596115	104.90589975719762	3.784937738763537	33	0.68367210185392	1.1236423903044797	4.029225091355412	-3.127752959364442	
3	C32H68N3O9	[M + Na]+	C32H68N3O9	0.0	107.84405093643673	101.85412946792049	5.9899214685162425	33	0.68367210185392	1.1288949761744071	4.029225091355412	2.9536388751832803	
