rank	formulaRank	ConfidenceScore	CSI:FingerIDScore	molecularFormula	adduct	InChIkey2D	InChI	name	smiles	xlogp	pubchemids	links	dbflags
1	2	0.026975089918391003	-206.06216257800892	C21H34O4	[M + H]+	WTDIRAZPDUAJEB	InChI=1S/C21H34O4/c1-14(13-18(22)23)7-9-16-15(2)8-10-17-20(16,3)11-6-12-21(17,4)19(24)25-5/h14,16-17H,2,6-13H2,1,3-5H3,(H,22,23)	5-(5-methoxycarbonyl-5,8a-dimethyl-2-methylidene-3,4,4a,6,7,8-hexahydro-1H-naphthalen-1-yl)-3-methylpentanoic acid	CC(CCC1C(=C)CCC2C1(CCCC2(C)C(=O)OC)C)CC(=O)O	5.0	13250758;13250761;38349338;51693028;51693030;51693032;98598084;124823401;124823402	COCONUT:(CNP0090675 CNP0135192);Natural Products:(UNPD19753);PubChem:(13250758 13250761 38349338 51693028 51693030 51693032 98598084 124823401 124823402);PNC:(LTS0040755);SuperNatural:(SN00032844 SN00037559 SN00037558 SN00037557 SN00032841 SN00032842 SN00037560 SN00032843 SN00327765);ZINC bio:(ZINC31157586 ZINC31157591 ZINC31157595 ZINC31157600 ZINC35455587 ZINC35455592 ZINC35455596 ZINC35455603);additional;Training Set	68723204098